Timestamp;Average Pressure;Direction;Dosing Amount/Trip;Manual dosing;Master Pressure;RPM
2026-05-11 15:01:51;0;10;;;;0
2026-05-11 15:03:16;0;10;;;;0
2026-05-11 15:04:21;0;10;;;;0
2026-05-11 15:05:36;0;10;;;;0
2026-05-11 15:06:46;0;10;;;;0
2026-05-11 15:07:52;0;10;;;;0
2026-05-11 15:09:01;0;10;;;;0
2026-05-11 15:10:07;0;10;;;;0
2026-05-11 15:11:17;0;10;;;;0
2026-05-11 15:12:22;0;10;;;;0
2026-05-11 15:13:32;0;10;;;;0
2026-05-11 15:14:37;0;10;;;;0
2026-05-11 15:16:53;0;10;;;;0
2026-05-11 15:18:02;0;10;;;;0
2026-05-11 15:19:17;0;10;;;;0
2026-05-11 15:20:23;0;10;;;;0
2026-05-11 15:21:32;0;10;;;;0
2026-05-11 15:22:37;0;10;;;;0
2026-05-11 15:23:48;0;10;;;;0
2026-05-11 15:25:03;0;10;;;;0
2026-05-11 15:26:08;0;10;;;;0
2026-05-11 15:27:19;0;10;;;;0
2026-05-11 15:28:26;0;10;;;;0
2026-05-11 15:29:33;0;10;;;;0
2026-05-11 15:30:39;0;10;;;;0
2026-05-11 15:31:48;0;10;;;;0
2026-05-11 15:32:55;0;10;;;;0
2026-05-11 15:34:04;0;10;;;;0
2026-05-11 15:35:09;0;10;;;;0
2026-05-11 15:36:19;0;10;;;;0
2026-05-11 15:37:25;32.6;-10;;;;3
2026-05-11 15:38:36;28.33;10;;;;6
2026-05-11 15:39:51;25.08;-10;;;;10
2026-05-11 15:40:57;0;-10;;;;8
2026-05-11 15:42:07;0;-10;;;;0
2026-05-11 15:43:13;0;-10;;;;0
2026-05-11 15:44:22;0;-10;;;;0
2026-05-11 15:45:28;0;-10;;;;0
2026-05-11 15:46:37;0;-10;;;;0
2026-05-11 15:47:43;0;-10;;;;0
2026-05-11 15:49:01;0;-10;;;;0
2026-05-11 15:50:10;0;-10;;;;0
2026-05-11 15:51:16;12.53;-10;;;;0
2026-05-11 15:52:26;0;-10;;;;0
2026-05-11 15:53:31;0;-10;;;;0
2026-05-11 15:54:47;0;-10;;;;0
2026-05-11 15:55:57;0;-10;;;;0
2026-05-11 15:57:02;7.77;-10;;;;0
2026-05-11 15:58:18;0;-10;;;;0
2026-05-11 15:59:28;0.29;-10;;;;0
2026-05-11 16:00:34;0;-10;;;;0
2026-05-11 16:01:43;0;-10;;;;0
2026-05-11 16:02:49;0;-10;;;;0
2026-05-11 16:03:58;0;-10;;;;0
2026-05-11 16:05:04;0;-10;;;;0
2026-05-11 16:06:13;0;-10;;;;0
2026-05-11 16:07:19;0;-10;;;;0
2026-05-11 16:08:28;0;-10;;;;0
2026-05-11 16:09:34;0;-10;;;;0
2026-05-11 16:10:43;0;-10;;;;0
2026-05-11 16:11:49;0;-10;;;;0
2026-05-11 16:12:59;0;-10;;;;0
2026-05-11 16:14:04;0;-10;;;;0
2026-05-11 16:15:13;0;-10;;;;0
2026-05-11 16:16:19;0;-10;;;;0
2026-05-11 16:17:29;0;-10;;;;0
2026-05-11 16:18:34;0;-10;;;;0
2026-05-11 16:19:44;0;-10;;;;0
2026-05-11 16:20:49;0;-10;;;;0
2026-05-11 16:21:58;0;-10;;;;0
2026-05-11 17:24:52;0;-10;;;;0
2026-05-11 17:25:58;0;-10;;;;0
2026-05-11 17:27:08;0;-10;;;;0
2026-05-11 17:28:19;0;-10;;;;0
2026-05-11 17:29:24;0;-10;;;;0
2026-05-11 17:30:34;0;-10;;;;0
2026-05-11 17:31:40;0;-10;;;;0
2026-05-11 17:32:54;0;-10;;;;0
2026-05-11 17:33:59;0;-10;;;;0
2026-05-11 17:35:10;0;-10;;;;0
2026-05-11 17:36:20;0;-10;;;;0
2026-05-11 17:37:25;0;-10;;;;0
2026-05-11 17:38:35;0;-10;;;;0
2026-05-11 17:39:40;13.48;10;;;;0
2026-05-11 17:40:51;20.85;10;;;;1
2026-05-11 17:41:56;18.62;10;;;;2
2026-05-11 17:43:12;18.12;10;;;;1
2026-05-11 17:44:18;18.24;10;;;;0
2026-05-11 17:45:28;18.25;10;;;;1
2026-05-11 17:46:35;18.08;10;;;;1
2026-05-11 17:47:45;18.01;10;;;;1
2026-05-11 17:48:52;18.03;10;;;;1
2026-05-11 17:50:03;18.34;10;;;;1
2026-05-11 17:51:08;19.58;10;;;;1
2026-05-11 17:52:19;32.25;10;;;;0
2026-05-11 17:53:25;17.93;10;;;;0
2026-05-11 17:54:35;17.79;10;;;;1
2026-05-11 17:55:42;17.69;10;;;;0
2026-05-11 17:56:52;17.62;10;;;;0
2026-05-11 17:57:58;17.48;10;;;;1
2026-05-11 17:59:15;17.44;10;;;;0
2026-05-11 18:00:22;17.43;10;;;;0
2026-05-11 18:01:28;17.37;10;;;;0
2026-05-11 18:02:37;17.71;10;;;;1
2026-05-11 18:03:43;18.5;10;;;;0
2026-05-11 18:04:54;17.59;10;;;;1
2026-05-11 18:06:00;17.08;10;;;;0
2026-05-11 18:07:10;17.13;10;;;;0
2026-05-11 18:08:16;17.35;10;;;;0
2026-05-11 18:09:27;17.26;10;;;;1
2026-05-11 18:10:33;17.69;10;;;;0
2026-05-11 18:11:42;18.26;10;;;;0
2026-05-11 18:12:48;17.73;10;;;;1
2026-05-11 18:13:54;17.49;10;;;;0
2026-05-11 18:15:04;16.9;10;;;;0
2026-05-11 18:16:10;16.85;10;;;;1
2026-05-11 18:17:21;16.85;10;;;;0
2026-05-11 18:18:32;16.84;10;;;;0
2026-05-11 18:19:37;16.88;10;;;;0
2026-05-11 18:20:23;;;;;16.89;
2026-05-11 18:20:43;16.95;10;;;;0
2026-05-11 18:21:54;16.87;10;;;;1
2026-05-11 18:23:05;16.78;10;;;;0
2026-05-11 18:24:11;16.59;10;;;;0
2026-05-11 18:25:16;16.64;10;;;;1
2026-05-11 18:26:27;16.66;10;;;;0
2026-05-11 18:27:33;16.68;10;;;;0
2026-05-11 18:28:43;16.74;10;;;;0
2026-05-11 18:29:55;16.68;10;;;;0
2026-05-11 18:31:01;16.73;10;;;;0
2026-05-11 18:32:11;17.12;10;;;;1
2026-05-11 18:33:18;16.81;10;;;;0
2026-05-11 18:34:28;16.7;10;;;;1
2026-05-11 18:35:33;24.52;-10;;;;7
2026-05-11 18:36:44;92.71;-10;;;;6
2026-05-11 18:37:50;69.44;10;;;;2
2026-05-11 18:39:01;76.91;-10;;;;3
2026-05-11 18:40:07;61.5;10;;;;4
2026-05-11 18:41:18;16.51;10;;;;1
2026-05-11 18:42:23;16.47;10;;;;2
2026-05-11 18:43:34;16.32;10;;;;1
2026-05-11 18:44:40;16.4;10;;;;1
2026-05-11 18:45:51;16.41;10;;;;2
2026-05-11 18:46:56;16.32;10;;;;2
2026-05-11 18:48:07;71.15;-10;;;;3
2026-05-11 18:49:13;77.94;10;;;;3
2026-05-11 18:50:24;20.78;10;;;;7
2026-05-11 18:51:29;18.71;10;;;;4
2026-05-11 18:52:41;19.82;10;;;;2
2026-05-11 18:53:47;20.21;10;;;;2
2026-05-11 18:54:56;20.17;10;;;;2
2026-05-11 18:56:02;20.2;10;;;;2
2026-05-11 18:57:13;45.67;10;;;;2
2026-05-11 18:58:19;20.01;10;;;;2
2026-05-11 18:59:29;39.96;10;;;;3
2026-05-11 19:00:35;19.63;10;;;;2
2026-05-11 19:01:41;18.28;10;;;;1
2026-05-11 19:02:52;19.56;10;;;;2
2026-05-11 19:04:03;18.83;10;;;;1
2026-05-11 19:05:08;18.55;10;;;;2
2026-05-11 19:06:19;19.34;10;;;;1
2026-05-11 19:07:25;19.12;10;;;;2
2026-05-11 19:08:35;19.18;10;;;;1
2026-05-11 19:09:46;19.39;10;;;;1
2026-05-11 19:10:57;19.21;10;;;;2
2026-05-11 19:12:03;18.74;10;;;;1
2026-05-11 19:13:14;18.85;10;;;;1
2026-05-11 19:14:19;19.15;10;;;;1
2026-05-11 19:15:41;19.28;10;;;;2
2026-05-11 19:16:46;19.6;10;;;;1
2026-05-11 19:17:57;18.96;10;;;;1
2026-05-11 19:19:03;59.18;-10;;;;1
2026-05-11 19:20:14;39.48;-10;;;;7
2026-05-11 19:21:20;21.61;10;;;;3
2026-05-11 19:22:32;22.05;10;;;;3
2026-05-11 19:23:37;19.71;10;;;;4
2026-05-11 19:24:54;0;10;;;;0
2026-05-11 19:26:00;10.53;10;;;;0
2026-05-11 19:27:10;10.22;10;;;;0
2026-05-11 19:28:16;11.98;10;;;;0
2026-05-11 19:29:22;0;10;;;;0
2026-05-11 19:30:28;0;10;;;;0
2026-05-11 19:31:38;0;10;;;;0
2026-05-11 19:32:43;0;10;;;;0
2026-05-11 19:33:32;;;0;0;;
2026-05-11 19:33:53;0;10;;;;0
2026-05-11 19:34:58;0;10;;;;0
2026-05-11 19:36:09;0;10;;;;0
2026-05-11 19:37:16;0;10;;;;0
2026-05-11 19:38:24;0;10;;;;0
2026-05-11 19:39:29;9.29;10;;;;0
2026-05-11 19:40:39;2.61;10;;;;0
2026-05-11 19:41:44;0;10;;;;0
2026-05-11 19:42:54;2.6;10;;;;0
2026-05-11 19:44:00;0;10;;;;0
2026-05-11 19:45:09;0;10;;;;0
2026-05-11 19:46:15;0;10;;;;0
2026-05-11 19:47:24;0;10;;;;0
2026-05-11 19:48:30;0;10;;;;0
2026-05-11 19:49:39;0;10;;;;0
2026-05-11 19:50:45;0;10;;;;0
2026-05-11 19:51:55;0;10;;;;0
2026-05-11 19:53:00;0;10;;;;0
2026-05-11 19:54:10;0;10;;;;0
2026-05-11 19:55:15;0;10;;;;0
2026-05-11 19:56:26;0;10;;;;0
2026-05-11 19:57:31;0;10;;;;0
2026-05-11 19:58:40;0;10;;;;0
2026-05-11 19:59:46;1.83;10;;;;0
2026-05-11 20:00:55;0;10;;;;0
2026-05-11 20:02:01;0;10;;;;0
2026-05-11 20:03:11;0;10;;;;0
2026-05-11 20:04:16;0;10;;;;0
2026-05-11 20:05:25;0.08;10;;;;0
2026-05-11 20:06:43;0;10;;;;0
2026-05-11 20:07:48;0;10;;;;0
2026-05-11 20:08:56;0;10;;;;0
2026-05-11 20:10:01;0;10;;;;0
2026-05-11 20:11:11;0;10;;;;0
2026-05-11 20:12:16;0;10;;;;0
2026-05-11 20:13:26;0;10;;;;0
2026-05-11 20:14:32;0;10;;;;0
2026-05-11 20:15:41;0;10;;;;0
2026-05-11 20:16:47;0;10;;;;0
2026-05-11 20:17:57;0;10;;;;0
2026-05-11 20:19:02;0;10;;;;0
2026-05-11 20:20:12;0;10;;;;0
2026-05-11 20:21:17;0;10;;;;0
2026-05-11 20:22:28;0;10;;;;0
2026-05-11 20:23:33;0;10;;;;0
2026-05-11 20:24:43;0;10;;;;0
2026-05-11 20:25:48;0;10;;;;0
2026-05-11 20:26:58;0;10;;;;0
2026-05-11 20:28:03;0;10;;;;0
2026-05-11 20:29:13;0;10;;;;0
2026-05-11 20:30:19;0;10;;;;0
2026-05-11 20:31:28;0;10;;;;0
2026-05-11 20:32:33;0;10;;;;0
2026-05-11 20:33:43;0;10;;;;0
2026-05-11 20:34:48;0;10;;;;0
2026-05-11 20:35:58;0;10;;;;0
2026-05-11 20:37:04;0;10;;;;0
2026-05-11 20:38:13;0;10;;;;0
2026-05-11 20:39:19;0;10;;;;0
2026-05-11 20:40:29;0;10;;;;0
2026-05-11 20:41:35;0;10;;;;0
2026-05-11 20:42:44;0;10;;;;0
2026-05-11 20:43:50;0;10;;;;0
2026-05-11 20:45:00;0;10;;;;0
2026-05-11 20:46:05;0;10;;;;0
2026-05-11 20:47:21;0;10;;;;0
2026-05-11 20:48:31;0;10;;;;0
2026-05-11 20:49:36;0;10;;;;0
2026-05-11 20:50:46;0;10;;;;0
2026-05-11 20:51:51;0;10;;;;0
2026-05-11 20:53:06;0;10;;;;0
2026-05-11 20:54:16;0;10;;;;0
2026-05-11 20:55:22;0;10;;;;0
2026-05-11 20:56:31;0;10;;;;0
2026-05-11 20:57:37;0;10;;;;0
2026-05-11 20:58:46;0;10;;;;0
2026-05-11 20:59:52;0;10;;;;0
2026-05-11 21:01:06;0;10;;;;0
2026-05-11 21:02:16;0;10;;;;0
2026-05-11 21:03:22;0;10;;;;0
2026-05-11 21:04:32;0;10;;;;0
2026-05-11 21:05:38;0;10;;;;0
2026-05-11 21:06:47;0;10;;;;0
2026-05-11 21:07:52;0;10;;;;0
2026-05-11 21:09:02;0;10;;;;0
2026-05-11 21:10:08;0;10;;;;0
2026-05-11 21:11:18;0;10;;;;0
2026-05-11 21:12:23;0;10;;;;0
2026-05-11 21:13:33;0;10;;;;0
2026-05-11 21:14:38;0;10;;;;0
2026-05-11 21:15:53;0;10;;;;0
2026-05-11 21:17:04;0;10;;;;0
2026-05-11 21:18:09;0;10;;;;0
2026-05-11 21:19:19;0;10;;;;0
2026-05-11 21:20:25;0;10;;;;0
2026-05-11 21:21:34;0;10;;;;0
2026-05-11 21:22:49;0;10;;;;0
2026-05-11 21:23:55;0;10;;;;0
2026-05-11 21:25:04;0;10;;;;0
2026-05-11 21:26:10;0;10;;;;0
2026-05-11 21:27:20;0;10;;;;0
2026-05-11 21:28:25;0;10;;;;0
2026-05-11 21:29:35;0;10;;;;0
2026-05-11 21:30:40;0;10;;;;0
2026-05-11 21:31:51;0;10;;;;0
2026-05-11 21:32:56;0;10;;;;0
2026-05-11 21:34:05;0;10;;;;0
2026-05-11 21:35:11;0;10;;;;0
2026-05-11 21:36:22;0;10;;;;0
2026-05-11 21:37:36;0;10;;;;0
2026-05-11 21:38:41;0;10;;;;0
2026-05-11 21:39:51;0;10;;;;0
2026-05-11 21:40:56;0;10;;;;0
2026-05-11 21:42:06;0;10;;;;0
2026-05-11 21:43:11;0;10;;;;0
2026-05-11 21:44:22;1.14;10;;;;0
2026-05-11 21:45:28;0;10;;;;0
2026-05-11 21:46:37;0;10;;;;0
2026-05-11 21:47:42;0;10;;;;0
2026-05-11 21:48:52;0;10;;;;0
2026-05-11 21:49:57;0;10;;;;0
2026-05-11 21:51:07;0;10;;;;0
2026-05-11 21:52:13;0;10;;;;0
2026-05-11 21:53:22;0;10;;;;0
2026-05-11 21:54:28;0;10;;;;0
2026-05-11 21:55:40;0;10;;;;0
2026-05-11 21:56:45;0;10;;;;0
2026-05-11 21:57:53;0;10;;;;0
2026-05-11 21:58:58;0;10;;;;0
2026-05-11 22:00:08;0;10;;;;0
2026-05-11 22:01:13;0;10;;;;0
2026-05-11 22:02:23;1.14;10;;;;0
2026-05-11 22:03:29;0;10;;;;0
2026-05-11 22:04:39;0;10;;;;0
2026-05-11 22:05:44;0;10;;;;0
2026-05-11 22:06:53;0;10;;;;0
2026-05-11 22:07:59;0;10;;;;0
2026-05-11 22:09:08;0;10;;;;0
2026-05-11 22:10:14;0;10;;;;0
2026-05-11 22:11:29;0;10;;;;0
2026-05-11 22:12:42;0;10;;;;0
2026-05-11 22:13:48;0;10;;;;0
2026-05-11 22:14:54;0;10;;;;0
2026-05-11 22:16:11;0;10;;;;0
2026-05-11 22:17:16;0;10;;;;0
2026-05-11 22:18:25;0;10;;;;0
2026-05-11 22:19:31;0;10;;;;0
2026-05-11 22:20:40;0;10;;;;0
2026-05-11 22:21:46;0;10;;;;0
2026-05-11 22:24:00;0;10;;;;0
2026-05-11 22:25:10;0;10;;;;0
2026-05-11 22:26:15;0;10;;;;0
2026-05-11 22:27:25;1.37;10;;;;0
2026-05-11 22:28:41;2.68;10;;;;0
2026-05-11 22:29:55;2.9;10;;;;0
2026-05-11 22:31:01;2.9;10;;;;0
2026-05-11 22:32:10;4.89;10;;;;0
2026-05-11 22:33:16;0;10;;;;0
2026-05-11 22:34:26;1.63;10;;;;0
2026-05-11 22:35:31;1.97;10;;;;0
2026-05-11 22:36:42;1.16;10;;;;0
2026-05-11 22:37:50;1.42;10;;;;0
2026-05-11 22:39:01;19.04;-10;;;;3
2026-05-11 22:40:12;31.57;10;;;;6
2026-05-11 22:41:18;24.07;10;;;;9
2026-05-11 22:42:34;0;-10;;;;9
2026-05-11 22:43:44;0;10;;;;0
2026-05-11 22:44:49;17.43;10;;;;0
2026-05-11 22:45:59;0;10;;;;0
2026-05-11 22:47:04;0;10;;;;0
2026-05-11 22:48:15;0;10;;;;0
2026-05-11 22:49:20;0;10;;;;0
2026-05-11 22:50:30;0;10;;;;0
2026-05-11 22:51:35;0;10;;;;0
2026-05-11 22:52:46;0;10;;;;0
2026-05-11 22:55:01;0;10;;;;0
2026-05-11 22:56:06;0;10;;;;0
2026-05-11 22:57:17;0;10;;;;0
2026-05-11 22:58:23;0;10;;;;0
2026-05-11 22:59:38;0;10;;;;0
2026-05-11 23:00:49;0;10;;;;0
2026-05-11 23:01:54;0;10;;;;0
2026-05-11 23:03:04;0;10;;;;0
2026-05-11 23:04:09;0;10;;;;0
2026-05-11 23:05:19;0;10;;;;0
2026-05-11 23:06:24;0;10;;;;0
2026-05-11 23:07:34;0;10;;;;0
2026-05-11 23:08:39;0;10;;;;0
2026-05-11 23:09:49;0;10;;;;0
2026-05-11 23:10:54;0;10;;;;0
2026-05-11 23:12:04;0;10;;;;0
2026-05-11 23:13:10;0;10;;;;0
2026-05-11 23:14:20;0;10;;;;0
2026-05-11 23:15:26;0;10;;;;0
2026-05-11 23:16:35;0;10;;;;0
2026-05-11 23:17:40;0;10;;;;0
2026-05-11 23:18:50;0;10;;;;0
2026-05-11 23:19:55;0;10;;;;0
2026-05-11 23:21:05;0;10;;;;0
2026-05-11 23:22:11;0;10;;;;0
2026-05-11 23:23:21;0;10;;;;0
2026-05-11 23:24:26;0;10;;;;0
2026-05-11 23:25:36;0;10;;;;0
2026-05-11 23:26:41;0;10;;;;0
2026-05-11 23:27:51;0;10;;;;0
2026-05-11 23:28:56;0;10;;;;0
2026-05-11 23:30:06;0;10;;;;0
2026-05-11 23:31:12;0;10;;;;0
2026-05-11 23:32:21;0;10;;;;0
2026-05-11 23:33:27;0;10;;;;0
2026-05-11 23:34:36;0;10;;;;0
2026-05-11 23:35:42;0;10;;;;0
2026-05-11 23:36:52;0;10;;;;0
2026-05-11 23:38:07;0;10;;;;0
2026-05-11 23:39:12;0;10;;;;0
2026-05-11 23:40:22;0;10;;;;0
2026-05-11 23:41:28;0;10;;;;0
2026-05-11 23:42:37;0;10;;;;0
2026-05-11 23:43:52;0;10;;;;0
2026-05-11 23:44:59;0;10;;;;0
2026-05-11 23:46:08;0;10;;;;0
2026-05-11 23:47:13;0;10;;;;0
2026-05-11 23:48:23;0;10;;;;0
2026-05-11 23:49:30;0;10;;;;0
2026-05-11 23:50:38;0;10;;;;0
2026-05-11 23:51:44;0;10;;;;0
2026-05-11 23:52:54;0;10;;;;0
2026-05-11 23:53:59;0;10;;;;0
2026-05-11 23:55:08;0;10;;;;0
2026-05-11 23:56:14;0;10;;;;0
2026-05-11 23:57:23;0;10;;;;0
2026-05-11 23:58:29;0;10;;;;0
2026-05-11 23:59:39;0;10;;;;0
2026-05-12 00:00:44;0;10;;;;0
2026-05-12 00:01:54;0;10;;;;0
2026-05-12 00:03:00;0;10;;;;0
2026-05-12 00:04:09;0;10;;;;0
2026-05-12 00:05:15;0;10;;;;0
2026-05-12 00:06:25;0;10;;;;0
2026-05-12 00:07:30;0;10;;;;0
2026-05-12 00:08:40;0;10;;;;0
2026-05-12 00:09:45;0;10;;;;0
2026-05-12 00:10:55;0;10;;;;0
2026-05-12 00:12:00;0;10;;;;0
2026-05-12 00:13:10;0;10;;;;0
2026-05-12 00:14:15;0;10;;;;0
2026-05-12 00:15:25;0;10;;;;0
2026-05-12 00:16:30;0;10;;;;0
2026-05-12 00:17:40;0;10;;;;0
2026-05-12 00:18:46;0;10;;;;0
2026-05-12 00:19:56;0;10;;;;0
2026-05-12 00:21:01;0;10;;;;0
2026-05-12 00:22:16;0;10;;;;0
2026-05-12 00:23:32;0;10;;;;0
2026-05-12 00:24:42;0;10;;;;0
2026-05-12 00:25:47;0;10;;;;0
2026-05-12 00:26:57;0;10;;;;0
2026-05-12 00:28:03;0;10;;;;0
2026-05-12 00:29:12;0;10;;;;0
2026-05-12 00:30:18;0;10;;;;0
2026-05-12 00:31:27;0;10;;;;0
2026-05-12 00:32:33;0;10;;;;0
2026-05-12 00:33:42;0;10;;;;0
2026-05-12 00:34:48;0;10;;;;0
2026-05-12 00:35:58;0;10;;;;0
2026-05-12 00:37:03;0;10;;;;0
2026-05-12 00:38:13;0;10;;;;0
2026-05-12 00:39:18;0;10;;;;0
2026-05-12 00:40:28;0;10;;;;0
2026-05-12 00:41:33;0;10;;;;0
2026-05-12 00:42:43;0;10;;;;0
2026-05-12 00:43:49;0;10;;;;0
2026-05-12 00:45:02;0;10;;;;0
2026-05-12 00:46:08;0;10;;;;0
2026-05-12 00:47:18;0;10;;;;0
2026-05-12 00:48:28;0;10;;;;0
2026-05-12 00:49:34;0;10;;;;0
2026-05-12 00:50:44;0;10;;;;0
2026-05-12 00:51:49;0;10;;;;0
2026-05-12 00:52:59;0;10;;;;0
2026-05-12 00:54:14;0;10;;;;0
2026-05-12 00:55:20;0;10;;;;0
2026-05-12 00:56:34;0;10;;;;0
2026-05-12 00:57:44;0;10;;;;0
2026-05-12 00:58:50;0;10;;;;0
2026-05-12 01:00:00;0;10;;;;0
2026-05-12 01:01:05;0;10;;;;0
2026-05-12 01:02:15;0;10;;;;0
2026-05-12 01:03:21;0;10;;;;0
2026-05-12 01:04:30;0;10;;;;0
2026-05-12 01:05:35;0;10;;;;0
2026-05-12 01:06:45;0;10;;;;0
2026-05-12 01:07:51;0;10;;;;0
2026-05-12 01:09:01;0;10;;;;0
2026-05-12 01:10:06;0;10;;;;0
2026-05-12 01:11:16;0;10;;;;0
2026-05-12 01:12:31;0;10;;;;0
2026-05-12 01:13:36;0;10;;;;0
2026-05-12 01:14:46;0;10;;;;0
2026-05-12 01:15:51;0;10;;;;0
2026-05-12 01:17:01;0;10;;;;0
2026-05-12 01:18:06;0;10;;;;0
2026-05-12 01:19:16;0;10;;;;0
2026-05-12 01:20:22;0;10;;;;0
2026-05-12 01:21:31;0;10;;;;0
2026-05-12 01:22:37;0;10;;;;0
2026-05-12 01:23:47;0;10;;;;0
2026-05-12 01:24:52;0;10;;;;0
2026-05-12 01:26:07;0;10;;;;0
2026-05-12 01:27:17;0;10;;;;0
2026-05-12 01:28:22;0;10;;;;0
2026-05-12 01:29:32;0;10;;;;0
2026-05-12 01:30:37;0;10;;;;0
2026-05-12 01:31:47;0;10;;;;0
2026-05-12 01:32:52;0;10;;;;0
2026-05-12 01:34:02;0;10;;;;0
2026-05-12 01:35:08;0;10;;;;0
2026-05-12 01:36:18;0;10;;;;0
2026-05-12 01:37:23;0;10;;;;0
2026-05-12 01:38:33;0;10;;;;0
2026-05-12 01:39:38;0;10;;;;0
2026-05-12 01:40:48;0;10;;;;0
2026-05-12 01:41:53;0;10;;;;0
2026-05-12 01:43:03;0;10;;;;0
2026-05-12 01:44:08;0;10;;;;0
2026-05-12 01:45:19;0;10;;;;0
2026-05-12 01:46:24;0;10;;;;0
2026-05-12 01:47:33;0;10;;;;0
2026-05-12 01:48:48;0;10;;;;0
2026-05-12 01:49:54;0;10;;;;0
2026-05-12 01:51:04;0;10;;;;0
2026-05-12 01:52:09;0;10;;;;0
2026-05-12 01:53:19;0;10;;;;0
2026-05-12 01:54:24;0;10;;;;0
2026-05-12 01:55:34;0;10;;;;0
2026-05-12 01:56:39;0;10;;;;0
2026-05-12 01:57:49;0;10;;;;0
2026-05-12 01:58:55;0;10;;;;0
2026-05-12 02:00:05;0;10;;;;0
2026-05-12 02:01:10;0;10;;;;0
2026-05-12 02:02:20;0;10;;;;0
2026-05-12 02:03:25;0;10;;;;0
2026-05-12 02:04:35;0;10;;;;0
2026-05-12 02:05:50;0;10;;;;0
2026-05-12 02:06:56;0;10;;;;0
2026-05-12 02:08:05;0;10;;;;0
2026-05-12 02:09:11;0;10;;;;0
2026-05-12 02:10:21;0;10;;;;0
2026-05-12 02:11:26;0;10;;;;0
2026-05-12 02:12:36;0;10;;;;0
2026-05-12 02:13:41;0;10;;;;0
2026-05-12 02:14:51;0;10;;;;0
2026-05-12 02:15:57;0;10;;;;0
2026-05-12 02:17:06;0;10;;;;0
2026-05-12 02:18:12;0;10;;;;0
2026-05-12 02:19:22;0;10;;;;0
2026-05-12 02:20:27;0;10;;;;0
2026-05-12 02:21:37;0;10;;;;0
2026-05-12 02:22:42;0;10;;;;0
2026-05-12 02:23:52;0;10;;;;0
2026-05-12 02:24:57;0;10;;;;0
2026-05-12 02:26:07;0;10;;;;0
2026-05-12 02:27:12;0;10;;;;0
2026-05-12 02:28:22;0;10;;;;0
2026-05-12 02:29:28;0;10;;;;0
2026-05-12 02:30:37;0;10;;;;0
2026-05-12 02:31:43;0;10;;;;0
2026-05-12 02:32:53;0;10;;;;0
2026-05-12 02:33:58;0;10;;;;0
2026-05-12 02:35:08;0;10;;;;0
2026-05-12 02:36:13;0;10;;;;0
2026-05-12 02:37:23;0;10;;;;0
2026-05-12 02:38:28;0;10;;;;0
2026-05-12 02:39:38;0;10;;;;0
2026-05-12 02:40:44;0;10;;;;0
2026-05-12 02:41:53;0;10;;;;0
2026-05-12 02:42:59;0;10;;;;0
2026-05-12 02:44:08;0;10;;;;0
2026-05-12 02:45:14;0;10;;;;0
2026-05-12 02:46:24;0;10;;;;0
2026-05-12 02:47:29;0;10;;;;0
2026-05-12 02:48:39;0;10;;;;0
2026-05-12 02:49:44;0;10;;;;0
2026-05-12 02:50:54;0;10;;;;0
2026-05-12 02:52:00;0;10;;;;0
2026-05-12 02:53:10;0;10;;;;0
2026-05-12 02:54:15;0;10;;;;0
2026-05-12 02:55:25;0;10;;;;0
2026-05-12 02:56:30;0;10;;;;0
2026-05-12 02:57:45;0;10;;;;0
2026-05-12 02:58:56;0;10;;;;0
2026-05-12 03:00:01;0;10;;;;0
2026-05-12 03:01:11;0;10;;;;0
2026-05-12 03:02:17;0;10;;;;0
2026-05-12 03:03:26;0;10;;;;0
2026-05-12 03:04:32;0;10;;;;0
2026-05-12 03:05:41;0;10;;;;0
2026-05-12 03:06:47;0;10;;;;0
2026-05-12 03:07:56;0;10;;;;0
2026-05-12 03:09:02;0;10;;;;0
2026-05-12 03:10:12;0;10;;;;0
2026-05-12 03:11:17;0;10;;;;0
2026-05-12 03:12:27;0;10;;;;0
2026-05-12 03:13:33;0;10;;;;0
2026-05-12 03:14:42;0;10;;;;0
2026-05-12 03:15:48;0;10;;;;0
2026-05-12 03:16:57;0;10;;;;0
2026-05-12 03:18:03;0;10;;;;0
2026-05-12 03:19:13;0;10;;;;0
2026-05-12 03:20:18;0;10;;;;0
2026-05-12 03:21:28;0;10;;;;0
2026-05-12 03:22:34;0;10;;;;0
2026-05-12 03:23:43;0;10;;;;0
2026-05-12 03:24:49;0;10;;;;0
2026-05-12 03:25:58;0;10;;;;0
2026-05-12 03:27:04;0;10;;;;0
2026-05-12 03:28:14;0;10;;;;0
2026-05-12 03:29:19;0;10;;;;0
2026-05-12 03:30:29;0;10;;;;0
2026-05-12 03:31:34;0;10;;;;0
2026-05-12 03:32:44;0;10;;;;0
2026-05-12 03:33:50;0;10;;;;0
2026-05-12 03:34:59;0;10;;;;0
2026-05-12 03:36:05;0;10;;;;0
2026-05-12 03:37:14;0;10;;;;0
2026-05-12 03:38:19;0;10;;;;0
2026-05-12 03:39:29;0;10;;;;0
2026-05-12 03:40:36;0;10;;;;0
2026-05-12 03:41:44;0;10;;;;0
2026-05-12 03:42:50;0;10;;;;0
2026-05-12 03:44:00;0;10;;;;0
2026-05-12 03:45:05;0;10;;;;0
2026-05-12 03:46:15;0;10;;;;0
2026-05-12 03:47:21;0;10;;;;0
2026-05-12 03:48:30;0;10;;;;0
2026-05-12 03:49:36;0;10;;;;0
2026-05-12 03:50:46;0;10;;;;0
2026-05-12 03:51:51;0;10;;;;0
2026-05-12 03:53:02;0;10;;;;0
2026-05-12 03:54:07;0;10;;;;0
2026-05-12 03:55:16;0;10;;;;0
2026-05-12 03:56:21;0;10;;;;0
2026-05-12 03:57:31;0;10;;;;0
2026-05-12 03:58:42;0;10;;;;0
2026-05-12 03:59:52;0;10;;;;0
2026-05-12 04:01:03;0;10;;;;0
2026-05-12 04:02:08;0;10;;;;0
2026-05-12 04:03:18;0;10;;;;0
2026-05-12 04:04:23;0;10;;;;0
2026-05-12 04:05:33;0;10;;;;0
2026-05-12 04:06:39;0;10;;;;0
2026-05-12 04:07:48;0;10;;;;0
2026-05-12 04:08:54;0;10;;;;0
2026-05-12 04:10:03;0;10;;;;0
2026-05-12 04:11:09;0;10;;;;0
2026-05-12 04:12:19;0;10;;;;0
2026-05-12 04:13:29;0;10;;;;0
2026-05-12 04:14:39;0;10;;;;0
2026-05-12 04:15:45;0;10;;;;0
2026-05-12 04:16:56;0;10;;;;0
2026-05-12 04:18:06;0;10;;;;0
2026-05-12 04:19:12;0;10;;;;0
2026-05-12 04:20:22;0;10;;;;0
2026-05-12 04:21:27;0;10;;;;0
2026-05-12 04:22:37;0;10;;;;0
2026-05-12 04:23:43;0;10;;;;0
2026-05-12 04:24:52;0;10;;;;0
2026-05-12 04:25:58;0;10;;;;0
2026-05-12 04:27:13;0;10;;;;0
2026-05-12 04:28:18;0;10;;;;0
2026-05-12 04:29:29;0;10;;;;0
2026-05-12 04:30:44;0;10;;;;0
2026-05-12 04:31:54;0;10;;;;0
2026-05-12 04:32:59;0;10;;;;0
2026-05-12 04:34:09;0;10;;;;0
2026-05-12 04:35:15;0;10;;;;0
2026-05-12 04:36:25;0;10;;;;0
2026-05-12 04:37:30;0;10;;;;0
2026-05-12 04:38:40;0;10;;;;0
2026-05-12 04:39:45;0;10;;;;0
2026-05-12 04:40:55;0;10;;;;0
2026-05-12 04:42:00;0;10;;;;0
2026-05-12 04:43:10;0;10;;;;0
2026-05-12 04:44:16;0;10;;;;0
2026-05-12 04:45:25;0;10;;;;0
2026-05-12 04:46:30;0;10;;;;0
2026-05-12 04:47:42;0;10;;;;0
2026-05-12 04:48:47;0;10;;;;0
2026-05-12 04:49:56;0;10;;;;0
2026-05-12 04:51:02;0;10;;;;0
2026-05-12 04:52:11;0;10;;;;0
2026-05-12 04:53:17;0;10;;;;0
2026-05-12 04:54:26;0;10;;;;0
2026-05-12 04:55:32;0;10;;;;0
2026-05-12 04:56:42;0;10;;;;0
2026-05-12 04:57:48;0;10;;;;0
2026-05-12 04:58:57;0;10;;;;0
2026-05-12 05:00:02;0;10;;;;0
2026-05-12 05:01:12;0;10;;;;0
2026-05-12 05:02:17;0;10;;;;0
2026-05-12 05:03:27;0;10;;;;0
2026-05-12 05:04:33;0;10;;;;0
2026-05-12 05:05:48;0;10;;;;0
2026-05-12 05:06:53;0;10;;;;0
2026-05-12 05:08:03;0;10;;;;0
2026-05-12 05:09:09;0;10;;;;0
2026-05-12 05:10:19;0;10;;;;0
2026-05-12 05:11:29;0;10;;;;0
2026-05-12 05:12:35;0;10;;;;0
2026-05-12 05:13:45;0;10;;;;0
2026-05-12 05:14:50;0;10;;;;0
2026-05-12 05:16:00;0;10;;;;0
2026-05-12 05:17:05;0;10;;;;0
2026-05-12 05:18:15;0;10;;;;0
2026-05-12 05:19:21;0;10;;;;0
2026-05-12 05:20:31;0;10;;;;0
2026-05-12 05:21:36;0;10;;;;0
2026-05-12 05:22:46;0;10;;;;0
2026-05-12 05:23:52;0;10;;;;0
2026-05-12 05:25:01;0;10;;;;0
2026-05-12 05:26:06;0;10;;;;0
2026-05-12 05:27:16;0;10;;;;0
2026-05-12 05:28:21;0;10;;;;0
2026-05-12 05:29:31;0;10;;;;0
2026-05-12 05:30:37;0;10;;;;0
2026-05-12 05:31:46;0;10;;;;0
2026-05-12 05:32:52;0;10;;;;0
2026-05-12 05:34:02;0;10;;;;0
2026-05-12 05:35:07;0;10;;;;0
2026-05-12 05:36:17;0;10;;;;0
2026-05-12 05:37:22;0;10;;;;0
2026-05-12 05:38:32;0;10;;;;0
2026-05-12 05:39:37;0;10;;;;0
2026-05-12 05:40:53;0;10;;;;0
2026-05-12 05:41:58;0;10;;;;0
2026-05-12 05:43:09;0;10;;;;0
2026-05-12 05:44:19;0;10;;;;0
2026-05-12 05:45:24;0;10;;;;0
2026-05-12 05:46:34;0;10;;;;0
2026-05-12 05:47:39;0;10;;;;0
2026-05-12 05:48:49;0;10;;;;0
2026-05-12 05:49:55;0;10;;;;0
2026-05-12 05:51:04;0;10;;;;0
2026-05-12 05:52:10;0;10;;;;0
2026-05-12 05:53:19;0;10;;;;0
2026-05-12 05:54:25;0;10;;;;0
2026-05-12 05:55:35;0;10;;;;0
2026-05-12 05:56:40;0;10;;;;0
2026-05-12 05:57:50;0;10;;;;0
2026-05-12 05:58:55;0;10;;;;0
2026-05-12 06:00:05;0;10;;;;0
2026-05-12 06:01:10;0;10;;;;0
2026-05-12 06:02:21;0;10;;;;0
2026-05-12 06:03:26;0;10;;;;0
2026-05-12 06:04:36;0;10;;;;0
2026-05-12 06:05:42;0;10;;;;0
2026-05-12 06:06:51;0;10;;;;0
2026-05-12 06:07:57;0;10;;;;0
2026-05-12 06:09:06;0;10;;;;0
2026-05-12 06:10:21;0;10;;;;0
2026-05-12 06:11:27;0;10;;;;0
2026-05-12 06:12:37;0;10;;;;0
2026-05-12 06:13:42;0;10;;;;0
2026-05-12 06:14:52;0;10;;;;0
2026-05-12 06:15:57;0;10;;;;0
2026-05-12 06:17:07;0;10;;;;0
2026-05-12 06:18:13;0;10;;;;0
2026-05-12 06:19:27;0;10;;;;0
2026-05-12 06:20:42;0;10;;;;0
2026-05-12 06:21:53;0;10;;;;0
2026-05-12 06:22:58;0;10;;;;0
2026-05-12 06:24:08;0;10;;;;0
2026-05-12 06:25:13;0;10;;;;0
2026-05-12 06:26:23;0;10;;;;0
2026-05-12 06:27:29;0;10;;;;0
2026-05-12 06:28:38;0;10;;;;0
2026-05-12 06:29:44;0;10;;;;0
2026-05-12 06:30:53;0;10;;;;0
2026-05-12 06:31:59;0;10;;;;0
2026-05-12 06:33:08;0;10;;;;0
2026-05-12 06:34:14;0;10;;;;0
2026-05-12 06:35:24;0;10;;;;0
2026-05-12 06:36:29;0;10;;;;0
2026-05-12 06:37:45;0;10;;;;0
2026-05-12 06:38:55;0;10;;;;0
2026-05-12 06:40:00;0;10;;;;0
2026-05-12 06:41:10;0;10;;;;0
2026-05-12 06:42:15;0;10;;;;0
2026-05-12 06:43:31;0;10;;;;0
2026-05-12 06:44:40;0;10;;;;0
2026-05-12 06:45:45;0;10;;;;0
2026-05-12 06:46:55;0;10;;;;0
2026-05-12 06:48:01;0;10;;;;0
2026-05-12 06:49:11;0;10;;;;0
2026-05-12 06:50:16;0;10;;;;0
2026-05-12 06:51:26;0;10;;;;0
2026-05-12 06:52:31;0;10;;;;0
2026-05-12 06:53:41;0;10;;;;0
2026-05-12 06:54:46;0;10;;;;0
2026-05-12 06:55:56;0;10;;;;0
2026-05-12 06:57:02;0;10;;;;0
2026-05-12 06:58:11;0;10;;;;0
2026-05-12 06:59:17;0;10;;;;0
2026-05-12 07:00:27;0;10;;;;0
2026-05-12 07:01:32;0;10;;;;0
2026-05-12 07:02:42;0;10;;;;0
2026-05-12 07:03:47;0;10;;;;0
2026-05-12 07:04:57;0;10;;;;0
2026-05-12 07:06:02;0;10;;;;0
2026-05-12 07:07:12;0;10;;;;0
2026-05-12 07:08:17;0;10;;;;0
2026-05-12 07:09:27;0;10;;;;0
2026-05-12 07:10:32;0;10;;;;0
2026-05-12 07:11:42;0;10;;;;0
2026-05-12 07:12:48;0;10;;;;0
2026-05-12 07:13:58;0;10;;;;0
2026-05-12 07:15:03;0;10;;;;0
2026-05-12 07:16:13;0;10;;;;0
2026-05-12 07:17:18;0;10;;;;0
2026-05-12 07:18:28;0;10;;;;0
2026-05-12 07:19:34;0;10;;;;0
2026-05-12 07:21:50;0;10;;;;0
2026-05-12 07:22:59;0;10;;;;0
2026-05-12 07:24:05;0;10;;;;0
2026-05-12 07:25:20;0;10;;;;0
2026-05-12 07:26:30;0;10;;;;0
2026-05-12 07:27:36;0;10;;;;0
2026-05-12 07:28:46;0;10;;;;0
2026-05-12 07:29:51;0;10;;;;0
2026-05-12 07:31:01;0;10;;;;0
2026-05-12 07:32:06;0;10;;;;0
2026-05-12 07:33:16;0;10;;;;0
2026-05-12 07:34:21;0;10;;;;0
2026-05-12 07:35:31;0;10;;;;0
2026-05-12 07:36:36;0;10;;;;0
2026-05-12 07:37:46;0;10;;;;0
2026-05-12 07:38:52;0;10;;;;0
2026-05-12 07:40:01;0;10;;;;0
2026-05-12 07:41:07;0;10;;;;0
2026-05-12 07:42:17;0;10;;;;0
2026-05-12 07:43:22;0;10;;;;0
2026-05-12 07:44:32;0;10;;;;0
2026-05-12 07:45:37;0;10;;;;0
2026-05-12 07:46:47;0;10;;;;0
2026-05-12 07:47:53;0;10;;;;0
2026-05-12 07:49:02;0;10;;;;0
2026-05-12 07:50:08;0;10;;;;0
2026-05-12 07:51:17;0;10;;;;0
2026-05-12 07:52:23;0;10;;;;0
2026-05-12 07:53:33;0;10;;;;0
2026-05-12 07:54:38;0;10;;;;0
2026-05-12 07:55:48;0;10;;;;0
2026-05-12 07:56:53;0;10;;;;0
2026-05-12 07:58:03;0;10;;;;0
2026-05-12 07:59:08;0;10;;;;0
2026-05-12 08:00:18;0;10;;;;0
2026-05-12 08:01:24;0;10;;;;0
2026-05-12 08:02:33;0;10;;;;0
2026-05-12 08:03:39;0;10;;;;0
2026-05-12 08:04:48;0;10;;;;0
2026-05-12 08:05:54;0;10;;;;0
2026-05-12 08:07:04;0;10;;;;0
2026-05-12 08:08:09;0;10;;;;0
2026-05-12 08:09:19;0;10;;;;0
2026-05-12 08:10:25;0;10;;;;0
2026-05-12 08:11:37;0;10;;;;0
2026-05-12 08:12:43;0;10;;;;0
2026-05-12 08:13:50;0;10;;;;0
2026-05-12 08:14:57;0;10;;;;0
2026-05-12 08:16:04;0;10;;;;0
2026-05-12 08:17:10;0;10;;;;0
2026-05-12 08:18:20;0;10;;;;0
2026-05-12 08:19:25;0;10;;;;0
2026-05-12 08:20:35;0;10;;;;0
2026-05-12 08:21:40;0;10;;;;0
2026-05-12 08:22:50;0;10;;;;0
2026-05-12 08:23:56;0;10;;;;0
2026-05-12 08:25:06;0;10;;;;0
2026-05-12 08:26:11;0;10;;;;0
2026-05-12 08:27:21;0;10;;;;0
2026-05-12 08:28:26;0;10;;;;0
2026-05-12 08:29:36;0;10;;;;0
2026-05-12 08:30:41;0;10;;;;0
2026-05-12 08:31:57;0;10;;;;0
2026-05-12 08:33:08;0;10;;;;0
2026-05-12 08:34:13;0;10;;;;0
2026-05-12 08:35:23;0;10;;;;0
2026-05-12 08:36:29;0;10;;;;0
2026-05-12 08:37:38;0;10;;;;0
2026-05-12 08:38:44;0;10;;;;0
2026-05-12 08:39:54;0;10;;;;0
2026-05-12 08:41:09;0;10;;;;0
2026-05-12 08:42:14;0;10;;;;0
2026-05-12 08:43:24;0;10;;;;0
2026-05-12 08:44:29;0;10;;;;0
2026-05-12 08:45:39;0;10;;;;0
2026-05-12 08:46:45;0;10;;;;0
2026-05-12 08:47:54;0;10;;;;0
2026-05-12 08:49:00;0;10;;;;0
2026-05-12 08:50:10;0;10;;;;0
2026-05-12 08:51:15;0;10;;;;0
2026-05-12 08:52:25;0;10;;;;0
2026-05-12 08:53:31;0;10;;;;0
2026-05-12 08:54:40;0;10;;;;0
2026-05-12 08:55:46;0;10;;;;0
2026-05-12 08:56:56;0;10;;;;0
2026-05-12 08:58:11;0;10;;;;0
2026-05-12 08:59:16;0;10;;;;0
2026-05-12 09:00:26;0;10;;;;0
2026-05-12 09:01:31;0;10;;;;0
2026-05-12 09:02:41;0;10;;;;0
2026-05-12 09:03:46;0;10;;;;0
2026-05-12 09:04:56;0;10;;;;0
2026-05-12 09:06:01;0;10;;;;0
2026-05-12 09:07:11;0;10;;;;0
2026-05-12 09:08:16;0;10;;;;0
2026-05-12 09:09:27;0;10;;;;0
2026-05-12 09:10:32;0;10;;;;0
2026-05-12 09:11:41;0;10;;;;0
2026-05-12 09:12:47;0;10;;;;0
2026-05-12 09:14:02;0;10;;;;0
2026-05-12 09:15:12;0;10;;;;0
2026-05-12 09:16:17;0;10;;;;0
2026-05-12 09:17:27;0;10;;;;0
2026-05-12 09:18:33;0;10;;;;0
2026-05-12 09:19:48;0;10;;;;0
2026-05-12 09:20:58;0;10;;;;0
2026-05-12 09:22:04;0;10;;;;0
2026-05-12 09:23:14;0;10;;;;0
2026-05-12 09:24:20;0;10;;;;0
2026-05-12 09:25:28;0;10;;;;0
2026-05-12 09:26:34;0;10;;;;0
2026-05-12 09:27:44;0;10;;;;0
2026-05-12 09:28:50;0;10;;;;0
2026-05-12 09:29:59;0;10;;;;0
2026-05-12 09:31:04;0;10;;;;0
2026-05-12 09:32:14;0;10;;;;0
2026-05-12 09:33:19;0;10;;;;0
2026-05-12 09:34:29;0;10;;;;0
2026-05-12 09:35:35;0;10;;;;0
2026-05-12 09:36:44;0;10;;;;0
2026-05-12 09:37:51;0;10;;;;0
2026-05-12 09:38:59;0;10;;;;0
2026-05-12 09:40:05;0;10;;;;0
2026-05-12 09:41:14;0;10;;;;0
2026-05-12 09:42:20;0;10;;;;0
2026-05-12 09:43:30;0;10;;;;0
2026-05-12 09:44:35;0;10;;;;0
2026-05-12 09:45:45;0;10;;;;0
2026-05-12 09:46:50;0;10;;;;0
2026-05-12 09:48:00;0;10;;;;0
2026-05-12 09:49:06;0;10;;;;0
2026-05-12 09:50:15;0;10;;;;0
2026-05-12 09:51:21;0;10;;;;0
2026-05-12 09:52:30;0;10;;;;0
2026-05-12 09:53:36;0;10;;;;0
2026-05-12 09:54:46;0;10;;;;0
2026-05-12 09:55:51;0;10;;;;0
2026-05-12 09:57:01;0;10;;;;0
2026-05-12 09:58:06;0;10;;;;0
2026-05-12 09:59:16;0;10;;;;0
2026-05-12 10:00:21;0;10;;;;0
2026-05-12 10:01:31;0;10;;;;0
2026-05-12 10:02:37;0;10;;;;0
2026-05-12 10:03:46;0;10;;;;0
2026-05-12 10:04:52;0;10;;;;0
2026-05-12 10:06:02;0;10;;;;0
2026-05-12 10:07:17;0;10;;;;0
2026-05-12 10:08:23;0;10;;;;0
2026-05-12 10:09:32;0;10;;;;0
2026-05-12 10:10:37;0;10;;;;0
2026-05-12 10:11:47;0;10;;;;0
2026-05-12 10:12:53;0;10;;;;0
2026-05-12 10:14:02;0;10;;;;0
2026-05-12 10:15:07;0;10;;;;0
2026-05-12 10:16:17;0;10;;;;0
2026-05-12 10:17:23;0;10;;;;0
2026-05-12 10:18:32;0;10;;;;0
2026-05-12 10:19:38;0;10;;;;0
2026-05-12 10:20:47;0;10;;;;0
2026-05-12 10:21:53;0;10;;;;0
2026-05-12 10:23:02;0;10;;;;0
2026-05-12 10:24:09;0;10;;;;0
2026-05-12 10:25:17;0;10;;;;0
2026-05-12 10:26:23;0;10;;;;0
2026-05-12 10:27:33;0;10;;;;0
2026-05-12 10:28:38;0;10;;;;0
2026-05-12 10:29:48;0;10;;;;0
2026-05-12 10:31:03;0;10;;;;0
2026-05-12 10:32:08;0;10;;;;0
2026-05-12 10:33:18;0;10;;;;0
2026-05-12 10:34:24;0;10;;;;0
2026-05-12 10:35:34;0;10;;;;0
2026-05-12 10:36:40;0;10;;;;0
2026-05-12 10:37:48;0;10;;;;0
2026-05-12 10:38:54;0;10;;;;0
2026-05-12 10:40:09;0;10;;;;0
2026-05-12 10:41:19;0;10;;;;0
2026-05-12 10:42:24;0;10;;;;0
2026-05-12 10:43:34;0;10;;;;0
2026-05-12 10:44:39;0;10;;;;0
2026-05-12 10:45:49;0;10;;;;0
2026-05-12 10:46:54;0;10;;;;0
2026-05-12 10:48:04;0;10;;;;0
2026-05-12 10:49:10;0;10;;;;0
2026-05-12 10:50:19;0;10;;;;0
2026-05-12 10:51:35;0;10;;;;0
2026-05-12 10:52:40;0;10;;;;0
2026-05-12 10:53:51;0;10;;;;0
2026-05-12 10:55:05;0;10;;;;0
2026-05-12 10:56:10;0;10;;;;0
2026-05-12 10:57:20;0;10;;;;0
2026-05-12 10:58:25;0;10;;;;0
2026-05-12 10:59:35;0;10;;;;0
2026-05-12 11:00:40;0;10;;;;0
2026-05-12 11:01:52;0;10;;;;0
2026-05-12 11:02:57;0;10;;;;0
2026-05-12 11:04:05;0;10;;;;0
2026-05-12 11:05:11;0;10;;;;0
2026-05-12 11:06:20;0;10;;;;0
2026-05-12 11:07:29;0;10;;;;0
2026-05-12 11:08:35;0;10;;;;0
2026-05-12 11:09:41;0;10;;;;0
2026-05-12 11:10:51;0;10;;;;0
2026-05-12 11:11:56;0;10;;;;0
2026-05-12 11:13:12;0;10;;;;0
2026-05-12 11:14:23;0;10;;;;0
2026-05-12 11:15:31;0;10;;;;0
2026-05-12 11:16:38;0;10;;;;0
2026-05-12 11:17:43;0;10;;;;0
2026-05-12 11:18:53;0;10;;;;0
2026-05-12 11:19:58;0;10;;;;0
2026-05-12 11:21:08;0;10;;;;0
2026-05-12 11:22:14;0;10;;;;0
2026-05-12 11:23:23;0;10;;;;0
2026-05-12 11:24:29;0;10;;;;0
2026-05-12 11:25:39;0;10;;;;0
2026-05-12 11:26:44;0;10;;;;0
2026-05-12 11:27:59;0;10;;;;0
2026-05-12 11:29:09;0;10;;;;0
2026-05-12 11:30:14;0;10;;;;0
2026-05-12 11:31:24;0;10;;;;0
2026-05-12 11:32:39;0;10;;;;0
2026-05-12 11:33:46;0;10;;;;0
2026-05-12 11:35:04;0;10;;;;0
2026-05-12 11:36:15;0;10;;;;0
2026-05-12 11:37:25;0;10;;;;0
2026-05-12 11:38:31;0;10;;;;0
2026-05-12 11:39:40;0;10;;;;0
2026-05-12 11:40:46;0;10;;;;0
2026-05-12 11:41:55;0;10;;;;0
2026-05-12 11:43:02;0;10;;;;0
2026-05-12 11:44:10;1.02;10;;;;0
2026-05-12 11:45:16;0;10;;;;0
2026-05-12 11:46:21;16.38;10;;;;0
2026-05-12 11:47:32;22.65;10;;;;2
2026-05-12 11:48:37;22.63;10;;;;2
2026-05-12 11:49:44;22.08;10;;;;1
2026-05-12 11:50:50;20.65;10;;;;1
2026-05-12 11:51:56;20.97;10;;;;1
2026-05-12 11:53:06;20.55;10;;;;1
2026-05-12 11:54:12;19.6;10;;;;1
2026-05-12 11:55:24;20.42;10;;;;2
2026-05-12 11:56:30;20.3;10;;;;1
2026-05-12 11:57:40;20.15;10;;;;1
2026-05-12 11:58:46;20.79;10;;;;2
2026-05-12 11:59:58;24.15;10;;;;4
2026-05-12 12:01:08;20.04;10;;;;1
2026-05-12 12:02:19;26.25;-10;;;;0
2026-05-12 12:03:31;25.66;10;;;;2
2026-05-12 12:04:42;18.66;10;;;;1
2026-05-12 12:05:48;18.65;10;;;;0
2026-05-12 12:06:54;18.57;10;;;;0
2026-05-12 12:08:04;18.77;10;;;;1
2026-05-12 12:09:10;18.62;10;;;;0
2026-05-12 12:10:21;18.45;10;;;;0
2026-05-12 12:11:27;18.24;10;;;;0
2026-05-12 12:12:34;18.25;10;;;;0
2026-05-12 12:13:40;19.36;10;;;;0
2026-05-12 12:14:50;20.29;10;;;;0
2026-05-12 12:15:55;20.33;10;;;;0
2026-05-12 12:17:06;20.0;10;;;;0
2026-05-12 12:18:11;19.56;10;;;;0
2026-05-12 12:19:22;19.9;10;;;;2
2026-05-12 12:20:28;19.74;10;;;;1
2026-05-12 12:21:38;19.91;10;;;;1
2026-05-12 12:22:44;19.97;10;;;;1
2026-05-12 12:23:54;20.12;10;;;;1
2026-05-12 12:25:00;18.91;10;;;;1
2026-05-12 12:26:10;19.73;10;;;;1
2026-05-12 12:26:40;;;;;19.67;
2026-05-12 12:27:16;18.94;10;;;;1
2026-05-12 12:28:27;19.28;10;;;;2
2026-05-12 12:29:34;18.92;10;;;;1
2026-05-12 12:30:43;19.78;10;;;;1
2026-05-12 12:31:49;19.71;10;;;;0
2026-05-12 12:32:59;19.49;10;;;;1
2026-05-12 12:34:05;19.73;10;;;;1
2026-05-12 12:35:16;19.39;10;;;;1
2026-05-12 12:36:22;19.29;10;;;;1
2026-05-12 12:37:32;19.31;10;;;;0
2026-05-12 12:38:38;19.12;10;;;;1
2026-05-12 12:39:48;19.23;10;;;;1
2026-05-12 12:40:54;18.91;10;;;;1
2026-05-12 12:42:09;18.52;10;;;;0
2026-05-12 12:43:15;18.42;10;;;;1
2026-05-12 12:44:25;18.46;10;;;;0
2026-05-12 12:45:31;18.41;10;;;;1
2026-05-12 12:46:42;18.73;10;;;;1
2026-05-12 12:47:53;18.58;10;;;;0
2026-05-12 12:48:59;19.34;10;;;;1
2026-05-12 12:50:09;19.25;10;;;;1
2026-05-12 12:51:15;23.6;-10;;;;2
2026-05-12 12:52:25;18.45;10;;;;1
2026-05-12 12:53:31;18.73;10;;;;0
2026-05-12 12:54:41;18.16;10;;;;1
2026-05-12 12:55:46;18.27;10;;;;1
2026-05-12 12:56:53;18.22;10;;;;1
2026-05-12 12:58:04;18.33;10;;;;0
2026-05-12 12:59:14;18.15;10;;;;1
2026-05-12 13:00:20;18.24;10;;;;0
2026-05-12 13:01:31;18.41;10;;;;1
2026-05-12 13:02:37;18.17;10;;;;0
2026-05-12 13:03:47;18.32;10;;;;0
2026-05-12 13:04:53;18.32;10;;;;0
2026-05-12 13:06:03;18.26;10;;;;1
2026-05-12 13:07:09;18.32;10;;;;0
2026-05-12 13:08:19;18.3;10;;;;0
2026-05-12 13:09:26;18.3;10;;;;1
2026-05-12 13:10:36;18.35;10;;;;0
2026-05-12 13:11:42;18.28;10;;;;1
2026-05-12 13:12:52;18.27;10;;;;0
2026-05-12 13:13:58;18.33;10;;;;0
2026-05-12 13:15:08;18.54;10;;;;0
2026-05-12 13:16:14;18.64;10;;;;0
2026-05-12 13:17:24;18.71;10;;;;1
2026-05-12 13:18:30;19.59;10;;;;0
2026-05-12 13:19:41;18.65;10;;;;0
2026-05-12 13:20:46;23.24;10;;;;1
2026-05-12 13:21:56;22.77;10;;;;9
2026-05-12 13:23:02;21.12;10;;;;5
2026-05-12 13:24:13;20.97;10;;;;3
2026-05-12 13:25:22;40.98;-10;;;;4
2026-05-12 13:26:30;47.36;-10;;;;2
2026-05-12 13:27:37;52.0;-10;;;;2
2026-05-12 13:28:47;44.27;-10;;;;2
2026-05-12 13:29:53;43.35;-10;;;;2
2026-05-12 13:31:04;47.93;-10;;;;3
2026-05-12 13:32:10;53.28;-10;;;;3
2026-05-12 13:33:21;58.93;-10;;;;2
2026-05-12 13:34:27;54.87;-10;;;;2
2026-05-12 13:35:36;30.08;-10;;;;1
2026-05-12 13:36:42;20.31;10;;;;1
2026-05-12 13:37:53;31.67;-10;;;;5
2026-05-12 13:38:59;32.72;10;;;;3
2026-05-12 13:40:09;0;10;;;;11
2026-05-12 13:41:15;0;10;;;;1
2026-05-12 13:42:24;0;10;;;;0
2026-05-12 13:43:30;15.21;10;;;;0
2026-05-12 13:44:40;0;10;;;;0
2026-05-12 13:45:45;0;10;;;;0
2026-05-12 13:46:55;0;10;;;;0
2026-05-12 13:48:00;0;10;;;;0
2026-05-12 13:49:20;0;10;;;;0
2026-05-12 13:50:30;0;10;;;;0
2026-05-12 13:51:36;0;10;;;;0
2026-05-12 13:52:45;0;10;;;;0
2026-05-12 13:52:46;;;0;0;;
2026-05-12 13:53:52;0;10;;;;0
2026-05-12 13:55:00;0;10;;;;0
2026-05-12 13:56:06;0;10;;;;0
2026-05-12 13:57:16;0;10;;;;0
2026-05-12 13:58:22;0;10;;;;0
2026-05-12 13:59:31;0;10;;;;0
2026-05-12 14:00:36;0;10;;;;0
2026-05-12 14:01:46;0;10;;;;0
2026-05-12 14:02:51;0;10;;;;0
2026-05-12 14:04:11;0;10;;;;0
2026-05-12 14:05:22;0;10;;;;0
2026-05-12 14:06:32;0;10;;;;0
2026-05-12 14:07:37;0;10;;;;0
2026-05-12 14:08:47;0;10;;;;0
2026-05-12 14:09:52;0;10;;;;0
2026-05-12 14:11:08;0;10;;;;0
2026-05-12 14:12:17;0;10;;;;0
2026-05-12 14:13:22;0;10;;;;0
2026-05-12 14:14:32;0;10;;;;0
2026-05-12 14:15:38;0;10;;;;0
2026-05-12 14:16:48;12.16;10;;;;0
2026-05-12 14:17:54;0;10;;;;0
2026-05-12 14:19:04;0;10;;;;0
2026-05-12 14:20:10;0;10;;;;0
2026-05-12 14:21:19;0;10;;;;0
2026-05-12 14:22:25;0;10;;;;0
2026-05-12 14:23:35;0;10;;;;0
2026-05-12 14:24:40;0;10;;;;0
2026-05-12 14:25:50;0;10;;;;0
2026-05-12 14:26:55;0;10;;;;0
2026-05-12 14:28:05;0;10;;;;0
2026-05-12 14:29:11;0;10;;;;0
2026-05-12 14:30:26;0;10;;;;0
2026-05-12 14:31:36;0;10;;;;0
2026-05-12 14:32:42;0;10;;;;0
2026-05-12 14:33:53;0;10;;;;0
2026-05-12 14:35:01;0;10;;;;0
2026-05-12 14:36:07;13.82;10;;;;0
2026-05-12 14:37:18;21.13;10;;;;3
2026-05-12 14:38:29;22.66;10;;;;8
2026-05-12 14:39:41;23.39;10;;;;7
2026-05-12 14:40:46;0;10;;;;3
2026-05-12 14:41:56;0;10;;;;0
2026-05-12 14:43:02;17.25;10;;;;0
2026-05-12 14:44:11;0;10;;;;0
2026-05-12 14:45:17;0;10;;;;0
2026-05-12 14:46:27;0;10;;;;0
2026-05-12 14:47:32;0;10;;;;0
2026-05-12 14:48:42;0;10;;;;0
2026-05-12 14:49:49;0;10;;;;0
2026-05-12 14:50:58;0;10;;;;0
2026-05-12 14:52:03;0;10;;;;0
2026-05-12 14:53:13;0;10;;;;0
2026-05-12 14:54:18;0;10;;;;0
2026-05-12 14:55:28;0;10;;;;0
2026-05-12 14:56:33;0;10;;;;0
2026-05-12 14:57:43;0;10;;;;0
2026-05-12 14:58:49;0;10;;;;0
2026-05-12 14:59:58;0;10;;;;0
2026-05-12 15:01:04;0;10;;;;0
2026-05-12 15:02:13;0;10;;;;0
2026-05-12 15:03:19;0;10;;;;0
2026-05-12 15:04:28;0;10;;;;0
2026-05-12 15:05:34;0;10;;;;0
2026-05-12 15:06:43;0;10;;;;0
2026-05-12 15:07:49;0;10;;;;0
2026-05-12 15:09:03;0;10;;;;0
2026-05-12 15:10:14;0;10;;;;0
2026-05-12 15:11:20;0.13;10;;;;0
2026-05-12 15:12:29;0;10;;;;0
2026-05-12 15:13:35;0;10;;;;0
2026-05-12 15:14:44;0;10;;;;0
2026-05-12 15:15:49;0;10;;;;0
2026-05-12 15:16:59;0;10;;;;0
2026-05-12 15:18:05;0;10;;;;0
2026-05-12 15:19:15;0;10;;;;0
2026-05-12 15:20:20;0;10;;;;0
2026-05-12 15:21:31;0;10;;;;0
2026-05-12 15:22:37;0;10;;;;0
2026-05-12 15:23:46;0;10;;;;0
2026-05-12 15:24:51;0;10;;;;0
2026-05-12 15:26:01;0;10;;;;0
2026-05-12 15:27:06;0;10;;;;0
2026-05-12 15:28:21;0;10;;;;0
2026-05-12 15:29:31;0.15;10;;;;0
2026-05-12 15:30:36;0;10;;;;0
2026-05-12 15:31:46;0;10;;;;0
2026-05-12 15:32:51;0;10;;;;0
2026-05-12 15:34:02;14.42;10;;;;0
2026-05-12 15:35:08;21.99;10;;;;1
2026-05-12 15:36:18;23.2;10;;;;2
2026-05-12 15:37:24;22.3;10;;;;1
2026-05-12 15:38:34;18.1;10;;;;1
2026-05-12 15:39:40;17.81;10;;;;1
2026-05-12 15:40:46;17.67;10;;;;0
2026-05-12 15:41:57;17.61;10;;;;1
2026-05-12 15:43:08;17.56;10;;;;1
2026-05-12 15:44:14;58.27;-10;;;;1
2026-05-12 15:45:29;56.69;10;;;;1
2026-05-12 15:46:35;17.39;10;;;;1
2026-05-12 15:47:46;17.27;10;;;;1
2026-05-12 15:48:52;56.4;-10;;;;4
2026-05-12 15:50:02;80.84;10;;;;2
2026-05-12 15:51:13;18.36;10;;;;4
2026-05-12 15:52:19;20.3;10;;;;6
2026-05-12 15:53:30;17.96;10;;;;7
2026-05-12 15:54:36;40.9;-10;;;;3
2026-05-12 15:55:46;16.56;10;;;;0
2026-05-12 15:56:52;16.52;10;;;;1
2026-05-12 15:58:02;16.54;10;;;;1
2026-05-12 15:59:08;16.56;10;;;;1
2026-05-12 16:00:14;16.54;10;;;;1
2026-05-12 16:01:24;16.69;10;;;;1
2026-05-12 16:02:30;17.45;10;;;;1
2026-05-12 16:03:41;16.74;10;;;;0
2026-05-12 16:04:53;16.46;10;;;;1
2026-05-12 16:05:59;17.01;10;;;;1
2026-05-12 16:07:13;16.37;10;;;;1
2026-05-12 16:08:19;16.84;10;;;;0
2026-05-12 16:09:25;16.71;10;;;;1
2026-05-12 16:10:31;16.53;10;;;;1
2026-05-12 16:11:42;16.6;10;;;;1
2026-05-12 16:12:48;16.65;10;;;;1
2026-05-12 16:13:59;16.59;10;;;;1
2026-05-12 16:14:29;;;;;16.58;
2026-05-12 16:15:04;16.54;10;;;;0
2026-05-12 16:16:14;16.7;10;;;;1
2026-05-12 16:17:20;16.63;10;;;;1
2026-05-12 16:18:26;16.58;10;;;;1
2026-05-12 16:19:37;16.73;10;;;;0
2026-05-12 16:20:42;16.71;10;;;;1
2026-05-12 16:21:53;16.88;10;;;;1
2026-05-12 16:22:59;16.95;10;;;;1
2026-05-12 16:28:44;17.14;10;;;;1
2026-05-12 16:29:55;17.07;10;;;;1
2026-05-12 16:31:00;17.01;10;;;;0
2026-05-12 16:32:11;17.12;10;;;;1
2026-05-12 16:33:17;17.34;10;;;;1
2026-05-12 16:34:27;16.89;10;;;;1
2026-05-12 16:35:33;18.49;10;;;;0
2026-05-12 16:36:39;0;-10;;;;7
2026-05-12 16:37:50;59.7;10;;;;3
2026-05-12 16:39:01;83.92;10;;;;4
2026-05-12 16:40:07;16.65;10;;;;3
2026-05-12 16:41:17;19.53;10;;;;5
2026-05-12 16:42:23;57.25;-10;;;;8
2026-05-12 16:43:34;45.78;10;;;;2
2026-05-12 16:44:39;20.1;10;;;;4
2026-05-12 16:45:50;20.56;10;;;;7
2026-05-12 16:46:56;19.79;10;;;;3
2026-05-12 16:48:07;20.56;10;;;;2
2026-05-12 16:49:13;21.02;10;;;;3
2026-05-12 16:50:29;20.53;10;;;;2
2026-05-12 16:51:41;20.24;10;;;;4
2026-05-12 16:52:47;40.27;-10;;;;7
2026-05-12 16:53:57;36.45;-10;;;;4
2026-05-12 16:55:03;39.71;-10;;;;1
2026-05-12 16:56:14;18.36;10;;;;0
2026-05-12 16:57:20;18.52;10;;;;1
2026-05-12 16:58:30;17.8;10;;;;1
2026-05-12 16:59:36;18.15;10;;;;0
2026-05-12 17:00:47;18.34;10;;;;1
2026-05-12 17:01:53;45.12;-10;;;;2
2026-05-12 17:03:04;44.6;-10;;;;2
2026-05-12 17:04:10;34.14;10;;;;1
2026-05-12 17:05:21;19.96;10;;;;3
2026-05-12 17:06:27;18.95;10;;;;1
2026-05-12 17:07:37;18.42;10;;;;2
2026-05-12 17:08:43;19.03;10;;;;1
2026-05-12 17:09:54;18.88;10;;;;1
2026-05-12 17:10:59;18.55;10;;;;1
2026-05-12 17:12:10;18.64;10;;;;2
2026-05-12 17:13:17;29.25;-10;;;;1
2026-05-12 17:14:27;30.19;10;;;;3
2026-05-12 17:15:34;23.53;10;;;;1
2026-05-12 17:16:43;20.3;10;;;;0
2026-05-12 17:17:49;20.99;10;;;;2
2026-05-12 17:19:00;21.84;10;;;;4
2026-05-12 17:20:06;21.02;-10;;;;2
2026-05-12 17:21:20;0;-10;;;;0
2026-05-12 17:22:26;0;-10;;;;0
2026-05-12 17:23:32;0;-10;;;;0
2026-05-12 17:24:37;0;-10;;;;0
2026-05-12 17:25:48;12.85;-10;;;;1
2026-05-12 17:26:54;0.99;-10;;;;0
2026-05-12 17:28:03;0;-10;;;;0
2026-05-12 17:29:08;0;-10;;;;0
2026-05-12 17:30:19;0.8;-10;;;;0
2026-05-12 17:30:54;;;0;0;;
2026-05-12 17:31:24;2.28;-10;;;;0
2026-05-12 17:32:33;0;-10;;;;0
2026-05-12 17:33:39;0;-10;;;;0
2026-05-12 17:34:49;0;-10;;;;0
2026-05-12 17:35:54;0;-10;;;;0
2026-05-12 17:37:04;0;-10;;;;0
2026-05-12 17:38:10;0;-10;;;;0
2026-05-12 17:39:19;0;-10;;;;0
2026-05-12 17:40:30;0;-10;;;;0
2026-05-12 17:41:40;0;-10;;;;0
2026-05-12 17:42:50;0;-10;;;;0
2026-05-12 17:43:55;0;-10;;;;0
2026-05-12 17:45:05;0;-10;;;;0
2026-05-12 17:46:10;0;-10;;;;0
2026-05-12 17:47:20;0;-10;;;;0
2026-05-12 17:48:26;0;-10;;;;0
2026-05-12 17:49:41;0;-10;;;;0
2026-05-12 17:50:56;0;-10;;;;0
2026-05-12 17:52:06;0;-10;;;;0
2026-05-12 17:53:12;35.5;-10;;;;1
2026-05-12 17:54:23;27.66;10;;;;6
2026-05-12 17:55:29;21.57;10;;;;7
2026-05-12 17:56:40;21.57;10;;;;6
2026-05-12 17:57:46;26.01;-10;;;;8
2026-05-12 17:58:57;28.54;10;;;;6
2026-05-12 18:00:03;0;10;;;;2
2026-05-12 18:01:12;0;10;;;;0
2026-05-12 18:02:27;16.75;10;;;;0
2026-05-12 18:03:33;0;10;;;;0
2026-05-12 18:04:43;0;10;;;;0
2026-05-12 18:05:49;0;10;;;;0
2026-05-12 18:06:58;0;10;;;;0
2026-05-12 18:08:03;0;10;;;;0
2026-05-12 18:09:13;13.89;10;;;;0
2026-05-12 18:10:19;21.72;10;;;;2
2026-05-12 18:11:30;17.84;10;;;;1
2026-05-12 18:12:35;18.33;10;;;;1
2026-05-12 18:13:41;18.03;10;;;;1
2026-05-12 18:14:51;17.56;10;;;;1
2026-05-12 18:15:58;17.18;10;;;;1
2026-05-12 18:17:08;16.82;10;;;;1
2026-05-12 18:18:14;17.22;10;;;;0
2026-05-12 18:19:30;16.95;10;;;;1
2026-05-12 18:20:36;17.09;10;;;;1
2026-05-12 18:21:52;34.3;-10;;;;2
2026-05-12 18:22:58;37.44;10;;;;3
2026-05-12 18:24:04;17.1;10;;;;2
2026-05-12 18:25:15;16.84;10;;;;3
2026-05-12 18:26:21;16.7;10;;;;2
2026-05-12 18:27:37;16.91;10;;;;2
2026-05-12 18:28:49;16.71;10;;;;3
2026-05-12 18:29:55;16.84;10;;;;2
2026-05-12 18:31:04;17.49;10;;;;2
2026-05-12 18:32:09;17.54;10;;;;2
2026-05-12 18:33:21;16.72;10;;;;1
2026-05-12 18:34:26;17.16;10;;;;1
2026-05-12 18:35:36;17.85;10;;;;1
2026-05-12 18:36:41;17.32;10;;;;1
2026-05-12 18:37:52;17.27;10;;;;1
2026-05-12 18:39:08;17.09;10;;;;1
2026-05-12 18:40:14;18.09;10;;;;0
2026-05-12 18:41:24;18.1;10;;;;1
2026-05-12 18:42:30;17.88;10;;;;0
2026-05-12 18:43:40;19.65;10;;;;1
2026-05-12 18:44:46;17.43;10;;;;0
2026-05-12 18:45:56;17.15;10;;;;0
2026-05-12 18:47:02;17.25;10;;;;1
2026-05-12 18:47:11;;;;;17.98;
2026-05-12 18:48:12;17.08;10;;;;0
2026-05-12 18:49:18;17.35;10;;;;1
2026-05-12 18:50:29;17.05;10;;;;0
2026-05-12 18:51:35;17.21;10;;;;0
2026-05-12 18:52:45;18.04;10;;;;1
2026-05-12 18:53:52;18.5;10;;;;0
2026-05-12 18:55:01;57.79;-10;;;;6
2026-05-12 18:56:07;78.69;-10;;;;6
2026-05-12 18:57:18;47.18;10;;;;1
2026-05-12 18:58:25;58.05;-10;;;;3
2026-05-12 18:59:34;43.72;10;;;;1
2026-05-12 19:00:40;17.21;10;;;;1
2026-05-12 19:01:56;16.86;10;;;;0
2026-05-12 19:03:02;17.18;10;;;;1
2026-05-12 19:04:14;17.68;10;;;;1
2026-05-12 19:05:25;17.59;10;;;;1
2026-05-12 19:06:31;17.17;10;;;;1
2026-05-12 19:07:41;24.02;10;;;;1
2026-05-12 19:08:48;56.98;-10;;;;2
2026-05-12 19:09:58;32.71;-10;;;;0
2026-05-12 19:11:04;39.42;-10;;;;0
2026-05-12 19:12:14;53.36;10;;;;2
2026-05-12 19:13:20;18.12;10;;;;2
2026-05-12 19:14:35;17.62;10;;;;3
2026-05-12 19:15:41;17.55;10;;;;2
2026-05-12 19:16:52;17.1;10;;;;2
2026-05-12 19:17:58;17.59;10;;;;2
2026-05-12 19:19:05;17.73;10;;;;2
2026-05-12 19:20:11;18.85;10;;;;4
2026-05-12 19:21:27;18.59;10;;;;3
2026-05-12 19:22:33;18.87;10;;;;2
2026-05-12 19:23:44;19.1;10;;;;3
2026-05-12 19:24:56;18.81;10;;;;2
2026-05-12 19:26:01;19.83;10;;;;3
2026-05-12 19:27:12;64.88;-10;;;;3
2026-05-12 19:28:19;76.06;10;;;;5
2026-05-12 19:29:29;40.06;10;;;;2
2026-05-12 19:30:35;34.08;-10;;;;1
2026-05-12 19:31:45;29.32;-10;;;;4
2026-05-12 19:32:52;29.65;10;;;;3
2026-05-12 19:34:02;20.2;10;;;;3
2026-05-12 19:35:08;21.27;10;;;;2
2026-05-12 19:36:17;33.12;-10;;;;2
2026-05-12 19:37:23;28.12;10;;;;2
2026-05-12 19:38:29;22.37;10;;;;4
2026-05-12 19:39:44;22.67;10;;;;8
2026-05-12 19:40:56;0;10;;;;2
2026-05-12 19:42:13;0;-10;;;;1
2026-05-12 19:43:20;0;-10;;;;0
2026-05-12 19:44:26;0;-10;;;;0
2026-05-12 19:45:32;0;-10;;;;0
2026-05-12 19:46:21;;;0;0;;
2026-05-12 19:46:42;0;-10;;;;0
2026-05-12 19:47:48;0;-10;;;;0
2026-05-12 19:48:57;14.77;-10;;;;0
2026-05-12 19:50:03;0;-10;;;;0
2026-05-12 19:51:13;0;-10;;;;0
2026-05-12 19:52:18;0.27;-10;;;;0
2026-05-12 19:53:28;0;-10;;;;0
2026-05-12 19:54:33;0.14;-10;;;;0
2026-05-12 19:55:43;0.14;-10;;;;0
2026-05-12 19:56:49;0.14;-10;;;;0
2026-05-12 19:57:58;0;-10;;;;0
2026-05-12 19:59:04;0;-10;;;;0
2026-05-12 20:00:14;0;-10;;;;0
2026-05-12 20:01:19;0;-10;;;;0
2026-05-12 20:02:29;0;-10;;;;0
2026-05-12 20:03:36;0;-10;;;;0
2026-05-12 20:04:44;0;-10;;;;0
2026-05-12 20:05:49;0;-10;;;;0
2026-05-12 20:06:59;0.13;-10;;;;0
2026-05-12 20:08:05;0;-10;;;;0
2026-05-12 20:09:14;0;-10;;;;0
2026-05-12 20:10:20;0;-10;;;;0
2026-05-12 20:11:29;0;-10;;;;0
2026-05-12 20:12:34;0;-10;;;;0
2026-05-12 20:13:44;0;-10;;;;0
2026-05-12 20:14:50;0;-10;;;;0
2026-05-12 20:15:59;0;-10;;;;0
2026-05-12 20:17:07;0;-10;;;;0
2026-05-12 20:18:14;0;-10;;;;0
2026-05-12 20:19:20;0;-10;;;;0
2026-05-12 20:20:30;0;-10;;;;0
2026-05-12 20:21:35;0;-10;;;;0
2026-05-12 20:22:45;0.12;-10;;;;0
2026-05-12 20:23:51;0;-10;;;;0
2026-05-12 20:25:01;0;-10;;;;0
2026-05-12 20:26:07;0;-10;;;;0
2026-05-12 20:28:22;0;-10;;;;0
2026-05-12 20:29:32;0;-10;;;;0
2026-05-12 20:30:52;0;-10;;;;0
2026-05-12 20:32:03;0;-10;;;;0
2026-05-12 20:33:08;0;-10;;;;0
2026-05-12 20:34:18;0.87;10;;;;1
2026-05-12 20:35:24;2.04;10;;;;2
2026-05-12 20:36:34;24.61;-10;;;;2
2026-05-12 20:37:40;26.05;10;;;;6
2026-05-12 20:38:51;24.95;-10;;;;11
2026-05-12 20:39:56;0;10;;;;7
2026-05-12 20:41:07;0;10;;;;0
2026-05-12 20:42:12;0;10;;;;0
2026-05-12 20:43:21;22.04;10;;;;0
2026-05-12 20:44:27;3.25;10;;;;0
2026-05-12 20:45:36;0;10;;;;0
2026-05-12 20:46:42;0;10;;;;0
2026-05-12 20:47:53;0;10;;;;0
2026-05-12 20:48:59;0;10;;;;0
2026-05-12 20:50:07;0;10;;;;0
2026-05-12 20:51:12;0;10;;;;0
2026-05-12 20:52:23;0;10;;;;0
2026-05-12 20:53:39;0;10;;;;0
2026-05-12 20:54:44;0;10;;;;0
2026-05-12 20:55:53;0;10;;;;0
2026-05-12 20:56:58;0;10;;;;0
2026-05-12 20:58:09;0;10;;;;0
2026-05-12 20:59:15;0;10;;;;0
2026-05-12 21:00:24;0;10;;;;0
2026-05-12 21:01:40;0;10;;;;0
2026-05-12 21:02:47;0;10;;;;0
2026-05-12 21:04:03;0;10;;;;0
2026-05-12 21:05:13;0;10;;;;0
2026-05-12 21:06:21;0;10;;;;0
2026-05-12 21:07:28;0;10;;;;0
2026-05-12 21:08:35;0;10;;;;0
2026-05-12 21:09:44;0;10;;;;0
2026-05-12 21:10:49;0;10;;;;0
2026-05-12 21:11:58;0;10;;;;0
2026-05-12 21:13:04;0;10;;;;0
2026-05-12 21:14:14;0;10;;;;0
2026-05-12 21:15:19;0;10;;;;0
2026-05-12 21:16:29;0;10;;;;0
2026-05-12 21:17:34;0;10;;;;0
2026-05-12 21:18:45;0;10;;;;0
2026-05-12 21:19:51;0;10;;;;0
2026-05-12 21:21:00;0;10;;;;0
2026-05-12 21:22:05;0;10;;;;0
2026-05-12 21:23:15;0;10;;;;0
2026-05-12 21:24:21;0;10;;;;0
2026-05-12 21:25:30;0;10;;;;0
2026-05-12 21:26:36;0;10;;;;0
2026-05-12 21:27:45;0;10;;;;0
2026-05-12 21:28:51;0;10;;;;0
2026-05-12 21:30:01;0;10;;;;0
2026-05-12 21:31:06;0;10;;;;0
2026-05-12 21:32:16;0;10;;;;0
2026-05-12 21:33:22;0;10;;;;0
2026-05-12 21:34:31;0;10;;;;0
2026-05-12 21:35:37;0;10;;;;0
2026-05-12 21:36:46;0;10;;;;0
2026-05-12 21:37:52;0;10;;;;0
2026-05-12 21:39:02;0;10;;;;0
2026-05-12 21:40:08;0;10;;;;0
2026-05-12 21:41:17;0;10;;;;0
2026-05-12 21:42:23;0;10;;;;0
2026-05-12 21:43:44;0;10;;;;0
2026-05-12 21:44:54;0;10;;;;0
2026-05-12 21:46:00;0;10;;;;0
2026-05-12 21:47:09;0;10;;;;0
2026-05-12 21:48:15;0;10;;;;0
2026-05-12 21:49:24;0;10;;;;0
2026-05-12 21:50:29;0;10;;;;0
2026-05-12 21:51:39;0;10;;;;0
2026-05-12 21:52:45;0;10;;;;0
2026-05-12 21:53:55;0;10;;;;0
2026-05-12 21:55:00;0;10;;;;0
2026-05-12 21:56:10;0;10;;;;0
2026-05-12 21:57:15;0;10;;;;0
2026-05-12 21:58:25;0;10;;;;0
2026-05-12 21:59:31;0;10;;;;0
2026-05-12 22:00:40;0;10;;;;0
2026-05-12 22:01:46;15.7;10;;;;0
2026-05-12 22:02:55;0;10;;;;0
2026-05-12 22:04:01;0;10;;;;0
2026-05-12 22:05:11;0;10;;;;0
2026-05-12 22:06:16;0;10;;;;0
2026-05-12 22:07:26;0;10;;;;0
2026-05-12 22:08:32;0;10;;;;0
2026-05-12 22:09:42;0;10;;;;0
2026-05-12 22:10:47;0;10;;;;0
2026-05-12 22:11:58;0;10;;;;0
2026-05-12 22:13:07;0;10;;;;0
2026-05-12 22:14:17;0;10;;;;0
2026-05-12 22:15:27;0;10;;;;0
2026-05-12 22:16:33;0;10;;;;0
2026-05-12 22:17:43;0;10;;;;0
2026-05-12 22:18:48;0;10;;;;0
2026-05-12 22:19:58;0;10;;;;0
2026-05-12 22:21:03;0;10;;;;0
2026-05-12 22:22:13;0;10;;;;0
2026-05-12 22:23:19;0;10;;;;0
2026-05-12 22:24:34;0;10;;;;0
2026-05-12 22:25:44;0;10;;;;0
2026-05-12 22:26:50;0;10;;;;0
2026-05-12 22:27:59;0;10;;;;0
2026-05-12 22:29:05;0;10;;;;0
2026-05-12 22:30:14;0;10;;;;0
2026-05-12 22:31:20;0;10;;;;0
2026-05-12 22:32:35;0;10;;;;0
2026-05-12 22:33:45;0;10;;;;0
2026-05-12 22:34:50;0;10;;;;0
2026-05-12 22:36:00;0;10;;;;0
2026-05-12 22:37:05;0;10;;;;0
2026-05-12 22:38:15;0;10;;;;0
2026-05-12 22:39:21;0;10;;;;0
2026-05-12 22:40:30;0;10;;;;0
2026-05-12 22:41:36;0;10;;;;0
2026-05-12 22:42:46;0;10;;;;0
2026-05-12 22:44:02;0;10;;;;0
2026-05-12 22:45:07;0;10;;;;0
2026-05-12 22:46:16;0;10;;;;0
2026-05-12 22:47:22;0;10;;;;0
2026-05-12 22:48:31;0;10;;;;0
2026-05-12 22:49:37;0;10;;;;0
2026-05-12 22:50:47;0;10;;;;0
2026-05-12 22:51:52;0;10;;;;0
2026-05-12 22:53:02;0;10;;;;0
2026-05-12 22:54:07;0;10;;;;0
2026-05-12 22:55:17;0;10;;;;0
2026-05-12 22:56:22;0;10;;;;0
2026-05-12 22:57:32;0;10;;;;0
2026-05-12 22:58:37;0;10;;;;0
2026-05-12 22:59:47;0;10;;;;0
2026-05-12 23:00:52;0;10;;;;0
2026-05-12 23:02:02;0;10;;;;0
2026-05-12 23:03:07;0;10;;;;0
2026-05-12 23:04:23;0;10;;;;0
2026-05-12 23:05:33;0;10;;;;0
2026-05-12 23:06:39;0;10;;;;0
2026-05-12 23:07:48;0;10;;;;0
2026-05-12 23:08:53;0;10;;;;0
2026-05-12 23:10:03;0;10;;;;0
2026-05-12 23:11:09;0;10;;;;0
2026-05-12 23:12:18;0;10;;;;0
2026-05-12 23:13:24;0;10;;;;0
2026-05-12 23:14:33;0;10;;;;0
2026-05-12 23:15:39;0;10;;;;0
2026-05-12 23:16:49;0;10;;;;0
2026-05-12 23:17:54;0;10;;;;0
2026-05-12 23:19:04;0;10;;;;0
2026-05-12 23:20:10;0;10;;;;0
2026-05-12 23:21:19;0;10;;;;0
2026-05-12 23:22:25;0;10;;;;0
2026-05-12 23:23:39;0;10;;;;0
2026-05-12 23:24:49;0;10;;;;0
2026-05-12 23:25:55;0;10;;;;0
2026-05-12 23:27:04;0;10;;;;0
2026-05-12 23:28:10;0;10;;;;0
2026-05-12 23:29:20;0;10;;;;0
2026-05-12 23:30:25;0;10;;;;0
2026-05-12 23:31:35;0;10;;;;0
2026-05-12 23:32:40;0;10;;;;0
2026-05-12 23:33:50;0;10;;;;0
2026-05-12 23:34:55;0;10;;;;0
2026-05-12 23:36:05;0;10;;;;0
2026-05-12 23:37:11;0;10;;;;0
2026-05-12 23:38:20;0;10;;;;0
2026-05-12 23:39:26;0;10;;;;0
2026-05-12 23:40:35;0;10;;;;0
2026-05-12 23:41:41;0;10;;;;0
2026-05-12 23:42:51;0;10;;;;0
2026-05-12 23:43:57;0;10;;;;0
2026-05-12 23:45:06;0;10;;;;0
2026-05-12 23:46:11;0;10;;;;0
2026-05-12 23:47:21;0;10;;;;0
2026-05-12 23:48:26;0;10;;;;0
2026-05-12 23:49:36;0;10;;;;0
2026-05-12 23:50:51;0;10;;;;0
2026-05-12 23:51:56;0;10;;;;0
2026-05-12 23:53:06;0;10;;;;0
2026-05-12 23:54:12;0;10;;;;0
2026-05-12 23:55:21;0;10;;;;0
2026-05-12 23:56:37;0;10;;;;0
2026-05-12 23:57:42;0;10;;;;0
2026-05-12 23:58:52;0;10;;;;0
2026-05-12 23:59:57;0;10;;;;0
2026-05-13 00:01:07;0;10;;;;0
2026-05-13 00:02:12;0;10;;;;0
2026-05-13 00:03:22;0;10;;;;0
2026-05-13 00:04:27;0;10;;;;0
2026-05-13 00:05:37;0;10;;;;0
2026-05-13 00:06:43;0;10;;;;0
2026-05-13 00:07:53;0;10;;;;0
2026-05-13 00:08:58;0;10;;;;0
2026-05-13 00:10:08;0;10;;;;0
2026-05-13 00:11:13;0;10;;;;0
2026-05-13 00:12:23;0;10;;;;0
2026-05-13 00:13:28;0;10;;;;0
2026-05-13 00:14:38;0;10;;;;0
2026-05-13 00:15:53;0;10;;;;0
2026-05-13 00:16:59;0;10;;;;0
2026-05-13 00:18:08;0;10;;;;0
2026-05-13 00:19:14;0;10;;;;0
2026-05-13 00:20:24;0;10;;;;0
2026-05-13 00:21:29;0;10;;;;0
2026-05-13 00:22:39;0;10;;;;0
2026-05-13 00:23:45;0;10;;;;0
2026-05-13 00:24:54;0;10;;;;0
2026-05-13 00:26:00;0;10;;;;0
2026-05-13 00:27:09;0;10;;;;0
2026-05-13 00:28:15;0;10;;;;0
2026-05-13 00:29:25;0;10;;;;0
2026-05-13 00:30:30;0;10;;;;0
2026-05-13 00:31:40;0;10;;;;0
2026-05-13 00:32:46;0;10;;;;0
2026-05-13 00:33:55;0;10;;;;0
2026-05-13 00:35:01;0;10;;;;0
2026-05-13 00:36:11;0;10;;;;0
2026-05-13 00:37:16;0;10;;;;0
2026-05-13 00:38:26;0;10;;;;0
2026-05-13 00:39:31;0;10;;;;0
2026-05-13 00:40:41;0;10;;;;0
2026-05-13 00:41:47;0;10;;;;0
2026-05-13 00:42:57;0;10;;;;0
2026-05-13 00:44:02;0;10;;;;0
2026-05-13 00:45:12;0;10;;;;0
2026-05-13 00:46:17;0;10;;;;0
2026-05-13 00:47:27;0;10;;;;0
2026-05-13 00:48:33;0;10;;;;0
2026-05-13 00:49:43;0;10;;;;0
2026-05-13 00:50:48;0;10;;;;0
2026-05-13 00:51:58;0;10;;;;0
2026-05-13 00:53:03;0;10;;;;0
2026-05-13 00:54:13;0;10;;;;0
2026-05-13 00:55:18;0;10;;;;0
2026-05-13 00:56:28;0;10;;;;0
2026-05-13 00:57:33;0;10;;;;0
2026-05-13 00:58:43;0;10;;;;0
2026-05-13 00:59:48;0;10;;;;0
2026-05-13 01:00:58;0;10;;;;0
2026-05-13 01:02:04;0;10;;;;0
2026-05-13 01:03:13;0;10;;;;0
2026-05-13 01:04:19;0;10;;;;0
2026-05-13 01:05:28;0;10;;;;0
2026-05-13 01:06:34;0;10;;;;0
2026-05-13 01:07:44;0;10;;;;0
2026-05-13 01:08:50;0;10;;;;0
2026-05-13 01:09:59;0;10;;;;0
2026-05-13 01:11:05;0;10;;;;0
2026-05-13 01:12:14;0;10;;;;0
2026-05-13 01:13:20;0;10;;;;0
2026-05-13 01:14:29;0;10;;;;0
2026-05-13 01:15:35;0;10;;;;0
2026-05-13 01:16:45;0;10;;;;0
2026-05-13 01:17:50;0;10;;;;0
2026-05-13 01:19:00;0;10;;;;0
2026-05-13 01:20:06;0;10;;;;0
2026-05-13 01:21:16;0;10;;;;0
2026-05-13 01:22:31;0;10;;;;0
2026-05-13 01:23:36;0;10;;;;0
2026-05-13 01:24:46;0;10;;;;0
2026-05-13 01:25:52;0;10;;;;0
2026-05-13 01:27:01;0;10;;;;0
2026-05-13 01:28:07;0;10;;;;0
2026-05-13 01:29:16;0;10;;;;0
2026-05-13 01:30:22;0;10;;;;0
2026-05-13 01:31:32;0;10;;;;0
2026-05-13 01:32:37;0;10;;;;0
2026-05-13 01:33:47;0;10;;;;0
2026-05-13 01:34:52;0;10;;;;0
2026-05-13 01:36:03;0;10;;;;0
2026-05-13 01:37:08;0;10;;;;0
2026-05-13 01:38:18;0;10;;;;0
2026-05-13 01:39:23;0;10;;;;0
2026-05-13 01:41:42;0;10;;;;0
2026-05-13 01:42:47;0;10;;;;0
2026-05-13 01:43:53;0;10;;;;0
2026-05-13 01:45:02;0;10;;;;0
2026-05-13 01:46:08;0;10;;;;0
2026-05-13 01:47:18;0;10;;;;0
2026-05-13 01:48:23;0;10;;;;0
2026-05-13 01:49:33;0;10;;;;0
2026-05-13 01:50:39;0;10;;;;0
2026-05-13 01:51:48;0;10;;;;0
2026-05-13 01:52:54;0;10;;;;0
2026-05-13 01:54:04;0;10;;;;0
2026-05-13 01:55:09;0;10;;;;0
2026-05-13 01:56:19;0;10;;;;0
2026-05-13 01:57:24;0;10;;;;0
2026-05-13 01:58:34;0;10;;;;0
2026-05-13 01:59:39;0;10;;;;0
2026-05-13 02:00:50;0;10;;;;0
2026-05-13 02:01:55;0;10;;;;0
2026-05-13 02:03:05;0;10;;;;0
2026-05-13 02:04:11;0;10;;;;0
2026-05-13 02:05:20;0;10;;;;0
2026-05-13 02:06:25;0;10;;;;0
2026-05-13 02:07:36;0;10;;;;0
2026-05-13 02:08:41;0;10;;;;0
2026-05-13 02:09:51;0;10;;;;0
2026-05-13 02:10:56;0;10;;;;0
2026-05-13 02:12:06;0;10;;;;0
2026-05-13 02:13:11;0;10;;;;0
2026-05-13 02:14:21;0;10;;;;0
2026-05-13 02:15:26;0;10;;;;0
2026-05-13 02:16:36;0;10;;;;0
2026-05-13 02:17:42;0;10;;;;0
2026-05-13 02:18:52;0;10;;;;0
2026-05-13 02:19:57;0;10;;;;0
2026-05-13 02:21:07;0;10;;;;0
2026-05-13 02:22:12;0;10;;;;0
2026-05-13 02:23:27;0;10;;;;0
2026-05-13 02:24:37;0;10;;;;0
2026-05-13 02:25:52;0;10;;;;0
2026-05-13 02:26:57;0;10;;;;0
2026-05-13 02:28:07;0;10;;;;0
2026-05-13 02:29:12;0;10;;;;0
2026-05-13 02:30:22;0;10;;;;0
2026-05-13 02:31:28;0;10;;;;0
2026-05-13 02:32:37;0;10;;;;0
2026-05-13 02:33:43;0;10;;;;0
2026-05-13 02:34:53;0;10;;;;0
2026-05-13 02:35:58;0;10;;;;0
2026-05-13 02:37:08;0;10;;;;0
2026-05-13 02:38:13;0;10;;;;0
2026-05-13 02:39:23;0;10;;;;0
2026-05-13 02:40:39;0;10;;;;0
2026-05-13 02:41:44;0;10;;;;0
2026-05-13 02:42:54;0;10;;;;0
2026-05-13 02:43:59;0;10;;;;0
2026-05-13 02:45:09;0;10;;;;0
2026-05-13 02:46:14;0;10;;;;0
2026-05-13 02:47:24;0;10;;;;0
2026-05-13 02:48:29;0;10;;;;0
2026-05-13 02:49:39;0;10;;;;0
2026-05-13 02:50:44;0;10;;;;0
2026-05-13 02:51:54;0;10;;;;0
2026-05-13 02:53:00;0;10;;;;0
2026-05-13 02:54:10;0;10;;;;0
2026-05-13 02:55:15;0;10;;;;0
2026-05-13 02:56:25;0;10;;;;0
2026-05-13 02:57:30;0;10;;;;0
2026-05-13 02:58:40;0;10;;;;0
2026-05-13 02:59:55;0;10;;;;0
2026-05-13 03:01:01;0;10;;;;0
2026-05-13 03:02:10;0;10;;;;0
2026-05-13 03:03:16;0;10;;;;0
2026-05-13 03:04:25;0;10;;;;0
2026-05-13 03:05:31;0;10;;;;0
2026-05-13 03:06:40;0;10;;;;0
2026-05-13 03:07:46;0;10;;;;0
2026-05-13 03:08:56;0;10;;;;0
2026-05-13 03:10:01;0;10;;;;0
2026-05-13 03:11:11;0;10;;;;0
2026-05-13 03:12:16;0;10;;;;0
2026-05-13 03:13:26;0;10;;;;0
2026-05-13 03:14:31;0;10;;;;0
2026-05-13 03:15:42;0;10;;;;0
2026-05-13 03:16:47;0;10;;;;0
2026-05-13 03:17:57;0;10;;;;0
2026-05-13 03:19:02;0;10;;;;0
2026-05-13 03:20:17;0;10;;;;0
2026-05-13 03:21:27;0;10;;;;0
2026-05-13 03:22:33;0;10;;;;0
2026-05-13 03:23:43;0;10;;;;0
2026-05-13 03:24:48;0;10;;;;0
2026-05-13 03:25:58;0;10;;;;0
2026-05-13 03:27:03;0;10;;;;0
2026-05-13 03:28:13;0;10;;;;0
2026-05-13 03:29:18;0;10;;;;0
2026-05-13 03:30:28;0;10;;;;0
2026-05-13 03:31:34;0;10;;;;0
2026-05-13 03:32:43;0;10;;;;0
2026-05-13 03:33:49;0;10;;;;0
2026-05-13 03:34:59;0;10;;;;0
2026-05-13 03:36:04;0;10;;;;0
2026-05-13 03:37:14;0;10;;;;0
2026-05-13 03:38:19;0;10;;;;0
2026-05-13 03:39:29;0;10;;;;0
2026-05-13 03:40:34;0;10;;;;0
2026-05-13 03:41:44;0;10;;;;0
2026-05-13 03:42:50;0;10;;;;0
2026-05-13 03:43:59;0;10;;;;0
2026-05-13 03:45:05;0;10;;;;0
2026-05-13 03:46:15;0;10;;;;0
2026-05-13 03:47:20;0;10;;;;0
2026-05-13 03:48:30;0;10;;;;0
2026-05-13 03:49:35;0;10;;;;0
2026-05-13 03:50:45;0;10;;;;0
2026-05-13 03:51:50;0;10;;;;0
2026-05-13 03:53:00;0;10;;;;0
2026-05-13 03:54:06;0;10;;;;0
2026-05-13 03:55:16;0;10;;;;0
2026-05-13 03:56:21;0;10;;;;0
2026-05-13 03:57:31;0;10;;;;0
2026-05-13 03:58:36;0;10;;;;0
2026-05-13 03:59:46;0;10;;;;0
2026-05-13 04:00:52;0;10;;;;0
2026-05-13 04:02:01;0;10;;;;0
2026-05-13 04:03:07;0;10;;;;0
2026-05-13 04:04:17;0;10;;;;0
2026-05-13 04:05:23;0;10;;;;0
2026-05-13 04:06:32;0;10;;;;0
2026-05-13 04:07:37;0;10;;;;0
2026-05-13 04:08:47;0;10;;;;0
2026-05-13 04:09:52;0;10;;;;0
2026-05-13 04:11:02;0;10;;;;0
2026-05-13 04:12:07;0;10;;;;0
2026-05-13 04:13:17;0;10;;;;0
2026-05-13 04:14:23;0;10;;;;0
2026-05-13 04:15:33;0;10;;;;0
2026-05-13 04:16:38;0;10;;;;0
2026-05-13 04:17:48;0;10;;;;0
2026-05-13 04:18:54;0;10;;;;0
2026-05-13 04:20:09;0;10;;;;0
2026-05-13 04:21:19;0;10;;;;0
2026-05-13 04:22:24;0;10;;;;0
2026-05-13 04:23:34;0;10;;;;0
2026-05-13 04:24:40;0;10;;;;0
2026-05-13 04:25:49;0;10;;;;0
2026-05-13 04:26:55;0;10;;;;0
2026-05-13 04:28:04;0;10;;;;0
2026-05-13 04:29:10;0;10;;;;0
2026-05-13 04:30:20;0;10;;;;0
2026-05-13 04:31:26;0;10;;;;0
2026-05-13 04:32:35;0;10;;;;0
2026-05-13 04:33:40;0;10;;;;0
2026-05-13 04:34:50;0;10;;;;0
2026-05-13 04:36:05;0;10;;;;0
2026-05-13 04:37:11;0;10;;;;0
2026-05-13 04:38:21;0;10;;;;0
2026-05-13 04:39:26;0;10;;;;0
2026-05-13 04:40:35;0;10;;;;0
2026-05-13 04:41:41;0;10;;;;0
2026-05-13 04:42:51;0;10;;;;0
2026-05-13 04:43:56;0;10;;;;0
2026-05-13 04:45:06;0;10;;;;0
2026-05-13 04:46:12;0;10;;;;0
2026-05-13 04:47:21;0;10;;;;0
2026-05-13 04:48:27;0;10;;;;0
2026-05-13 04:49:36;0;10;;;;0
2026-05-13 04:50:42;0;10;;;;0
2026-05-13 04:51:52;0;10;;;;0
2026-05-13 04:52:57;0;10;;;;0
2026-05-13 04:54:07;0;10;;;;0
2026-05-13 04:55:12;0;10;;;;0
2026-05-13 04:56:22;0;10;;;;0
2026-05-13 04:57:27;0;10;;;;0
2026-05-13 04:58:37;0;10;;;;0
2026-05-13 04:59:42;0;10;;;;0
2026-05-13 05:00:52;0;10;;;;0
2026-05-13 05:01:58;0;10;;;;0
2026-05-13 05:03:08;0;10;;;;0
2026-05-13 05:04:14;0;10;;;;0
2026-05-13 05:05:23;0;10;;;;0
2026-05-13 05:06:28;0;10;;;;0
2026-05-13 05:07:38;0;10;;;;0
2026-05-13 05:08:53;0;10;;;;0
2026-05-13 05:09:58;0;10;;;;0
2026-05-13 05:11:08;0;10;;;;0
2026-05-13 05:12:13;0;10;;;;0
2026-05-13 05:13:29;0;10;;;;0
2026-05-13 05:14:39;0;10;;;;0
2026-05-13 05:15:44;0;10;;;;0
2026-05-13 05:16:54;0;10;;;;0
2026-05-13 05:17:59;0;10;;;;0
2026-05-13 05:19:10;0;10;;;;0
2026-05-13 05:20:15;0;10;;;;0
2026-05-13 05:21:25;0;10;;;;0
2026-05-13 05:22:30;0;10;;;;0
2026-05-13 05:23:46;0;10;;;;0
2026-05-13 05:24:54;0;10;;;;0
2026-05-13 05:26:00;0;10;;;;0
2026-05-13 05:27:10;0;10;;;;0
2026-05-13 05:28:15;0;10;;;;0
2026-05-13 05:29:25;0;10;;;;0
2026-05-13 05:30:30;0;10;;;;0
2026-05-13 05:31:40;0;10;;;;0
2026-05-13 05:32:45;0;10;;;;0
2026-05-13 05:33:56;0;10;;;;0
2026-05-13 05:35:01;0;10;;;;0
2026-05-13 05:36:11;0;10;;;;0
2026-05-13 05:37:16;0;10;;;;0
2026-05-13 05:38:26;0;10;;;;0
2026-05-13 05:39:31;0;10;;;;0
2026-05-13 05:40:41;0;10;;;;0
2026-05-13 05:41:46;0;10;;;;0
2026-05-13 05:43:01;0;10;;;;0
2026-05-13 05:44:11;0;10;;;;0
2026-05-13 05:45:17;0;10;;;;0
2026-05-13 05:46:32;0;10;;;;0
2026-05-13 05:47:42;0;10;;;;0
2026-05-13 05:48:47;0;10;;;;0
2026-05-13 05:49:58;0;10;;;;0
2026-05-13 05:51:03;0;10;;;;0
2026-05-13 05:52:13;0;10;;;;0
2026-05-13 05:53:18;0;10;;;;0
2026-05-13 05:54:28;0;10;;;;0
2026-05-13 05:55:33;0;10;;;;0
2026-05-13 05:56:48;0;10;;;;0
2026-05-13 05:58:03;0;10;;;;0
2026-05-13 05:59:09;0;10;;;;0
2026-05-13 06:00:19;0;10;;;;0
2026-05-13 06:01:29;0;10;;;;0
2026-05-13 06:02:34;0;10;;;;0
2026-05-13 06:03:44;0;10;;;;0
2026-05-13 06:04:50;0;10;;;;0
2026-05-13 06:05:59;0;10;;;;0
2026-05-13 06:07:05;0;10;;;;0
2026-05-13 06:08:14;0;10;;;;0
2026-05-13 06:09:20;0;10;;;;0
2026-05-13 06:10:30;0;10;;;;0
2026-05-13 06:11:35;0;10;;;;0
2026-05-13 06:12:45;0;10;;;;0
2026-05-13 06:13:51;0;10;;;;0
2026-05-13 06:15:00;0;10;;;;0
2026-05-13 06:16:06;0;10;;;;0
2026-05-13 06:17:16;0;10;;;;0
2026-05-13 06:18:21;0;10;;;;0
2026-05-13 06:19:31;0;10;;;;0
2026-05-13 06:20:36;0;10;;;;0
2026-05-13 06:21:46;0;10;;;;0
2026-05-13 06:22:51;0;10;;;;0
2026-05-13 06:24:01;0;10;;;;0
2026-05-13 06:25:07;0;10;;;;0
2026-05-13 06:26:16;0;10;;;;0
2026-05-13 06:27:22;0;10;;;;0
2026-05-13 06:28:32;0;10;;;;0
2026-05-13 06:29:37;0;10;;;;0
2026-05-13 06:30:47;0;10;;;;0
2026-05-13 06:31:52;0;10;;;;0
2026-05-13 06:33:02;0;10;;;;0
2026-05-13 06:34:08;0;10;;;;0
2026-05-13 06:35:17;0;10;;;;0
2026-05-13 06:36:23;0;10;;;;0
2026-05-13 06:37:33;0;10;;;;0
2026-05-13 06:38:38;0;10;;;;0
2026-05-13 06:39:48;0;10;;;;0
2026-05-13 06:40:53;0;10;;;;0
2026-05-13 06:42:03;0;10;;;;0
2026-05-13 06:43:18;0;10;;;;0
2026-05-13 06:44:24;0;10;;;;0
2026-05-13 06:45:33;0;10;;;;0
2026-05-13 06:46:39;0;10;;;;0
2026-05-13 06:47:48;0;10;;;;0
2026-05-13 06:48:54;0;10;;;;0
2026-05-13 06:50:03;0;10;;;;0
2026-05-13 06:51:09;0;10;;;;0
2026-05-13 06:52:19;0;10;;;;0
2026-05-13 06:53:24;0;10;;;;0
2026-05-13 06:54:34;0;10;;;;0
2026-05-13 06:55:39;0;10;;;;0
2026-05-13 06:56:49;0;10;;;;0
2026-05-13 06:57:54;0;10;;;;0
2026-05-13 06:59:04;0;10;;;;0
2026-05-13 07:00:10;0;10;;;;0
2026-05-13 07:01:19;0;10;;;;0
2026-05-13 07:02:34;0;10;;;;0
2026-05-13 07:03:40;0;10;;;;0
2026-05-13 07:04:50;0;10;;;;0
2026-05-13 07:05:55;0;10;;;;0
2026-05-13 07:07:05;0;10;;;;0
2026-05-13 07:08:11;0;10;;;;0
2026-05-13 07:09:20;0;10;;;;0
2026-05-13 07:10:26;0;10;;;;0
2026-05-13 07:11:35;0;10;;;;0
2026-05-13 07:12:41;0;10;;;;0
2026-05-13 07:13:50;0;10;;;;0
2026-05-13 07:14:56;0;10;;;;0
2026-05-13 07:16:05;0;10;;;;0
2026-05-13 07:17:11;0;10;;;;0
2026-05-13 07:18:21;0;10;;;;0
2026-05-13 07:19:26;0;10;;;;0
2026-05-13 07:20:36;0;10;;;;0
2026-05-13 07:21:42;0;10;;;;0
2026-05-13 07:22:51;0;10;;;;0
2026-05-13 07:23:57;0;10;;;;0
2026-05-13 07:25:07;0;10;;;;0
2026-05-13 07:26:12;0;10;;;;0
2026-05-13 07:27:22;0;10;;;;0
2026-05-13 07:28:27;0;10;;;;0
2026-05-13 07:29:37;0;10;;;;0
2026-05-13 07:30:43;0;10;;;;0
2026-05-13 07:31:52;0;10;;;;0
2026-05-13 07:32:58;0;10;;;;0
2026-05-13 07:34:07;0;10;;;;0
2026-05-13 07:35:13;0;10;;;;0
2026-05-13 07:36:22;0;10;;;;0
2026-05-13 07:37:28;0;10;;;;0
2026-05-13 07:38:38;0;10;;;;0
2026-05-13 07:39:43;0;10;;;;0
2026-05-13 07:40:53;0;10;;;;0
2026-05-13 07:41:58;0;10;;;;0
2026-05-13 07:43:08;0;10;;;;0
2026-05-13 07:44:13;0;10;;;;0
2026-05-13 07:45:23;0;10;;;;0
2026-05-13 07:46:29;0;10;;;;0
2026-05-13 07:47:39;0;10;;;;0
2026-05-13 07:48:44;0;10;;;;0
2026-05-13 07:49:54;0;10;;;;0
2026-05-13 07:51:14;0;10;;;;0
2026-05-13 07:52:24;0;10;;;;0
2026-05-13 07:53:30;0;10;;;;0
2026-05-13 07:54:40;0;10;;;;0
2026-05-13 07:55:45;0;10;;;;0
2026-05-13 07:56:55;0;10;;;;0
2026-05-13 07:58:00;0;10;;;;0
2026-05-13 07:59:10;0;10;;;;0
2026-05-13 08:00:15;0;10;;;;0
2026-05-13 08:01:25;0;10;;;;0
2026-05-13 08:02:30;0;10;;;;0
2026-05-13 08:03:41;0;10;;;;0
2026-05-13 08:04:46;0;10;;;;0
2026-05-13 08:05:56;0;10;;;;0
2026-05-13 08:07:01;0;10;;;;0
2026-05-13 08:08:11;0;10;;;;0
2026-05-13 08:09:16;0;10;;;;0
2026-05-13 08:10:26;0;10;;;;0
2026-05-13 08:11:31;0;10;;;;0
2026-05-13 08:12:41;0;10;;;;0
2026-05-13 08:13:47;0;10;;;;0
2026-05-13 08:14:56;0;10;;;;0
2026-05-13 08:16:01;0;10;;;;0
2026-05-13 08:17:11;0;10;;;;0
2026-05-13 08:18:17;0;10;;;;0
2026-05-13 08:19:26;0;10;;;;0
2026-05-13 08:20:32;0;10;;;;0
2026-05-13 08:21:41;0;10;;;;0
2026-05-13 08:22:56;0;10;;;;0
2026-05-13 08:24:02;0;10;;;;0
2026-05-13 08:25:12;0;10;;;;0
2026-05-13 08:26:17;0;10;;;;0
2026-05-13 08:27:28;0;10;;;;0
2026-05-13 08:28:34;0;10;;;;0
2026-05-13 08:29:49;0;10;;;;0
2026-05-13 08:30:59;0;10;;;;0
2026-05-13 08:32:05;0;10;;;;0
2026-05-13 08:33:15;0;10;;;;0
2026-05-13 08:34:20;0;10;;;;0
2026-05-13 08:35:29;0;10;;;;0
2026-05-13 08:36:35;0;10;;;;0
2026-05-13 08:37:45;0;10;;;;0
2026-05-13 08:38:50;0;10;;;;0
2026-05-13 08:40:00;0;10;;;;0
2026-05-13 08:41:06;0;10;;;;0
2026-05-13 08:42:15;0;10;;;;0
2026-05-13 08:43:21;0;10;;;;0
2026-05-13 08:44:30;0;10;;;;0
2026-05-13 08:45:36;0;10;;;;0
2026-05-13 08:46:51;0;10;;;;0
2026-05-13 08:48:01;0;10;;;;0
2026-05-13 08:49:06;0;10;;;;0
2026-05-13 08:50:16;0;10;;;;0
2026-05-13 08:51:21;0;10;;;;0
2026-05-13 08:52:31;0;10;;;;0
2026-05-13 08:53:36;0;10;;;;0
2026-05-13 08:54:46;0;10;;;;0
2026-05-13 08:55:52;0;10;;;;0
2026-05-13 08:57:02;0;10;;;;0
2026-05-13 08:58:08;0;10;;;;0
2026-05-13 08:59:16;0;10;;;;0
2026-05-13 09:00:22;0;10;;;;0
2026-05-13 09:01:32;0;10;;;;0
2026-05-13 09:02:37;0;10;;;;0
2026-05-13 09:03:47;0;10;;;;0
2026-05-13 09:04:52;0;10;;;;0
2026-05-13 09:06:02;0;10;;;;0
2026-05-13 09:07:07;0;10;;;;0
2026-05-13 09:08:17;0;10;;;;0
2026-05-13 09:09:23;0;10;;;;0
2026-05-13 09:10:38;0;10;;;;0
2026-05-13 09:11:49;0;10;;;;0
2026-05-13 09:12:54;0;10;;;;0
2026-05-13 09:14:04;0;10;;;;0
2026-05-13 09:15:19;0;10;;;;0
2026-05-13 09:16:24;0;10;;;;0
2026-05-13 09:17:34;0;10;;;;0
2026-05-13 09:18:39;0;10;;;;0
2026-05-13 09:19:49;0;10;;;;0
2026-05-13 09:20:55;0;10;;;;0
2026-05-13 09:22:04;0;10;;;;0
2026-05-13 09:23:09;0;10;;;;0
2026-05-13 09:24:19;0;10;;;;0
2026-05-13 09:25:25;0;10;;;;0
2026-05-13 09:26:35;0;10;;;;0
2026-05-13 09:27:40;0;10;;;;0
2026-05-13 09:28:50;0;10;;;;0
2026-05-13 09:29:56;0;10;;;;0
2026-05-13 09:31:06;0;10;;;;0
2026-05-13 09:32:11;0;10;;;;0
2026-05-13 09:33:26;0;10;;;;0
2026-05-13 09:34:41;0;10;;;;0
2026-05-13 09:35:47;0;10;;;;0
2026-05-13 09:36:57;0;10;;;;0
2026-05-13 09:38:07;0;10;;;;0
2026-05-13 09:39:15;0;10;;;;0
2026-05-13 09:40:22;0;10;;;;0
2026-05-13 09:41:28;0;10;;;;0
2026-05-13 09:42:38;0;10;;;;0
2026-05-13 09:43:43;0;10;;;;0
2026-05-13 09:44:53;0;10;;;;0
2026-05-13 09:45:58;0;10;;;;0
2026-05-13 09:47:08;0;10;;;;0
2026-05-13 09:48:14;0;10;;;;0
2026-05-13 09:49:23;0;10;;;;0
2026-05-13 09:50:29;0;10;;;;0
2026-05-13 09:51:40;0;10;;;;0
2026-05-13 09:52:45;0;10;;;;0
2026-05-13 09:53:54;0;10;;;;0
2026-05-13 09:54:59;0;10;;;;0
2026-05-13 09:56:10;0;10;;;;0
2026-05-13 09:57:15;0;10;;;;0
2026-05-13 09:58:24;0;10;;;;0
2026-05-13 09:59:30;0;10;;;;0
2026-05-13 10:00:40;0;10;;;;0
2026-05-13 10:01:45;0;10;;;;0
2026-05-13 10:02:55;0;10;;;;0
2026-05-13 10:04:00;0;10;;;;0
2026-05-13 10:05:10;0;10;;;;0
2026-05-13 10:06:15;0;10;;;;0
2026-05-13 10:07:25;0;10;;;;0
2026-05-13 10:08:31;0;10;;;;0
2026-05-13 10:09:40;0;10;;;;0
2026-05-13 10:10:46;0;10;;;;0
2026-05-13 10:11:56;0;10;;;;0
2026-05-13 10:13:01;0;10;;;;0
2026-05-13 10:14:11;0;10;;;;0
2026-05-13 10:15:16;0;10;;;;0
2026-05-13 10:16:26;0;10;;;;0
2026-05-13 10:17:31;0;10;;;;0
2026-05-13 10:18:42;0;10;;;;0
2026-05-13 10:19:47;0;10;;;;0
2026-05-13 10:20:56;0;10;;;;0
2026-05-13 10:22:01;0;10;;;;0
2026-05-13 10:23:11;0;10;;;;0
2026-05-13 10:24:16;0;10;;;;0
2026-05-13 10:25:26;0;10;;;;0
2026-05-13 10:26:32;0;10;;;;0
2026-05-13 10:27:41;0;10;;;;0
2026-05-13 10:28:47;0;10;;;;0
2026-05-13 10:29:56;0;10;;;;0
2026-05-13 10:31:02;0;10;;;;0
2026-05-13 10:32:11;0;10;;;;0
2026-05-13 10:33:17;0;10;;;;0
2026-05-13 10:34:32;0;10;;;;0
2026-05-13 10:35:42;0;10;;;;0
2026-05-13 10:36:47;0;10;;;;0
2026-05-13 10:37:57;0;10;;;;0
2026-05-13 10:39:03;0;10;;;;0
2026-05-13 10:40:12;0;10;;;;0
2026-05-13 10:41:18;0;10;;;;0
2026-05-13 10:42:27;0;10;;;;0
2026-05-13 10:43:33;0;10;;;;0
2026-05-13 10:44:43;0;10;;;;0
2026-05-13 10:45:48;0;10;;;;0
2026-05-13 10:46:58;0;10;;;;0
2026-05-13 10:48:04;0;10;;;;0
2026-05-13 10:49:13;0;10;;;;0
2026-05-13 10:50:19;0;10;;;;0
2026-05-13 10:51:29;0;10;;;;0
2026-05-13 10:52:34;0;10;;;;0
2026-05-13 10:53:44;0;10;;;;0
2026-05-13 10:54:50;0;10;;;;0
2026-05-13 10:55:59;0;10;;;;0
2026-05-13 10:57:05;0;10;;;;0
2026-05-13 10:58:14;0;10;;;;0
2026-05-13 10:59:20;0;10;;;;0
2026-05-13 11:00:30;0;10;;;;0
2026-05-13 11:01:35;0;10;;;;0
2026-05-13 11:02:45;0;10;;;;0
2026-05-13 11:04:00;0;10;;;;0
2026-05-13 11:05:05;0;10;;;;0
2026-05-13 11:06:15;0;10;;;;0
2026-05-13 11:07:21;0;10;;;;0
2026-05-13 11:08:30;0;10;;;;0
2026-05-13 11:09:36;0;10;;;;0
2026-05-13 11:10:45;0;10;;;;0
2026-05-13 11:11:51;0;10;;;;0
2026-05-13 11:13:01;0;10;;;;0
2026-05-13 11:14:06;0;10;;;;0
2026-05-13 11:15:16;0;10;;;;0
2026-05-13 11:16:21;0;10;;;;0
2026-05-13 11:17:31;0;10;;;;0
2026-05-13 11:18:36;0;10;;;;0
2026-05-13 11:19:47;0;10;;;;0
2026-05-13 11:20:52;0;10;;;;0
2026-05-13 11:22:07;0;10;;;;0
2026-05-13 11:23:17;0;10;;;;0
2026-05-13 11:24:22;0;10;;;;0
2026-05-13 11:25:32;0;10;;;;0
2026-05-13 11:26:37;0;10;;;;0
2026-05-13 11:27:47;0;10;;;;0
2026-05-13 11:28:53;0;10;;;;0
2026-05-13 11:30:02;0;10;;;;0
2026-05-13 11:31:08;0;10;;;;0
2026-05-13 11:32:23;0;10;;;;0
2026-05-13 11:33:33;0;10;;;;0
2026-05-13 11:34:39;0;10;;;;0
2026-05-13 11:35:48;0;10;;;;0
2026-05-13 11:36:55;0;10;;;;0
2026-05-13 11:38:04;0;10;;;;0
2026-05-13 11:39:09;0;10;;;;0
2026-05-13 11:40:19;0;10;;;;0
2026-05-13 11:41:24;0;10;;;;0
2026-05-13 11:42:34;0;10;;;;0
2026-05-13 11:43:39;0;10;;;;0
2026-05-13 11:44:50;0;10;;;;0
2026-05-13 11:45:56;0;10;;;;0
2026-05-13 11:47:05;0;10;;;;0
2026-05-13 11:48:10;0;10;;;;0
2026-05-13 11:49:20;0;10;;;;0
2026-05-13 11:50:25;0;10;;;;0
2026-05-13 11:51:35;0;10;;;;0
2026-05-13 11:52:40;0;10;;;;0
2026-05-13 11:53:50;0;10;;;;0
2026-05-13 11:54:56;0;10;;;;0
2026-05-13 11:56:05;0;10;;;;0
2026-05-13 11:57:11;0;10;;;;0
2026-05-13 11:58:20;0;10;;;;0
2026-05-13 11:59:26;0;10;;;;0
2026-05-13 12:00:36;0;10;;;;0
2026-05-13 12:01:51;0;10;;;;0
2026-05-13 12:02:56;0;10;;;;0
2026-05-13 12:04:06;0;10;;;;0
2026-05-13 12:05:12;0;10;;;;0
2026-05-13 12:06:21;0;10;;;;0
2026-05-13 12:07:27;0;10;;;;0
2026-05-13 12:08:37;0;10;;;;0
2026-05-13 12:09:42;0;10;;;;0
2026-05-13 12:10:52;0;10;;;;0
2026-05-13 12:11:57;0;10;;;;0
2026-05-13 12:13:07;0;10;;;;0
2026-05-13 12:14:13;0;10;;;;0
2026-05-13 12:15:22;0;10;;;;0
2026-05-13 12:16:28;0;10;;;;0
2026-05-13 12:17:38;0;10;;;;0
2026-05-13 12:18:43;0;10;;;;0
2026-05-13 12:19:53;0;10;;;;0
2026-05-13 12:20:58;0;10;;;;0
2026-05-13 12:22:08;0;10;;;;0
2026-05-13 12:23:14;0;10;;;;0
2026-05-13 12:24:23;0;10;;;;0
2026-05-13 12:25:29;0;10;;;;0
2026-05-13 12:26:45;0;10;;;;0
2026-05-13 12:27:55;0;10;;;;0
2026-05-13 12:29:00;0;10;;;;0
2026-05-13 12:30:10;0;10;;;;0
2026-05-13 12:31:15;0;10;;;;0
2026-05-13 12:32:25;0;10;;;;0
2026-05-13 12:33:31;0;10;;;;0
2026-05-13 12:34:40;0;10;;;;0
2026-05-13 12:35:56;0;10;;;;0
2026-05-13 12:37:01;0;10;;;;0
2026-05-13 12:38:14;0;10;;;;0
2026-05-13 12:39:19;0;10;;;;0
2026-05-13 12:40:26;0;10;;;;0
2026-05-13 12:41:31;0;10;;;;0
2026-05-13 12:42:41;0;10;;;;0
2026-05-13 12:43:47;0;10;;;;0
2026-05-13 12:44:56;0;10;;;;0
2026-05-13 12:46:11;0;10;;;;0
2026-05-13 12:47:17;0;10;;;;0
2026-05-13 12:48:27;0;10;;;;0
2026-05-13 12:49:32;0;10;;;;0
2026-05-13 12:50:41;0;10;;;;0
2026-05-13 12:51:47;0;10;;;;0
2026-05-13 12:53:02;0;10;;;;0
2026-05-13 12:54:12;0;10;;;;0
2026-05-13 12:55:17;0;10;;;;0
2026-05-13 12:56:27;0;10;;;;0
2026-05-13 12:57:32;0;10;;;;0
2026-05-13 12:58:42;0;10;;;;0
2026-05-13 12:59:48;0;10;;;;0
2026-05-13 13:01:03;0;10;;;;0
2026-05-13 13:02:13;0;10;;;;0
2026-05-13 13:03:18;0;10;;;;0
2026-05-13 13:04:28;0;10;;;;0
2026-05-13 13:05:33;0;10;;;;0
2026-05-13 13:06:43;0;10;;;;0
2026-05-13 13:07:48;0;10;;;;0
2026-05-13 13:08:58;0;10;;;;0
2026-05-13 13:10:04;0;10;;;;0
2026-05-13 13:11:13;0;10;;;;0
2026-05-13 13:12:28;0;10;;;;0
2026-05-13 13:13:34;0.86;10;;;;0
2026-05-13 13:14:43;2.24;10;;;;0
2026-05-13 13:15:49;0;10;;;;0
2026-05-13 13:16:59;0;10;;;;0
2026-05-13 13:18:04;0;10;;;;0
2026-05-13 13:19:14;0;10;;;;0
2026-05-13 13:20:19;0;10;;;;0
2026-05-13 13:21:29;0;10;;;;0
2026-05-13 13:22:34;0;10;;;;0
2026-05-13 13:23:50;0;10;;;;0
2026-05-13 13:25:00;0;10;;;;0
2026-05-13 13:26:05;0;10;;;;0
2026-05-13 13:27:20;0;10;;;;0
2026-05-13 13:28:35;0;10;;;;0
2026-05-13 13:29:46;0;10;;;;0
2026-05-13 13:30:51;0;10;;;;0
2026-05-13 13:32:01;0;10;;;;0
2026-05-13 13:33:06;0;10;;;;0
2026-05-13 13:34:16;0;10;;;;0
2026-05-13 13:35:21;0;10;;;;0
2026-05-13 13:36:31;0;10;;;;0
2026-05-13 13:37:36;0;10;;;;0
2026-05-13 13:38:52;0;10;;;;0
2026-05-13 13:40:02;0;10;;;;0
2026-05-13 13:41:17;0;10;;;;0
2026-05-13 13:42:22;0;10;;;;0
2026-05-13 13:43:32;0;10;;;;0
2026-05-13 13:44:37;0;10;;;;0
2026-05-13 13:45:47;0;10;;;;0
2026-05-13 13:46:53;0;10;;;;0
2026-05-13 13:48:02;0;10;;;;0
2026-05-13 13:49:08;0;10;;;;0
2026-05-13 13:50:17;0;10;;;;0
2026-05-13 13:51:23;0;10;;;;0
2026-05-13 13:52:37;0;10;;;;0
2026-05-13 13:53:47;0;10;;;;0
2026-05-13 13:54:53;0;10;;;;0
2026-05-13 13:56:02;0;10;;;;0
2026-05-13 13:57:08;0;10;;;;0
2026-05-13 13:58:18;0;10;;;;0
2026-05-13 13:59:23;0;10;;;;0
2026-05-13 14:00:33;0;10;;;;0
2026-05-13 14:01:38;0;10;;;;0
2026-05-13 14:02:47;0;10;;;;0
2026-05-13 14:03:53;0;10;;;;0
2026-05-13 14:05:03;0;10;;;;0
2026-05-13 14:06:08;0;10;;;;0
2026-05-13 14:07:18;0;10;;;;0
2026-05-13 14:08:23;0;10;;;;0
2026-05-13 14:09:34;0;10;;;;0
2026-05-13 14:10:41;0;10;;;;0
2026-05-13 14:11:48;0;10;;;;0
2026-05-13 14:12:54;0;10;;;;0
2026-05-13 14:14:05;0;10;;;;0
2026-05-13 14:15:10;0;10;;;;0
2026-05-13 14:16:24;0;10;;;;0
2026-05-13 14:17:35;0;10;;;;0
2026-05-13 14:18:40;0;10;;;;0
2026-05-13 14:19:50;0;10;;;;0
2026-05-13 14:20:55;0;10;;;;0
2026-05-13 14:22:05;0;10;;;;0
2026-05-13 14:23:10;0;10;;;;0
2026-05-13 14:24:21;0;10;;;;0
2026-05-13 14:25:26;0;10;;;;0
2026-05-13 14:26:35;0;10;;;;0
2026-05-13 14:27:41;0;10;;;;0
2026-05-13 14:28:50;0;10;;;;0
2026-05-13 14:29:56;0;10;;;;0
2026-05-13 14:31:05;0;10;;;;0
2026-05-13 14:32:11;0;10;;;;0
2026-05-13 14:33:27;0;10;;;;0
2026-05-13 14:34:36;0;10;;;;0
2026-05-13 14:35:41;0;10;;;;0
2026-05-13 14:36:51;0;10;;;;0
2026-05-13 14:37:56;0;10;;;;0
2026-05-13 14:39:06;0;10;;;;0
2026-05-13 14:40:12;0;10;;;;0
2026-05-13 14:41:26;0;10;;;;0
2026-05-13 14:42:37;0;10;;;;0
2026-05-13 14:43:42;0;10;;;;0
2026-05-13 14:44:57;0;10;;;;0
2026-05-13 14:46:07;0;10;;;;0
2026-05-13 14:47:12;0;10;;;;0
2026-05-13 14:48:23;0;10;;;;0
2026-05-13 14:49:29;0;10;;;;0
2026-05-13 14:50:37;0;10;;;;0
2026-05-13 14:51:42;0;10;;;;0
2026-05-13 14:52:52;0;10;;;;0
2026-05-13 14:53:58;0;10;;;;0
2026-05-13 14:55:07;0;10;;;;0
2026-05-13 14:56:13;0;10;;;;0
2026-05-13 14:57:22;0;10;;;;0
2026-05-13 14:58:28;0;10;;;;0
2026-05-13 14:59:38;0;10;;;;0
2026-05-13 15:00:53;0;10;;;;0
2026-05-13 15:01:58;0;10;;;;0
2026-05-13 15:03:08;0;10;;;;0
2026-05-13 15:04:14;0;10;;;;0
2026-05-13 15:05:23;0;10;;;;0
2026-05-13 15:06:29;0;10;;;;0
2026-05-13 15:07:38;0;10;;;;0
2026-05-13 15:08:44;0;10;;;;0
2026-05-13 15:09:53;0;10;;;;0
2026-05-13 15:10:59;0;10;;;;0
2026-05-13 15:12:08;0;10;;;;0
2026-05-13 15:13:14;0;10;;;;0
2026-05-13 15:14:30;0;10;;;;0
2026-05-13 15:15:40;0;10;;;;0
2026-05-13 15:16:55;0;10;;;;0
2026-05-13 15:18:01;0;10;;;;0
2026-05-13 15:19:10;0;10;;;;0
2026-05-13 15:20:26;0;10;;;;0
2026-05-13 15:21:31;0;10;;;;0
2026-05-13 15:22:41;0;10;;;;0
2026-05-13 15:23:46;0;10;;;;0
2026-05-13 15:24:56;0;10;;;;0
2026-05-13 15:26:01;0;10;;;;0
2026-05-13 15:27:11;0;10;;;;0
2026-05-13 15:28:17;0;10;;;;0
2026-05-13 15:29:26;0;10;;;;0
2026-05-13 15:30:32;0;10;;;;0
2026-05-13 15:31:42;0;10;;;;0
2026-05-13 15:32:48;0;10;;;;0
2026-05-13 15:33:57;0;10;;;;0
2026-05-13 15:35:02;0;10;;;;0
2026-05-13 15:36:12;0;10;;;;0
2026-05-13 15:37:18;0;10;;;;0
2026-05-13 15:38:27;0;10;;;;0
2026-05-13 15:39:38;2.07;10;;;;0
2026-05-13 15:40:48;0;10;;;;0
2026-05-13 15:42:00;0;10;;;;0
2026-05-13 15:43:06;0;10;;;;0
2026-05-13 15:44:14;0;10;;;;0
2026-05-13 15:45:21;0;10;;;;0
2026-05-13 15:46:28;0;10;;;;0
2026-05-13 15:47:34;0;10;;;;0
2026-05-13 15:48:44;0;10;;;;0
2026-05-13 15:49:50;0;10;;;;0
2026-05-13 15:50:58;0;10;;;;0
2026-05-13 15:52:04;0;10;;;;0
2026-05-13 15:53:14;0;10;;;;0
2026-05-13 15:54:19;0;10;;;;0
2026-05-13 15:55:29;0;10;;;;0
2026-05-13 15:56:44;0;10;;;;0
2026-05-13 15:57:50;0;10;;;;0
2026-05-13 15:58:59;0;10;;;;0
2026-05-13 16:00:05;0;10;;;;0
2026-05-13 16:01:15;0;10;;;;0
2026-05-13 16:02:20;0;10;;;;0
2026-05-13 16:03:30;0;10;;;;0
2026-05-13 16:04:35;0;10;;;;0
2026-05-13 16:05:46;0;10;;;;0
2026-05-13 16:06:51;0;10;;;;0
2026-05-13 16:08:00;0;10;;;;0
2026-05-13 16:09:06;0;10;;;;0
2026-05-13 16:10:16;0;10;;;;0
2026-05-13 16:11:22;0;10;;;;0
2026-05-13 16:12:31;0;10;;;;0
2026-05-13 16:13:37;0;10;;;;0
2026-05-13 16:14:46;0;10;;;;0
2026-05-13 16:15:52;0;10;;;;0
2026-05-13 16:17:02;0;10;;;;0
2026-05-13 16:18:07;0;10;;;;0
2026-05-13 16:19:17;0.83;10;;;;0
2026-05-13 16:20:22;0;10;;;;0
2026-05-13 16:21:32;0;10;;;;0
2026-05-13 16:22:37;0;10;;;;0
2026-05-13 16:23:47;0;10;;;;0
2026-05-13 16:26:03;0;10;;;;0
2026-05-13 16:27:08;0;10;;;;0
2026-05-13 16:28:23;0;10;;;;0
2026-05-13 16:29:32;0;10;;;;0
2026-05-13 16:30:38;0;10;;;;0
2026-05-13 16:31:47;0;10;;;;0
2026-05-13 16:32:53;0;10;;;;0
2026-05-13 16:34:11;0;10;;;;0
2026-05-13 16:35:21;0;10;;;;0
2026-05-13 16:36:26;0;10;;;;0
2026-05-13 16:37:36;0;10;;;;0
2026-05-13 16:38:42;0;10;;;;0
2026-05-13 16:39:51;0;10;;;;0
2026-05-13 16:40:57;0;10;;;;0
2026-05-13 16:42:06;0;10;;;;0
2026-05-13 16:43:16;0;10;;;;0
2026-05-13 16:44:21;0;10;;;;0
2026-05-13 16:45:27;0;10;;;;0
2026-05-13 16:46:37;0;10;;;;0
2026-05-13 16:47:42;0;10;;;;0
2026-05-13 16:48:58;0;10;;;;0
2026-05-13 16:50:13;0;10;;;;0
2026-05-13 16:51:23;0;10;;;;0
2026-05-13 16:52:29;0;10;;;;0
2026-05-13 16:53:39;0;10;;;;0
2026-05-13 16:54:44;0;10;;;;0
2026-05-13 16:55:53;0;10;;;;0
2026-05-13 16:57:09;0;10;;;;0
2026-05-13 16:58:14;0;10;;;;0
2026-05-13 16:59:29;0;10;;;;0
2026-05-13 17:00:40;0;10;;;;0
2026-05-13 17:01:46;0;10;;;;0
2026-05-13 17:02:54;0;10;;;;0
2026-05-13 17:04:00;0;10;;;;0
2026-05-13 17:05:13;0;10;;;;0
2026-05-13 17:06:18;0;10;;;;0
2026-05-13 17:07:25;0;10;;;;0
2026-05-13 17:08:30;0;10;;;;0
2026-05-13 17:09:39;0;10;;;;0
2026-05-13 17:10:45;0;10;;;;0
2026-05-13 17:12:04;0;10;;;;0
2026-05-13 17:13:14;0;10;;;;0
2026-05-13 17:14:20;0;10;;;;0
2026-05-13 17:15:30;0;10;;;;0
2026-05-13 17:16:46;0;10;;;;0
2026-05-13 17:17:51;0;10;;;;0
2026-05-13 17:19:00;0;10;;;;0
2026-05-13 17:20:06;0;10;;;;0
2026-05-13 17:21:26;0;10;;;;0
2026-05-13 17:22:47;0;10;;;;0
2026-05-13 17:23:57;0;10;;;;0
2026-05-13 17:25:07;0;10;;;;0
2026-05-13 17:26:17;0;10;;;;0
2026-05-13 17:27:23;0;10;;;;0
2026-05-13 17:28:33;0;10;;;;0
2026-05-13 17:29:38;0;10;;;;0
2026-05-13 17:30:48;0;10;;;;0
2026-05-13 17:31:53;0;10;;;;0
2026-05-13 17:33:07;0;10;;;;0
2026-05-13 17:34:18;0;10;;;;0
2026-05-13 17:35:23;0;10;;;;0
2026-05-13 17:36:33;0;10;;;;0
2026-05-13 17:37:40;0;10;;;;0
2026-05-13 17:38:48;0;10;;;;0
2026-05-13 17:39:54;0;10;;;;0
2026-05-13 17:41:04;0;10;;;;0
2026-05-13 17:42:09;0;10;;;;0
2026-05-13 17:43:27;0;10;;;;0
2026-05-13 17:44:35;0;10;;;;0
2026-05-13 17:45:40;0;10;;;;0
2026-05-13 17:47:06;0;10;;;;0
2026-05-13 17:48:11;0;10;;;;0
2026-05-13 17:49:21;0;10;;;;0
2026-05-13 17:50:26;0;10;;;;0
2026-05-13 17:51:36;0;10;;;;0
2026-05-13 17:52:43;0;10;;;;0
2026-05-13 17:53:52;0;10;;;;0
2026-05-13 17:54:57;0;10;;;;0
2026-05-13 17:56:07;0;10;;;;0
2026-05-13 17:57:12;0;10;;;;0
2026-05-13 17:58:22;0;10;;;;0
2026-05-13 17:59:27;0;10;;;;0
2026-05-13 18:00:37;0;10;;;;0
2026-05-13 18:01:43;0;10;;;;0
2026-05-13 18:02:52;0;10;;;;0
2026-05-13 18:03:57;0;10;;;;0
2026-05-13 18:05:08;0;10;;;;0
2026-05-13 18:06:17;0;10;;;;0
2026-05-13 18:07:23;0;10;;;;0
2026-05-13 18:08:28;0;10;;;;0
2026-05-13 18:09:38;0;10;;;;0
2026-05-13 18:10:44;0;10;;;;0
2026-05-13 18:11:53;0;10;;;;0
2026-05-13 18:12:59;0;10;;;;0
2026-05-13 18:14:08;0;10;;;;0
2026-05-13 18:15:14;0;10;;;;0
2026-05-13 18:16:24;0;10;;;;0
2026-05-13 18:17:30;0;10;;;;0
2026-05-13 18:18:39;0;10;;;;0
2026-05-13 18:19:45;0;10;;;;0
2026-05-13 18:20:54;0;10;;;;0
2026-05-13 18:22:00;0;10;;;;0
2026-05-13 18:23:10;0;10;;;;0
2026-05-13 18:24:15;0;10;;;;0
2026-05-13 18:25:25;0;10;;;;0
2026-05-13 18:26:30;0;10;;;;0
2026-05-13 18:27:40;0;10;;;;0
2026-05-13 18:28:46;0;10;;;;0
2026-05-13 18:29:55;0;10;;;;0
2026-05-13 18:31:01;0;10;;;;0
2026-05-13 18:32:11;0;10;;;;0
2026-05-13 18:33:26;0;10;;;;0
2026-05-13 18:34:31;0;10;;;;0
2026-05-13 18:35:41;0;10;;;;0
2026-05-13 18:36:47;0;10;;;;0
2026-05-13 18:37:56;0;10;;;;0
2026-05-13 18:39:02;0;10;;;;0
2026-05-13 18:40:11;0;10;;;;0
2026-05-13 18:41:17;0;10;;;;0
2026-05-13 18:42:26;0;10;;;;0
2026-05-13 18:43:32;0;10;;;;0
2026-05-13 18:44:38;0;10;;;;0
2026-05-13 18:45:48;0;10;;;;0
2026-05-13 18:46:59;0;10;;;;0
2026-05-13 18:48:04;0;10;;;;0
2026-05-13 18:49:14;0;10;;;;0
2026-05-13 18:50:19;0;10;;;;0
2026-05-13 18:51:35;0;10;;;;0
2026-05-13 18:52:45;0;10;;;;0
2026-05-13 18:54:00;0;10;;;;0
2026-05-13 18:55:05;0;10;;;;0
2026-05-13 18:56:20;0;10;;;;0
2026-05-13 18:57:30;0;10;;;;0
2026-05-13 18:58:36;0;10;;;;0
2026-05-13 18:59:45;0;10;;;;0
2026-05-13 19:00:51;0;10;;;;0
2026-05-13 19:02:07;0;10;;;;0
2026-05-13 19:03:22;0;10;;;;0
2026-05-13 19:04:32;0;10;;;;0
2026-05-13 19:05:40;0;10;;;;0
2026-05-13 19:06:57;0;10;;;;0
2026-05-13 19:08:08;0;10;;;;0
2026-05-13 19:09:18;0;10;;;;0
2026-05-13 19:10:33;0;10;;;;0
2026-05-13 19:11:38;0;10;;;;0
2026-05-13 19:12:48;0;10;;;;0
2026-05-13 19:13:54;0;10;;;;0
2026-05-13 19:15:09;0;10;;;;0
2026-05-13 19:16:24;0;10;;;;0
2026-05-13 19:17:35;0;10;;;;0
2026-05-13 19:18:40;0;10;;;;0
2026-05-13 19:19:50;0;10;;;;0
2026-05-13 19:20:55;0;10;;;;0
2026-05-13 19:22:10;0;10;;;;0
2026-05-13 19:23:25;0;10;;;;0
2026-05-13 19:24:30;0;10;;;;0
2026-05-13 19:25:46;0;10;;;;0
2026-05-13 19:26:56;0;10;;;;0
2026-05-13 19:28:07;0;10;;;;0
2026-05-13 19:29:12;0;10;;;;0
2026-05-13 19:30:37;0;10;;;;0
2026-05-13 19:31:47;0;10;;;;0
2026-05-13 19:32:58;0;10;;;;0
2026-05-13 19:34:04;0;10;;;;0
2026-05-13 19:35:13;0;10;;;;0
2026-05-13 19:36:18;0;10;;;;0
2026-05-13 19:37:28;0;10;;;;0
2026-05-13 19:38:33;0;10;;;;0
2026-05-13 19:39:43;0;10;;;;0
2026-05-13 19:40:49;0;10;;;;0
2026-05-13 19:41:58;0;10;;;;0
2026-05-13 19:43:04;0;10;;;;0
2026-05-13 19:44:13;0;10;;;;0
2026-05-13 19:45:19;0;10;;;;0
2026-05-13 19:46:29;0;10;;;;0
2026-05-13 19:47:34;0;10;;;;0
2026-05-13 19:48:44;0;10;;;;0
2026-05-13 19:49:49;4.57;10;;;;0
2026-05-13 19:51:00;4.76;10;;;;0
2026-05-13 19:52:05;0;10;;;;0
2026-05-13 19:53:19;0;10;;;;0
2026-05-13 19:54:29;0;10;;;;0
2026-05-13 19:55:35;0;10;;;;0
2026-05-13 19:56:44;0;10;;;;0
2026-05-13 19:57:50;0;10;;;;0
2026-05-13 19:58:55;0;10;;;;0
2026-05-13 20:00:10;0;10;;;;0
2026-05-13 20:01:25;0;10;;;;0
2026-05-13 20:02:40;0;10;;;;0
2026-05-13 20:03:50;1.53;10;;;;0
2026-05-13 20:04:56;2.29;10;;;;0
2026-05-13 20:06:06;14.2;10;;;;1
2026-05-13 20:07:12;20.11;10;;;;1
2026-05-13 20:08:22;19.44;10;;;;1
2026-05-13 20:09:28;19.97;10;;;;1
2026-05-13 20:10:38;19.78;10;;;;1
2026-05-13 20:11:44;19.7;10;;;;1
2026-05-13 20:12:54;19.4;10;;;;2
2026-05-13 20:14:00;19.65;10;;;;1
2026-05-13 20:15:10;19.6;10;;;;1
2026-05-13 20:16:16;19.25;10;;;;1
2026-05-13 20:17:27;18.99;10;;;;1
2026-05-13 20:18:33;18.79;10;;;;1
2026-05-13 20:19:44;18.82;10;;;;1
2026-05-13 20:20:50;18.72;10;;;;1
2026-05-13 20:21:55;18.71;10;;;;1
2026-05-13 20:23:06;18.71;10;;;;1
2026-05-13 20:24:12;18.56;10;;;;2
2026-05-13 20:25:18;18.68;10;;;;1
2026-05-13 20:26:24;18.6;10;;;;1
2026-05-13 20:27:30;18.61;10;;;;1
2026-05-13 20:28:45;18.64;10;;;;1
2026-05-13 20:29:51;18.64;10;;;;1
2026-05-13 20:30:58;18.74;10;;;;1
2026-05-13 20:32:08;18.79;10;;;;1
2026-05-13 20:33:13;18.83;10;;;;0
2026-05-13 20:34:19;19.35;10;;;;1
2026-05-13 20:35:30;18.34;10;;;;1
2026-05-13 20:36:42;18.88;10;;;;1
2026-05-13 20:37:49;18.77;10;;;;1
2026-05-13 20:38:58;18.37;10;;;;1
2026-05-13 20:40:04;18.2;10;;;;1
2026-05-13 20:41:24;18.22;10;;;;1
2026-05-13 20:42:31;18.2;10;;;;0
2026-05-13 20:43:38;18.35;10;;;;1
2026-05-13 20:44:48;18.11;10;;;;1
2026-05-13 20:45:55;18.17;10;;;;1
2026-05-13 20:46:39;;;;;18.22;
2026-05-13 20:47:05;18.3;10;;;;1
2026-05-13 20:48:11;18.35;10;;;;1
2026-05-13 20:49:21;18.54;10;;;;0
2026-05-13 20:50:27;18.63;10;;;;1
2026-05-13 20:51:37;18.55;10;;;;0
2026-05-13 20:52:52;18.41;10;;;;1
2026-05-13 20:53:58;18.1;10;;;;1
2026-05-13 20:56:13;17.99;10;;;;1
2026-05-13 20:57:24;18.14;10;;;;1
2026-05-13 20:58:31;18.34;10;;;;0
2026-05-13 20:59:40;18.31;10;;;;1
2026-05-13 21:00:46;18.78;10;;;;1
2026-05-13 21:01:57;18.74;10;;;;0
2026-05-13 21:03:02;18.86;10;;;;1
2026-05-13 21:04:18;18.24;10;;;;0
2026-05-13 21:05:34;18.21;10;;;;0
2026-05-13 21:06:45;18.54;10;;;;1
2026-05-13 21:07:51;18.38;10;;;;1
2026-05-13 21:09:07;18.06;10;;;;0
2026-05-13 21:10:13;18.06;10;;;;1
2026-05-13 21:11:28;18.24;10;;;;0
2026-05-13 21:12:39;17.94;10;;;;1
2026-05-13 21:13:45;18.0;10;;;;0
2026-05-13 21:15:01;17.97;10;;;;1
2026-05-13 21:16:11;17.91;10;;;;0
2026-05-13 21:17:17;17.78;10;;;;1
2026-05-13 21:18:27;17.9;10;;;;0
2026-05-13 21:19:33;17.88;10;;;;1
2026-05-13 21:20:39;17.91;10;;;;0
2026-05-13 21:21:55;17.97;10;;;;1
2026-05-13 21:23:02;17.88;10;;;;0
2026-05-13 21:24:08;17.78;10;;;;1
2026-05-13 21:25:18;17.85;10;;;;0
2026-05-13 21:26:25;17.79;10;;;;1
2026-05-13 21:27:35;17.75;10;;;;0
2026-05-13 21:28:41;17.67;10;;;;1
2026-05-13 21:29:51;17.88;10;;;;0
2026-05-13 21:30:56;19.02;10;;;;1
2026-05-13 21:32:07;19.32;10;;;;1
2026-05-13 21:33:13;19.32;10;;;;0
2026-05-13 21:34:24;18.57;10;;;;1
2026-05-13 21:35:29;19.21;10;;;;1
2026-05-13 21:36:40;19.67;10;;;;0
2026-05-13 21:37:46;17.71;10;;;;1
2026-05-13 21:38:58;17.4;10;;;;1
2026-05-13 21:40:12;17.57;10;;;;0
2026-05-13 21:41:18;17.66;10;;;;1
2026-05-13 21:42:29;17.92;10;;;;0
2026-05-13 21:43:34;17.41;10;;;;1
2026-05-13 21:44:45;17.54;10;;;;1
2026-05-13 21:45:51;17.49;10;;;;1
2026-05-13 21:47:01;41.19;10;;;;0
2026-05-13 21:48:07;73.98;-10;;;;2
2026-05-13 21:49:13;75.12;-10;;;;3
2026-05-13 21:50:29;85.08;-10;;;;3
2026-05-13 21:51:35;97.39;-10;;;;2
2026-05-13 21:52:46;106.2;-10;;;;3
2026-05-13 21:54:02;105.66;-10;;;;3
2026-05-13 21:55:13;77.0;-10;;;;3
2026-05-13 21:56:29;30.71;10;;;;4
2026-05-13 21:57:36;21.35;10;;;;4
2026-05-13 21:58:46;0;10;;;;8
2026-05-13 21:59:56;0;10;;;;0
2026-05-13 22:01:07;0;10;;;;0
2026-05-13 22:02:17;0;10;;;;0
2026-05-13 22:03:22;0;10;;;;0
2026-05-13 22:04:32;0;10;;;;0
2026-05-13 22:05:38;0;10;;;;0
2026-05-13 22:06:47;0;10;;;;0
2026-05-13 22:07:42;;;0;0;;
2026-05-13 22:07:53;0;10;;;;0
2026-05-13 22:09:03;4.52;10;;;;0
2026-05-13 22:10:08;0;10;;;;0
2026-05-13 22:11:18;13.85;-10;;;;0
2026-05-13 22:12:28;24.52;10;;;;6
2026-05-13 22:13:38;23.54;-10;;;;8
2026-05-13 22:14:44;14.55;-10;;;;2
2026-05-13 22:16:00;0;-10;;;;0
2026-05-13 22:17:10;1.47;-10;;;;0
2026-05-13 22:18:15;0;-10;;;;0
2026-05-13 22:19:25;0;-10;;;;0
2026-05-13 22:20:31;0;-10;;;;0
2026-05-13 22:21:40;0;-10;;;;0
2026-05-13 22:22:48;0;-10;;;;0
2026-05-13 22:24:03;0;-10;;;;0
2026-05-13 22:25:12;0;-10;;;;0
2026-05-13 22:26:18;0;-10;;;;0
2026-05-13 22:27:26;0;-10;;;;0
2026-05-13 22:28:32;0;-10;;;;0
2026-05-13 22:29:42;0;-10;;;;0
2026-05-13 22:30:47;0;-10;;;;0
2026-05-13 22:32:03;0;-10;;;;0
2026-05-13 22:33:13;0;-10;;;;0
2026-05-13 22:34:18;0;-10;;;;0
2026-05-13 22:35:28;0;-10;;;;0
2026-05-13 22:36:34;0;-10;;;;0
2026-05-13 22:37:43;0;-10;;;;0
2026-05-13 22:38:49;0;-10;;;;0
2026-05-13 22:39:59;0;-10;;;;0
2026-05-13 22:41:04;0;-10;;;;0
2026-05-13 22:42:15;0;-10;;;;0
2026-05-13 22:43:22;0;-10;;;;0
2026-05-13 22:44:30;0;-10;;;;0
2026-05-13 22:45:38;10.42;-10;;;;0
2026-05-13 22:46:46;11.31;-10;;;;0
2026-05-13 22:47:51;4.69;-10;;;;0
2026-05-13 22:49:01;0;-10;;;;0
2026-05-13 22:50:07;1.38;-10;;;;0
2026-05-13 22:51:16;0;-10;;;;0
2026-05-13 22:52:22;0;-10;;;;0
2026-05-13 22:53:31;1.03;-10;;;;0
2026-05-13 22:54:37;0;-10;;;;0
2026-05-13 22:55:46;0;-10;;;;0
2026-05-13 22:56:52;0;-10;;;;0
2026-05-13 22:59:07;0;-10;;;;0
2026-05-13 23:00:17;0;-10;;;;0
2026-05-13 23:01:22;0;-10;;;;0
2026-05-13 23:02:32;0;-10;;;;0
2026-05-13 23:03:37;0;-10;;;;0
2026-05-13 23:04:47;0;-10;;;;0
2026-05-13 23:05:52;0;-10;;;;0
2026-05-13 23:07:02;0;-10;;;;0
2026-05-13 23:08:08;0;-10;;;;0
2026-05-13 23:09:23;0;-10;;;;0
2026-05-13 23:10:33;0;-10;;;;0
2026-05-13 23:11:38;0;-10;;;;0
2026-05-13 23:12:48;0;-10;;;;0
2026-05-13 23:13:53;0;-10;;;;0
2026-05-13 23:15:03;0;-10;;;;0
2026-05-13 23:16:09;0;-10;;;;0
2026-05-13 23:17:18;0;-10;;;;0
2026-05-13 23:18:23;0;-10;;;;0
2026-05-13 23:19:33;0;-10;;;;0
2026-05-13 23:20:39;0;-10;;;;0
2026-05-13 23:21:48;0;-10;;;;0
2026-05-13 23:22:54;0;-10;;;;0
2026-05-13 23:24:04;0;-10;;;;0
2026-05-13 23:25:09;0;-10;;;;0
2026-05-13 23:26:19;0;-10;;;;0
2026-05-13 23:27:24;0;-10;;;;0
2026-05-13 23:28:34;0;-10;;;;0
2026-05-13 23:29:39;0;-10;;;;0
2026-05-13 23:30:49;0;-10;;;;0
2026-05-13 23:31:55;0;-10;;;;0
2026-05-13 23:33:04;0;-10;;;;0
2026-05-13 23:34:09;0;-10;;;;0
2026-05-13 23:35:19;0;-10;;;;0
2026-05-13 23:36:24;0;-10;;;;0
2026-05-13 23:37:34;0;-10;;;;0
2026-05-13 23:38:40;0;-10;;;;0
2026-05-13 23:39:49;0;-10;;;;0
2026-05-13 23:40:55;0;-10;;;;0
2026-05-13 23:42:05;11.58;10;;;;0
2026-05-13 23:43:10;19.04;10;;;;2
2026-05-13 23:44:17;18.89;10;;;;2
2026-05-13 23:45:27;18.82;10;;;;1
2026-05-13 23:46:39;18.82;10;;;;2
2026-05-13 23:47:45;18.58;10;;;;1
2026-05-13 23:48:55;18.4;10;;;;2
2026-05-13 23:50:01;18.29;10;;;;1
2026-05-13 23:51:11;18.38;10;;;;2
2026-05-13 23:52:17;18.76;10;;;;1
2026-05-13 23:53:27;18.41;10;;;;2
2026-05-13 23:54:33;18.3;10;;;;1
2026-05-13 23:55:43;18.34;10;;;;2
2026-05-13 23:56:49;18.54;10;;;;1
2026-05-13 23:58:00;18.57;10;;;;2
2026-05-13 23:59:05;18.51;10;;;;1
2026-05-14 00:00:11;18.54;10;;;;2
2026-05-14 00:01:23;18.43;10;;;;1
2026-05-14 00:02:28;18.47;10;;;;1
2026-05-14 00:03:39;18.43;10;;;;2
2026-05-14 00:04:50;18.42;10;;;;1
2026-05-14 00:05:56;19.2;10;;;;0
2026-05-14 00:07:08;19.78;10;;;;0
2026-05-14 00:08:13;18.52;10;;;;1
2026-05-14 00:09:23;18.83;10;;;;0
2026-05-14 00:10:29;18.83;10;;;;0
2026-05-14 00:11:44;18.51;10;;;;0
2026-05-14 00:12:55;18.33;10;;;;1
2026-05-14 00:14:01;19.19;10;;;;0
2026-05-14 00:15:11;18.92;10;;;;1
2026-05-14 00:16:17;18.43;10;;;;0
2026-05-14 00:17:33;18.39;10;;;;0
2026-05-14 00:18:39;18.43;10;;;;0
2026-05-14 00:19:56;18.99;10;;;;1
2026-05-14 00:21:12;18.74;10;;;;0
2026-05-14 00:22:22;18.99;10;;;;1
2026-05-14 00:22:45;;;;;18.86;
2026-05-14 00:23:28;19.14;10;;;;0
2026-05-14 00:24:38;19.07;10;;;;0
2026-05-14 00:25:44;19.03;10;;;;1
2026-05-14 00:26:54;19.35;10;;;;0
2026-05-14 00:28:00;18.8;10;;;;0
2026-05-14 00:29:10;18.96;10;;;;1
2026-05-14 00:30:17;19.06;10;;;;0
2026-05-14 00:31:26;18.62;10;;;;1
2026-05-14 00:32:32;18.9;10;;;;0
2026-05-14 00:33:43;18.96;10;;;;0
2026-05-14 00:34:49;18.44;10;;;;1
2026-05-14 00:35:59;18.33;10;;;;0
2026-05-14 00:37:05;19.03;10;;;;0
2026-05-14 00:38:11;19.67;10;;;;0
2026-05-14 00:39:22;19.27;10;;;;1
2026-05-14 00:40:38;19.22;10;;;;1
2026-05-14 00:41:49;19.6;10;;;;0
2026-05-14 00:42:54;17.9;10;;;;0
2026-05-14 00:44:10;17.95;10;;;;1
2026-05-14 00:45:16;17.85;10;;;;0
2026-05-14 00:46:24;17.63;10;;;;0
2026-05-14 00:47:30;17.72;10;;;;1
2026-05-14 00:48:40;17.76;10;;;;0
2026-05-14 00:49:46;17.79;10;;;;0
2026-05-14 00:50:57;17.69;10;;;;1
2026-05-14 00:52:03;17.72;10;;;;0
2026-05-14 00:53:13;17.69;10;;;;0
2026-05-14 00:54:19;18.82;10;;;;1
2026-05-14 00:55:29;17.92;10;;;;0
2026-05-14 00:56:35;17.9;10;;;;0
2026-05-14 00:57:46;17.7;10;;;;1
2026-05-14 00:58:52;17.94;10;;;;0
2026-05-14 01:00:08;17.96;10;;;;1
2026-05-14 01:01:13;17.91;10;;;;0
2026-05-14 01:02:24;17.86;10;;;;0
2026-05-14 01:03:35;17.93;10;;;;1
2026-05-14 01:04:41;17.84;10;;;;0
2026-05-14 01:05:51;17.91;10;;;;0
2026-05-14 01:06:57;17.95;10;;;;1
2026-05-14 01:08:07;17.87;10;;;;0
2026-05-14 01:09:13;17.89;10;;;;0
2026-05-14 01:10:23;17.84;10;;;;0
2026-05-14 01:11:29;17.94;10;;;;0
2026-05-14 01:12:44;18.03;10;;;;1
2026-05-14 01:13:50;17.91;10;;;;0
2026-05-14 01:15:01;18.01;10;;;;0
2026-05-14 01:16:07;18.0;10;;;;1
2026-05-14 01:17:17;18.5;10;;;;0
2026-05-14 01:18:23;62.15;-10;;;;0
2026-05-14 01:19:34;81.83;-10;;;;2
2026-05-14 01:20:41;91.68;-10;;;;4
2026-05-14 01:21:52;105.71;-10;;;;3
2026-05-14 01:22:58;105.85;-10;;;;3
2026-05-14 01:24:09;117.54;-10;;;;3
2026-05-14 01:25:21;89.05;-10;;;;3
2026-05-14 01:26:28;43.07;-10;;;;3
2026-05-14 01:27:38;22.66;10;;;;3
2026-05-14 01:28:44;20.97;10;;;;3
2026-05-14 01:29:53;0;-10;;;;6
2026-05-14 01:30:59;0;-10;;;;0
2026-05-14 01:32:08;0;-10;;;;0
2026-05-14 01:33:14;0;-10;;;;0
2026-05-14 01:34:19;0;-10;;;;0
2026-05-14 01:35:35;0;-10;;;;0
2026-05-14 01:36:45;0;-10;;;;0
2026-05-14 01:37:56;0;-10;;;;0
2026-05-14 01:39:01;0;-10;;;;0
2026-05-14 01:40:10;0;-10;;;;0
2026-05-14 01:41:16;0;-10;;;;0
2026-05-14 01:42:26;0;-10;;;;0
2026-05-14 01:43:31;0;-10;;;;0
2026-05-14 01:44:37;0;-10;;;;0
2026-05-14 01:45:47;0;-10;;;;0
2026-05-14 01:46:53;0;-10;;;;0
2026-05-14 01:48:03;0;-10;;;;0
2026-05-14 01:49:13;0;-10;;;;0
2026-05-14 01:49:32;;;0;0;;
2026-05-14 01:50:19;0;-10;;;;0
2026-05-14 01:51:29;0;-10;;;;0
2026-05-14 01:52:34;0;-10;;;;0
2026-05-14 01:53:45;0;-10;;;;0
2026-05-14 01:54:50;0;-10;;;;0
2026-05-14 01:56:00;0;-10;;;;0
2026-05-14 01:57:05;0;-10;;;;0
2026-05-14 01:58:15;5.51;-10;;;;0
2026-05-14 01:59:21;0.81;-10;;;;0
2026-05-14 02:00:31;0;-10;;;;0
2026-05-14 02:01:36;0;-10;;;;0
2026-05-14 02:02:46;0;-10;;;;0
2026-05-14 02:03:52;0;-10;;;;0
2026-05-14 02:05:01;0;-10;;;;0
2026-05-14 02:06:07;0;-10;;;;0
2026-05-14 02:07:17;0;-10;;;;0
2026-05-14 02:08:22;0;-10;;;;0
2026-05-14 02:09:32;0;-10;;;;0
2026-05-14 02:10:37;0;-10;;;;0
2026-05-14 02:11:47;0;-10;;;;0
2026-05-14 02:12:52;0;-10;;;;0
2026-05-14 02:14:02;0;-10;;;;0
2026-05-14 02:15:07;0;-10;;;;0
2026-05-14 02:16:18;0;-10;;;;0
2026-05-14 02:17:23;0;-10;;;;0
2026-05-14 02:18:33;0;-10;;;;0
2026-05-14 02:19:38;0;-10;;;;0
2026-05-14 02:20:48;0;-10;;;;0
2026-05-14 02:21:53;0;-10;;;;0
2026-05-14 02:23:03;0;-10;;;;0
2026-05-14 02:24:09;0;-10;;;;0
2026-05-14 02:25:18;0;-10;;;;0
2026-05-14 02:26:24;0;-10;;;;0
2026-05-14 02:27:34;0;-10;;;;0
2026-05-14 02:28:39;0;-10;;;;0
2026-05-14 02:29:49;0;-10;;;;0
2026-05-14 02:30:55;0;-10;;;;0
2026-05-14 02:32:04;0;-10;;;;0
2026-05-14 02:33:10;0;-10;;;;0
2026-05-14 02:34:31;0;-10;;;;0
2026-05-14 02:35:41;0;-10;;;;0
2026-05-14 02:36:52;0;-10;;;;0
2026-05-14 02:37:57;0;-10;;;;0
2026-05-14 02:39:07;0;-10;;;;0
2026-05-14 02:40:12;0;-10;;;;0
2026-05-14 02:41:22;0;-10;;;;0
2026-05-14 02:42:27;0;-10;;;;0
2026-05-14 02:43:37;0;-10;;;;0
2026-05-14 02:44:42;0;-10;;;;0
2026-05-14 02:45:52;0;-10;;;;0
2026-05-14 02:46:58;0;-10;;;;0
2026-05-14 02:48:07;0;-10;;;;0
2026-05-14 02:49:13;0;-10;;;;0
2026-05-14 02:50:23;0;-10;;;;0
2026-05-14 02:51:28;0;-10;;;;0
2026-05-14 02:52:38;0;-10;;;;0
2026-05-14 02:53:43;0;-10;;;;0
2026-05-14 02:54:53;0;-10;;;;0
2026-05-14 02:55:58;0;-10;;;;0
2026-05-14 02:57:08;0;-10;;;;0
2026-05-14 02:58:13;0;-10;;;;0
2026-05-14 02:59:23;0;-10;;;;0
2026-05-14 03:00:29;0;-10;;;;0
2026-05-14 03:01:44;0;-10;;;;0
2026-05-14 03:02:49;0;-10;;;;0
2026-05-14 03:03:59;0;-10;;;;0
2026-05-14 03:05:09;0;-10;;;;0
2026-05-14 03:06:15;0;-10;;;;0
2026-05-14 03:07:25;0;-10;;;;0
2026-05-14 03:08:30;0;-10;;;;0
2026-05-14 03:09:40;0;-10;;;;0
2026-05-14 03:10:45;0;-10;;;;0
2026-05-14 03:11:55;0;-10;;;;0
2026-05-14 03:13:00;0;-10;;;;0
2026-05-14 03:14:11;0;-10;;;;0
2026-05-14 03:15:16;0;-10;;;;0
2026-05-14 03:16:26;0;-10;;;;0
2026-05-14 03:17:31;0;-10;;;;0
2026-05-14 03:18:41;0;-10;;;;0
2026-05-14 03:19:46;0;-10;;;;0
2026-05-14 03:20:56;0;-10;;;;0
2026-05-14 03:22:01;0;-10;;;;0
2026-05-14 03:23:11;0;-10;;;;0
2026-05-14 03:24:16;0;-10;;;;0
2026-05-14 03:25:26;0;-10;;;;0
2026-05-14 03:26:31;0;-10;;;;0
2026-05-14 03:27:41;0;-10;;;;0
2026-05-14 03:28:47;0;-10;;;;0
2026-05-14 03:29:56;0;-10;;;;0
2026-05-14 03:31:02;0;-10;;;;0
2026-05-14 03:32:12;0;-10;;;;0
2026-05-14 03:33:17;0;-10;;;;0
2026-05-14 03:34:27;0;-10;;;;0
2026-05-14 03:35:32;0;-10;;;;0
2026-05-14 03:36:42;0;-10;;;;0
2026-05-14 03:37:48;0.92;-10;;;;0
2026-05-14 03:38:57;2.64;-10;;;;0
2026-05-14 03:40:03;0;-10;;;;0
2026-05-14 03:41:12;0;-10;;;;0
2026-05-14 03:42:18;0;-10;;;;0
2026-05-14 03:43:28;0;-10;;;;0
2026-05-14 03:44:33;0;-10;;;;0
2026-05-14 03:45:43;0;-10;;;;0
2026-05-14 03:46:49;0;-10;;;;0
2026-05-14 03:47:58;0;-10;;;;0
2026-05-14 03:49:04;0;-10;;;;0
2026-05-14 03:50:13;0;-10;;;;0
2026-05-14 03:51:19;0;-10;;;;0
2026-05-14 03:52:28;0;-10;;;;0
2026-05-14 03:53:34;0;-10;;;;0
2026-05-14 03:54:43;0;-10;;;;0
2026-05-14 03:55:53;0;-10;;;;0
2026-05-14 03:57:04;0;-10;;;;0
2026-05-14 03:58:14;0;-10;;;;0
2026-05-14 03:59:19;0;-10;;;;0
2026-05-14 04:00:29;0;-10;;;;0
2026-05-14 04:01:34;0;-10;;;;0
2026-05-14 04:02:44;0;-10;;;;0
2026-05-14 04:03:49;0;-10;;;;0
2026-05-14 04:04:59;0;-10;;;;0
2026-05-14 04:06:04;0;-10;;;;0
2026-05-14 04:07:14;0;-10;;;;0
2026-05-14 04:08:20;0;-10;;;;0
2026-05-14 04:09:30;0;-10;;;;0
2026-05-14 04:10:35;0;-10;;;;0
2026-05-14 04:11:45;0;-10;;;;0
2026-05-14 04:12:50;0;-10;;;;0
2026-05-14 04:14:01;0.95;-10;;;;0
2026-05-14 04:15:06;0;-10;;;;0
2026-05-14 04:16:15;0;-10;;;;0
2026-05-14 04:17:21;0;-10;;;;0
2026-05-14 04:18:30;0.89;-10;;;;0
2026-05-14 04:19:36;0;-10;;;;0
2026-05-14 04:20:46;0;-10;;;;0
2026-05-14 04:22:04;22.03;10;;;;7
2026-05-14 04:23:10;23.55;10;;;;10
2026-05-14 04:24:25;31.99;-10;;;;9
2026-05-14 04:25:31;27.28;10;;;;8
2026-05-14 04:26:42;6.21;10;;;;0
2026-05-14 04:27:48;0;10;;;;0
2026-05-14 04:29:03;0;10;;;;0
2026-05-14 04:30:09;0;10;;;;0
2026-05-14 04:31:15;0;10;;;;0
2026-05-14 04:32:24;0;10;;;;0
2026-05-14 04:33:29;0;10;;;;0
2026-05-14 04:34:39;0;10;;;;0
2026-05-14 04:35:44;0;10;;;;0
2026-05-14 04:36:54;0;10;;;;0
2026-05-14 04:37:59;0;10;;;;0
2026-05-14 04:39:09;0;10;;;;0
2026-05-14 04:40:15;0;10;;;;0
2026-05-14 04:41:25;0;10;;;;0
2026-05-14 04:42:30;0;10;;;;0
2026-05-14 04:43:40;0;10;;;;0
2026-05-14 04:44:45;0;10;;;;0
2026-05-14 04:45:56;0;10;;;;0
2026-05-14 04:47:02;0;10;;;;0
2026-05-14 04:48:11;0;10;;;;0
2026-05-14 04:49:16;0;10;;;;0
2026-05-14 04:50:26;1.12;10;;;;0
2026-05-14 04:51:31;9.66;10;;;;0
2026-05-14 04:52:42;20.41;10;;;;1
2026-05-14 04:53:48;21.16;10;;;;2
2026-05-14 04:54:53;20.34;10;;;;1
2026-05-14 04:56:00;20.04;10;;;;1
2026-05-14 04:57:06;19.71;10;;;;2
2026-05-14 04:58:12;20.11;10;;;;1
2026-05-14 04:59:23;19.78;10;;;;1
2026-05-14 05:00:33;19.3;10;;;;2
2026-05-14 05:01:39;19.23;10;;;;1
2026-05-14 05:02:45;18.61;10;;;;1
2026-05-14 05:03:55;18.67;10;;;;1
2026-05-14 05:05:02;18.72;10;;;;1
2026-05-14 05:06:12;18.64;10;;;;1
2026-05-14 05:07:18;18.64;10;;;;1
2026-05-14 05:08:29;18.56;10;;;;1
2026-05-14 05:09:35;18.57;10;;;;0
2026-05-14 05:10:45;19.24;10;;;;1
2026-05-14 05:11:52;19.69;10;;;;1
2026-05-14 05:13:02;18.48;10;;;;1
2026-05-14 05:14:08;18.88;10;;;;0
2026-05-14 05:15:14;18.44;10;;;;0
2026-05-14 05:16:20;18.2;10;;;;1
2026-05-14 05:17:30;18.34;10;;;;0
2026-05-14 05:18:37;18.38;10;;;;0
2026-05-14 05:19:46;18.42;10;;;;0
2026-05-14 05:20:52;18.29;10;;;;1
2026-05-14 05:22:03;18.21;10;;;;0
2026-05-14 05:23:23;18.38;10;;;;0
2026-05-14 05:24:29;18.3;10;;;;1
2026-05-14 05:25:40;18.25;10;;;;0
2026-05-14 05:26:50;18.96;10;;;;0
2026-05-14 05:27:56;19.78;10;;;;0
2026-05-14 05:29:06;18.9;10;;;;1
2026-05-14 05:30:12;19.17;10;;;;0
2026-05-14 05:30:27;;;;;19.14;
2026-05-14 05:31:23;19.69;10;;;;0
2026-05-14 05:32:28;18.82;10;;;;0
2026-05-14 05:33:39;18.27;10;;;;0
2026-05-14 05:34:45;18.47;10;;;;0
2026-05-14 05:35:55;18.67;10;;;;0
2026-05-14 05:37:01;18.64;10;;;;1
2026-05-14 05:38:07;18.38;10;;;;0
2026-05-14 05:39:17;18.69;10;;;;0
2026-05-14 05:40:28;18.44;10;;;;1
2026-05-14 05:41:34;18.49;10;;;;0
2026-05-14 05:42:45;20.68;10;;;;0
2026-05-14 05:43:51;19.83;10;;;;1
2026-05-14 05:45:00;20.33;10;;;;0
2026-05-14 05:46:15;19.64;10;;;;0
2026-05-14 05:47:21;19.99;10;;;;1
2026-05-14 05:48:27;18.32;10;;;;0
2026-05-14 05:49:38;18.08;10;;;;0
2026-05-14 05:50:49;18.08;10;;;;0
2026-05-14 05:51:55;17.94;10;;;;1
2026-05-14 05:53:05;17.96;10;;;;0
2026-05-14 05:54:11;18.09;10;;;;0
2026-05-14 05:55:21;18.06;10;;;;1
2026-05-14 05:56:27;18.07;10;;;;0
2026-05-14 05:57:33;17.98;10;;;;0
2026-05-14 05:58:45;18.14;10;;;;0
2026-05-14 05:59:50;18.08;10;;;;1
2026-05-14 06:01:06;18.15;10;;;;0
2026-05-14 06:02:12;18.05;10;;;;1
2026-05-14 06:03:23;18.1;10;;;;0
2026-05-14 06:04:34;18.16;10;;;;0
2026-05-14 06:05:40;18.13;10;;;;0
2026-05-14 06:06:50;18.5;10;;;;1
2026-05-14 06:07:56;18.46;10;;;;0
2026-05-14 06:09:02;18.22;10;;;;0
2026-05-14 06:10:09;18.21;10;;;;0
2026-05-14 06:11:15;18.12;10;;;;1
2026-05-14 06:12:31;18.15;10;;;;0
2026-05-14 06:13:42;18.14;10;;;;0
2026-05-14 06:14:48;18.55;10;;;;1
2026-05-14 06:15:58;19.14;10;;;;0
2026-05-14 06:17:04;18.42;10;;;;0
2026-05-14 06:18:15;18.72;10;;;;0
2026-05-14 06:19:21;18.36;10;;;;1
2026-05-14 06:20:31;18.41;10;;;;0
2026-05-14 06:21:37;18.48;10;;;;1
2026-05-14 06:22:52;20.12;10;;;;0
2026-05-14 06:24:03;18.78;10;;;;0
2026-05-14 06:25:08;18.44;10;;;;0
2026-05-14 06:26:19;40.88;-10;;;;4
2026-05-14 06:27:25;58.58;-10;;;;2
2026-05-14 06:28:36;64.66;-10;;;;2
2026-05-14 06:29:42;56.88;-10;;;;3
2026-05-14 06:30:53;78.87;-10;;;;2
2026-05-14 06:31:59;77.44;-10;;;;3
2026-05-14 06:33:09;83.96;-10;;;;2
2026-05-14 06:34:15;79.53;-10;;;;2
2026-05-14 06:35:26;61.42;-10;;;;2
2026-05-14 06:36:32;34.46;-10;;;;2
2026-05-14 06:37:43;28.81;10;;;;1
2026-05-14 06:38:49;23.05;10;;;;4
2026-05-14 06:39:59;28.56;10;;;;2
2026-05-14 06:41:05;24.71;10;;;;3
2026-05-14 06:42:16;20.87;10;;;;3
2026-05-14 06:43:22;24.72;-10;;;;4
2026-05-14 06:44:33;25.79;10;;;;5
2026-05-14 06:45:39;21.99;10;;;;8
2026-05-14 06:46:50;23.96;-10;;;;8
2026-05-14 06:47:56;26.4;-10;;;;6
2026-05-14 06:49:06;0;-10;;;;8
2026-05-14 06:50:12;0;-10;;;;2
2026-05-14 06:51:22;0;-10;;;;0
2026-05-14 06:52:27;0;-10;;;;0
2026-05-14 06:53:38;0;-10;;;;0
2026-05-14 06:54:43;0;-10;;;;0
2026-05-14 06:55:53;0;-10;;;;0
2026-05-14 06:56:23;;;0;0;;
2026-05-14 06:56:58;0;-10;;;;0
2026-05-14 06:58:07;0;-10;;;;0
2026-05-14 06:59:13;0;-10;;;;0
2026-05-14 07:00:23;0;-10;;;;0
2026-05-14 07:01:28;0;-10;;;;0
2026-05-14 07:02:43;0;-10;;;;0
2026-05-14 07:03:54;0;-10;;;;0
2026-05-14 07:04:59;0;-10;;;;0
2026-05-14 07:06:05;0;-10;;;;0
2026-05-14 07:07:14;0;-10;;;;0
2026-05-14 07:08:25;0;-10;;;;0
2026-05-14 07:09:31;0;-10;;;;0
2026-05-14 07:10:40;0;-10;;;;0
2026-05-14 07:11:46;0;-10;;;;0
2026-05-14 07:12:55;0;-10;;;;0
2026-05-14 07:14:01;0;-10;;;;0
2026-05-14 07:15:07;0;-10;;;;0
2026-05-14 07:16:17;0;-10;;;;0
2026-05-14 07:17:22;0;-10;;;;0
2026-05-14 07:18:33;0;-10;;;;0
2026-05-14 07:19:43;0;-10;;;;0
2026-05-14 07:20:48;0;-10;;;;0
2026-05-14 07:21:58;0;-10;;;;0
2026-05-14 07:23:04;0;-10;;;;0
2026-05-14 07:24:13;0;-10;;;;0
2026-05-14 07:25:19;0;-10;;;;0
2026-05-14 07:26:29;0;-10;;;;0
2026-05-14 07:27:34;0;-10;;;;0
2026-05-14 07:28:46;0;-10;;;;0
2026-05-14 07:29:51;0;-10;;;;0
2026-05-14 07:30:59;0;-10;;;;0
2026-05-14 07:32:04;0.25;-10;;;;0
2026-05-14 07:33:14;0;-10;;;;0
2026-05-14 07:34:20;0;-10;;;;0
2026-05-14 07:35:30;0;-10;;;;0
2026-05-14 07:36:35;0;-10;;;;0
2026-05-14 07:37:45;0;-10;;;;0
2026-05-14 07:38:50;0;-10;;;;0
2026-05-14 07:40:00;0;-10;;;;0
2026-05-14 07:41:05;0;-10;;;;0
2026-05-14 07:42:15;0;-10;;;;0
2026-05-14 07:43:21;0;-10;;;;0
2026-05-14 07:44:30;0;-10;;;;0
2026-05-14 07:45:36;0;-10;;;;0
2026-05-14 07:46:47;0;-10;;;;0
2026-05-14 07:47:52;0;-10;;;;0
2026-05-14 07:49:01;0;-10;;;;0
2026-05-14 07:50:06;0;-10;;;;0
2026-05-14 07:51:16;0;-10;;;;0
2026-05-14 07:52:22;0;-10;;;;0
2026-05-14 07:53:31;0;-10;;;;0
2026-05-14 07:54:37;0;-10;;;;0
2026-05-14 07:55:47;0;-10;;;;0
2026-05-14 07:56:52;0;-10;;;;0
2026-05-14 07:58:02;0;-10;;;;0
2026-05-14 07:59:07;0;-10;;;;0
2026-05-14 08:00:23;0;-10;;;;0
2026-05-14 08:01:34;0;-10;;;;0
2026-05-14 08:02:41;0;-10;;;;0
2026-05-14 08:03:49;0;-10;;;;0
2026-05-14 08:04:54;0;-10;;;;0
2026-05-14 08:06:04;0;-10;;;;0
2026-05-14 08:07:09;0;-10;;;;0
2026-05-14 08:08:24;0;-10;;;;0
2026-05-14 08:09:35;0;-10;;;;0
2026-05-14 08:10:40;0;-10;;;;0
2026-05-14 08:11:56;3.54;-10;;;;0
2026-05-14 08:13:06;0;-10;;;;0
2026-05-14 08:14:11;0;-10;;;;0
2026-05-14 08:15:22;0;-10;;;;0
2026-05-14 08:16:27;0;-10;;;;0
2026-05-14 08:17:37;0;-10;;;;0
2026-05-14 08:18:42;0;-10;;;;0
2026-05-14 08:19:52;0;-10;;;;0
2026-05-14 08:20:57;1.82;-10;;;;0
2026-05-14 08:22:12;7.96;10;;;;1
2026-05-14 08:23:23;18.23;10;;;;1
2026-05-14 08:24:28;19.26;10;;;;1
2026-05-14 08:25:39;18.89;10;;;;1
2026-05-14 08:26:45;18.82;10;;;;1
2026-05-14 08:27:56;18.76;10;;;;1
2026-05-14 08:29:01;18.82;10;;;;1
2026-05-14 08:30:07;18.73;10;;;;1
2026-05-14 08:31:17;18.62;10;;;;1
2026-05-14 08:32:23;18.61;10;;;;0
2026-05-14 08:33:29;19.2;10;;;;1
2026-05-14 08:34:35;19.13;10;;;;1
2026-05-14 08:35:41;18.69;10;;;;0
2026-05-14 08:36:52;18.52;10;;;;1
2026-05-14 08:37:58;18.42;10;;;;1
2026-05-14 08:39:08;18.18;10;;;;0
2026-05-14 08:40:15;18.19;10;;;;0
2026-05-14 08:41:29;17.79;10;;;;0
2026-05-14 08:42:37;17.36;10;;;;0
2026-05-14 08:43:42;16.84;10;;;;0
2026-05-14 08:44:52;8.49;10;;;;0
2026-05-14 08:45:58;1.06;10;;;;9
2026-05-14 08:47:08;1.49;10;;;;1
2026-05-14 08:48:13;1.86;10;;;;1
2026-05-14 08:49:23;2.23;10;;;;0
2026-05-14 08:50:28;2.92;10;;;;0
2026-05-14 08:51:38;4.01;10;;;;1
2026-05-14 08:52:43;5.41;10;;;;0
2026-05-14 08:53:59;7.57;10;;;;0
2026-05-14 08:55:05;10.19;10;;;;0
2026-05-14 08:56:16;12.9;10;;;;0
2026-05-14 08:57:22;14.77;10;;;;0
2026-05-14 08:58:34;15.69;10;;;;0
2026-05-14 08:59:44;16.09;10;;;;0
2026-05-14 09:00:50;16.21;10;;;;0
2026-05-14 09:01:56;16.39;10;;;;1
2026-05-14 09:03:06;16.5;10;;;;0
2026-05-14 09:04:12;16.46;10;;;;0
2026-05-14 09:05:21;16.42;10;;;;0
2026-05-14 09:06:27;16.67;10;;;;0
2026-05-14 09:07:35;16.87;10;;;;0
2026-05-14 09:08:41;16.7;10;;;;0
2026-05-14 09:09:47;16.56;10;;;;0
2026-05-14 09:11:08;17.64;10;;;;0
2026-05-14 09:12:14;18.63;10;;;;0
2026-05-14 09:13:24;18.09;10;;;;0
2026-05-14 09:14:31;18.1;10;;;;1
2026-05-14 09:15:41;18.37;10;;;;0
2026-05-14 09:16:46;18.51;10;;;;0
2026-05-14 09:17:53;18.89;10;;;;0
2026-05-14 09:19:03;18.33;10;;;;0
2026-05-14 09:20:09;18.04;10;;;;0
2026-05-14 09:21:24;18.47;10;;;;0
2026-05-14 09:22:34;17.3;10;;;;0
2026-05-14 09:23:40;17.2;10;;;;0
2026-05-14 09:24:50;18.03;10;;;;1
2026-05-14 09:25:56;18.6;10;;;;0
2026-05-14 09:27:10;17.76;10;;;;0
2026-05-14 09:28:16;18.1;10;;;;0
2026-05-14 09:29:28;18.38;10;;;;0
2026-05-14 09:30:34;18.21;10;;;;0
2026-05-14 09:31:44;18.93;10;;;;0
2026-05-14 09:32:50;18.45;10;;;;1
2026-05-14 09:33:31;;;;;18.45;
2026-05-14 09:34:01;19.02;10;;;;0
2026-05-14 09:35:12;18.9;10;;;;0
2026-05-14 09:36:18;19.08;10;;;;0
2026-05-14 09:37:28;18.39;10;;;;0
2026-05-14 09:38:33;17.62;10;;;;0
2026-05-14 09:39:45;18.03;10;;;;0
2026-05-14 09:40:50;17.96;10;;;;1
2026-05-14 09:42:00;18.42;10;;;;0
2026-05-14 09:43:06;17.82;10;;;;0
2026-05-14 09:44:16;17.17;10;;;;0
2026-05-14 09:45:22;16.99;10;;;;0
2026-05-14 09:46:32;16.77;10;;;;0
2026-05-14 09:47:38;16.66;10;;;;0
2026-05-14 09:48:53;16.68;10;;;;0
2026-05-14 09:49:59;16.72;10;;;;0
2026-05-14 09:51:16;16.67;10;;;;0
2026-05-14 09:52:27;17.93;10;;;;1
2026-05-14 09:53:37;18.12;10;;;;1
2026-05-14 09:54:43;17.69;10;;;;1
2026-05-14 09:55:53;17.19;10;;;;1
2026-05-14 09:56:59;18.1;10;;;;1
2026-05-14 09:58:05;27.03;-10;;;;3
2026-05-14 09:59:15;48.66;10;;;;2
2026-05-14 10:00:22;18.32;10;;;;2
2026-05-14 10:01:32;17.62;10;;;;1
2026-05-14 10:02:38;17.78;10;;;;1
2026-05-14 10:03:51;17.82;10;;;;1
2026-05-14 10:05:11;17.23;10;;;;1
2026-05-14 10:06:22;16.99;10;;;;1
2026-05-14 10:07:34;16.88;10;;;;1
2026-05-14 10:08:39;16.86;10;;;;0
2026-05-14 10:09:55;16.94;10;;;;1
2026-05-14 10:11:01;16.87;10;;;;1
2026-05-14 10:12:12;16.84;10;;;;0
2026-05-14 10:13:23;16.75;10;;;;1
2026-05-14 10:14:29;16.79;10;;;;0
2026-05-14 10:15:40;17.37;10;;;;0
2026-05-14 10:16:46;18.5;10;;;;1
2026-05-14 10:17:56;17.86;10;;;;0
2026-05-14 10:19:02;16.77;10;;;;1
2026-05-14 10:20:18;17.98;10;;;;4
2026-05-14 10:21:29;61.38;-10;;;;3
2026-05-14 10:22:35;85.56;-10;;;;4
2026-05-14 10:23:46;97.98;-10;;;;3
2026-05-14 10:24:53;119.68;-10;;;;3
2026-05-14 10:26:03;110.31;-10;;;;4
2026-05-14 10:27:09;76.73;-10;;;;4
2026-05-14 10:28:19;32.23;10;;;;4
2026-05-14 10:29:25;21.76;10;;;;3
2026-05-14 10:30:41;22.99;10;;;;3
2026-05-14 10:31:57;22.3;10;;;;3
2026-05-14 10:33:03;0;10;;;;3
2026-05-14 10:34:09;0;10;;;;1
2026-05-14 10:35:14;0;10;;;;0
2026-05-14 10:36:24;0;10;;;;0
2026-05-14 10:37:29;0;10;;;;0
2026-05-14 10:37:44;;;0;0;;
2026-05-14 10:38:39;0;10;;;;0
2026-05-14 10:39:54;0;10;;;;0
2026-05-14 10:41:00;0;10;;;;0
2026-05-14 10:42:10;0;10;;;;0
2026-05-14 10:43:15;18.39;10;;;;0
2026-05-14 10:44:25;0;10;;;;0
2026-05-14 10:45:40;0;10;;;;0
2026-05-14 10:46:56;7.99;10;;;;0
2026-05-14 10:48:02;0;10;;;;0
2026-05-14 10:49:12;0;10;;;;0
2026-05-14 10:50:17;0;10;;;;0
2026-05-14 10:51:26;0;10;;;;0
2026-05-14 10:52:31;0.1;10;;;;0
2026-05-14 10:53:47;0;10;;;;0
2026-05-14 10:54:57;0;10;;;;0
2026-05-14 10:56:02;0;10;;;;0
2026-05-14 10:57:13;0;10;;;;0
2026-05-14 10:58:18;0;10;;;;0
2026-05-14 10:59:28;0;10;;;;0
2026-05-14 11:00:34;0;10;;;;0
2026-05-14 11:01:44;0;10;;;;0
2026-05-14 11:02:50;0;10;;;;0
2026-05-14 11:03:59;0;10;;;;0
2026-05-14 11:05:05;0;10;;;;0
2026-05-14 11:06:15;8.55;10;;;;0
2026-05-14 11:07:20;0;10;;;;0
2026-05-14 11:08:30;2.56;10;;;;0
2026-05-14 11:09:35;0;10;;;;0
2026-05-14 11:10:45;0;10;;;;0
2026-05-14 11:11:50;0;10;;;;0
2026-05-14 11:13:00;0;10;;;;0
2026-05-14 11:14:05;0;10;;;;0
2026-05-14 11:15:15;1.23;10;;;;0
2026-05-14 11:16:21;0;10;;;;0
2026-05-14 11:17:36;0;10;;;;0
2026-05-14 11:18:46;0;10;;;;0
2026-05-14 11:19:52;0;10;;;;0
2026-05-14 11:21:01;0;10;;;;0
2026-05-14 11:22:07;0;10;;;;0
2026-05-14 11:23:22;0;10;;;;0
2026-05-14 11:24:37;0;10;;;;0
2026-05-14 11:25:42;0;10;;;;0
2026-05-14 11:26:54;0;10;;;;0
2026-05-14 11:28:04;0.97;10;;;;0
2026-05-14 11:29:09;0;10;;;;0
2026-05-14 11:30:19;0;10;;;;0
2026-05-14 11:31:24;0;10;;;;0
2026-05-14 11:32:34;0;10;;;;0
2026-05-14 11:33:40;0;10;;;;0
2026-05-14 11:34:55;0;10;;;;0
2026-05-14 11:36:05;0;10;;;;0
2026-05-14 11:37:10;0;10;;;;0
2026-05-14 11:38:20;0;10;;;;0
2026-05-14 11:39:25;0;10;;;;0
2026-05-14 11:40:35;0;10;;;;0
2026-05-14 11:41:40;0;10;;;;0
2026-05-14 11:42:50;0;10;;;;0
2026-05-14 11:43:56;0;10;;;;0
2026-05-14 11:45:05;0;10;;;;0
2026-05-14 11:46:21;0;10;;;;0
2026-05-14 11:47:26;0;10;;;;0
2026-05-14 11:49:39;0;10;;;;0
2026-05-14 11:50:45;0;10;;;;0
2026-05-14 11:51:51;0;10;;;;0
2026-05-14 11:52:57;0;10;;;;0
2026-05-14 11:54:07;0;10;;;;0
2026-05-14 11:55:12;0;10;;;;0
2026-05-14 11:56:22;1.19;10;;;;0
2026-05-14 11:57:27;0;10;;;;0
2026-05-14 11:58:37;0;10;;;;0
2026-05-14 11:59:44;6.86;10;;;;0
2026-05-14 12:00:52;0;10;;;;0
2026-05-14 12:01:58;0;10;;;;0
2026-05-14 12:03:08;6.86;10;;;;0
2026-05-14 12:04:13;20.38;-10;;;;1
2026-05-14 12:05:24;25.96;10;;;;7
2026-05-14 12:06:30;22.08;10;;;;8
2026-05-14 12:07:40;26.61;-10;;;;6
2026-05-14 12:08:46;0;10;;;;7
2026-05-14 12:09:56;0;10;;;;0
2026-05-14 12:11:05;0;10;;;;0
2026-05-14 12:12:16;0;10;;;;0
2026-05-14 12:13:26;0;10;;;;0
2026-05-14 12:14:32;0;10;;;;0
2026-05-14 12:15:42;0;10;;;;0
2026-05-14 12:16:47;19.49;10;;;;0
2026-05-14 12:17:57;0;10;;;;0
2026-05-14 12:19:02;0;10;;;;0
2026-05-14 12:20:12;0;10;;;;0
2026-05-14 12:21:17;0;10;;;;0
2026-05-14 12:22:27;0;10;;;;0
2026-05-14 12:23:33;0;10;;;;0
2026-05-14 12:24:42;0;10;;;;0
2026-05-14 12:25:48;0;10;;;;0
2026-05-14 12:26:57;7.7;10;;;;0
2026-05-14 12:28:03;5.69;10;;;;0
2026-05-14 12:29:13;0;10;;;;0
2026-05-14 12:30:18;0;10;;;;0
2026-05-14 12:31:28;0;10;;;;0
2026-05-14 12:32:34;0;10;;;;0
2026-05-14 12:33:44;0;10;;;;0
2026-05-14 12:34:50;0;10;;;;0
2026-05-14 12:35:59;14.75;10;;;;0
2026-05-14 12:37:05;20.45;10;;;;1
2026-05-14 12:38:11;19.06;10;;;;1
2026-05-14 12:39:22;20.3;10;;;;1
2026-05-14 12:40:33;18.92;10;;;;1
2026-05-14 12:41:38;19.64;10;;;;1
2026-05-14 12:42:49;19.36;10;;;;1
2026-05-14 12:43:55;18.22;10;;;;1
2026-05-14 12:45:05;19.19;10;;;;1
2026-05-14 12:46:21;19.16;10;;;;1
2026-05-14 12:47:26;20.81;10;;;;8
2026-05-14 12:48:43;19.33;10;;;;5
2026-05-14 12:49:49;17.14;10;;;;2
2026-05-14 12:50:59;17.03;10;;;;2
2026-05-14 12:52:05;16.84;10;;;;1
2026-05-14 12:53:12;16.91;10;;;;2
2026-05-14 12:54:18;16.96;10;;;;2
2026-05-14 12:55:24;16.96;10;;;;1
2026-05-14 12:56:34;17.12;10;;;;1
2026-05-14 12:57:40;16.72;10;;;;0
2026-05-14 12:58:51;18.97;10;;;;0
2026-05-14 13:00:01;18.89;10;;;;0
2026-05-14 13:01:07;17.78;10;;;;0
2026-05-14 13:02:18;16.77;10;;;;1
2026-05-14 13:03:24;17.29;10;;;;1
2026-05-14 13:04:34;17.03;10;;;;1
2026-05-14 13:05:40;16.85;10;;;;1
2026-05-14 13:06:50;16.83;10;;;;1
2026-05-14 13:08:05;16.82;10;;;;1
2026-05-14 13:09:11;16.83;10;;;;1
2026-05-14 13:10:21;17.35;10;;;;1
2026-05-14 13:11:27;17.16;10;;;;1
2026-05-14 13:12:37;16.84;10;;;;1
2026-05-14 13:13:43;16.83;10;;;;1
2026-05-14 13:14:54;16.9;10;;;;1
2026-05-14 13:16:00;16.9;10;;;;1
2026-05-14 13:16:26;;;;;16.88;
2026-05-14 13:17:09;16.77;10;;;;1
2026-05-14 13:18:15;16.76;10;;;;1
2026-05-14 13:19:26;17.2;10;;;;1
2026-05-14 13:20:32;17.92;10;;;;1
2026-05-14 13:21:47;17.67;10;;;;1
2026-05-14 13:22:58;17.34;10;;;;1
2026-05-14 13:24:04;17.47;10;;;;0
2026-05-14 13:25:14;17.34;10;;;;2
2026-05-14 13:26:20;17.54;10;;;;1
2026-05-14 13:27:26;17.79;10;;;;0
2026-05-14 13:28:32;17.85;10;;;;1
2026-05-14 13:29:39;18.0;10;;;;1
2026-05-14 13:30:44;18.2;10;;;;1
2026-05-14 13:31:55;17.65;10;;;;1
2026-05-14 13:33:00;17.21;10;;;;1
2026-05-14 13:34:11;17.67;10;;;;1
2026-05-14 13:35:17;17.61;10;;;;1
2026-05-14 13:36:28;17.27;10;;;;1
2026-05-14 13:37:34;17.49;10;;;;1
2026-05-14 13:38:44;17.05;10;;;;1
2026-05-14 13:39:49;17.84;10;;;;1
2026-05-14 13:40:59;18.68;10;;;;1
2026-05-14 13:42:05;18.42;10;;;;1
2026-05-14 13:43:16;18.71;10;;;;1
2026-05-14 13:44:22;18.55;10;;;;1
2026-05-14 13:45:32;19.39;10;;;;1
2026-05-14 13:46:38;18.77;10;;;;1
2026-05-14 13:47:47;18.09;10;;;;1
2026-05-14 13:48:53;17.67;10;;;;1
2026-05-14 13:50:03;17.77;10;;;;1
2026-05-14 13:51:09;17.92;10;;;;1
2026-05-14 13:52:25;17.96;10;;;;1
2026-05-14 13:53:36;17.88;10;;;;1
2026-05-14 13:54:42;17.99;10;;;;1
2026-05-14 13:55:52;18.2;10;;;;1
2026-05-14 13:56:59;18.13;10;;;;1
2026-05-14 13:58:08;18.18;10;;;;1
2026-05-14 13:59:14;18.14;10;;;;1
2026-05-14 14:00:24;18.07;10;;;;1
2026-05-14 14:01:31;17.98;10;;;;1
2026-05-14 14:02:41;17.89;10;;;;1
2026-05-14 14:03:48;18.43;10;;;;3
2026-05-14 14:04:57;47.94;10;;;;5
2026-05-14 14:06:03;54.25;-10;;;;4
2026-05-14 14:07:14;52.68;-10;;;;2
2026-05-14 14:08:21;77.88;-10;;;;4
2026-05-14 14:09:30;79.54;-10;;;;4
2026-05-14 14:10:36;83.41;-10;;;;4
2026-05-14 14:11:47;32.84;-10;;;;3
2026-05-14 14:12:53;26.06;-10;;;;0
2026-05-14 14:14:09;23.32;10;;;;1
2026-05-14 14:15:20;42.38;-10;;;;4
2026-05-14 14:16:26;31.19;10;;;;5
2026-05-14 14:17:38;20.89;10;;;;3
2026-05-14 14:18:44;20.2;10;;;;3
2026-05-14 14:19:54;25.65;10;;;;3
2026-05-14 14:21:00;0;10;;;;3
2026-05-14 14:22:10;12.18;10;;;;1
2026-05-14 14:23:15;4.44;10;;;;0
2026-05-14 14:24:25;1.49;10;;;;0
2026-05-14 14:25:31;1.51;10;;;;0
2026-05-14 14:26:41;0;10;;;;0
2026-05-14 14:27:46;0;10;;;;0
2026-05-14 14:27:50;;;0;0;;
2026-05-14 14:28:56;1.14;10;;;;0
2026-05-14 14:30:01;1.51;10;;;;0
2026-05-14 14:31:11;0;10;;;;0
2026-05-14 14:32:16;0;10;;;;0
2026-05-14 14:33:26;0;10;;;;0
2026-05-14 14:34:32;0;10;;;;0
2026-05-14 14:35:41;0;10;;;;0
2026-05-14 14:36:47;0;10;;;;0
2026-05-14 14:37:56;0;10;;;;0
2026-05-14 14:39:02;0;10;;;;0
2026-05-14 14:40:12;1.46;10;;;;0
2026-05-14 14:41:17;0;10;;;;0
2026-05-14 14:42:27;0;10;;;;0
2026-05-14 14:43:33;0;10;;;;0
2026-05-14 14:44:42;0;10;;;;0
2026-05-14 14:45:48;0;10;;;;0
2026-05-14 14:46:59;0;10;;;;0
2026-05-14 14:48:04;0;10;;;;0
2026-05-14 14:49:12;0;10;;;;0
2026-05-14 14:50:18;0;10;;;;0
2026-05-14 14:51:27;0;10;;;;0
2026-05-14 14:52:33;0;10;;;;0
2026-05-14 14:53:44;0;10;;;;0
2026-05-14 14:54:50;0;10;;;;0
2026-05-14 14:55:58;0;10;;;;0
2026-05-14 14:57:03;0;10;;;;0
2026-05-14 14:58:13;0;10;;;;0
2026-05-14 14:59:19;0;10;;;;0
2026-05-14 15:00:29;0;10;;;;0
2026-05-14 15:01:35;0;10;;;;0
2026-05-14 15:02:50;0;10;;;;0
2026-05-14 15:03:56;0;10;;;;0
2026-05-14 15:05:06;0;10;;;;0
2026-05-14 15:06:16;0.25;10;;;;0
2026-05-14 15:07:22;0;10;;;;0
2026-05-14 15:08:31;0;10;;;;0
2026-05-14 15:09:37;0;10;;;;0
2026-05-14 15:10:47;0;10;;;;0
2026-05-14 15:11:52;0;10;;;;0
2026-05-14 15:13:02;0;10;;;;0
2026-05-14 15:14:08;0.26;10;;;;0
2026-05-14 15:15:18;0;10;;;;0
2026-05-14 15:16:25;0;10;;;;0
2026-05-14 15:17:35;0;10;;;;0
2026-05-14 15:18:41;0;10;;;;0
2026-05-14 15:19:48;0;10;;;;0
2026-05-14 15:20:53;0.81;10;;;;0
2026-05-14 15:22:03;0;10;;;;0
2026-05-14 15:23:08;3.03;10;;;;0
2026-05-14 15:24:19;0;10;;;;0
2026-05-14 15:25:25;0;10;;;;0
2026-05-14 15:26:33;0;10;;;;0
2026-05-14 15:27:40;0;10;;;;0
2026-05-14 15:28:49;18.49;-10;;;;5
2026-05-14 15:29:55;26.68;10;;;;7
2026-05-14 15:31:05;23.03;10;;;;10
2026-05-14 15:32:11;23.63;-10;;;;10
2026-05-14 15:33:23;24.51;10;;;;5
2026-05-14 15:34:29;19.65;10;;;;1
2026-05-14 15:35:38;20.01;10;;;;1
2026-05-14 15:36:44;19.63;10;;;;1
2026-05-14 15:37:49;20.32;10;;;;1
2026-05-14 15:39:00;20.25;10;;;;1
2026-05-14 15:40:05;20.7;10;;;;0
2026-05-14 15:41:19;20.47;10;;;;1
2026-05-14 15:42:30;20.42;10;;;;1
2026-05-14 15:43:36;20.81;10;;;;1
2026-05-14 15:44:46;20.7;10;;;;0
2026-05-14 15:45:52;20.56;10;;;;1
2026-05-14 15:46:58;19.56;10;;;;1
2026-05-14 15:48:09;17.14;10;;;;0
2026-05-14 15:49:15;16.9;10;;;;0
2026-05-14 15:50:26;16.87;10;;;;0
2026-05-14 15:51:37;16.5;10;;;;0
2026-05-14 15:52:42;16.17;10;;;;0
2026-05-14 15:53:53;15.2;10;;;;0
2026-05-14 15:54:59;8.43;10;;;;2
2026-05-14 15:56:09;6.25;10;;;;2
2026-05-14 15:57:15;11.99;10;;;;1
2026-05-14 15:58:21;16.25;10;;;;2
2026-05-14 15:59:31;16.88;10;;;;0
2026-05-14 16:00:37;17.06;10;;;;1
2026-05-14 16:01:50;16.75;10;;;;1
2026-05-14 16:03:04;16.78;10;;;;1
2026-05-14 16:04:15;16.8;10;;;;1
2026-05-14 16:05:21;16.61;10;;;;1
2026-05-14 16:06:31;16.57;10;;;;1
2026-05-14 16:07:37;16.61;10;;;;0
2026-05-14 16:08:48;16.66;10;;;;1
2026-05-14 16:09:20;;;;;16.61;
2026-05-14 16:10:04;16.93;10;;;;1
2026-05-14 16:11:25;17.47;10;;;;1
2026-05-14 16:12:48;18.03;10;;;;1
2026-05-14 16:14:02;18.27;10;;;;1
2026-05-14 16:15:14;18.02;10;;;;0
2026-05-14 16:16:25;18.05;10;;;;1
2026-05-14 16:17:32;18.01;10;;;;0
2026-05-14 16:18:41;17.87;10;;;;1
2026-05-14 16:19:47;17.47;10;;;;0
2026-05-14 16:20:57;17.45;10;;;;1
2026-05-14 16:22:03;17.4;10;;;;0
2026-05-14 16:23:19;17.29;10;;;;1
2026-05-14 16:24:29;17.27;10;;;;0
2026-05-14 16:25:35;17.41;10;;;;1
2026-05-14 16:26:45;17.42;10;;;;0
2026-05-14 16:27:51;17.27;10;;;;1
2026-05-14 16:29:01;17.14;10;;;;0
2026-05-14 16:30:07;17.15;10;;;;1
2026-05-14 16:31:17;17.37;10;;;;1
2026-05-14 16:32:23;17.31;10;;;;0
2026-05-14 16:33:38;17.16;10;;;;1
2026-05-14 16:34:49;16.98;10;;;;0
2026-05-14 16:36:04;17.01;10;;;;1
2026-05-14 16:37:11;17.12;10;;;;0
2026-05-14 16:38:21;16.85;10;;;;1
2026-05-14 16:39:27;16.71;10;;;;1
2026-05-14 16:40:37;16.74;10;;;;0
2026-05-14 16:41:43;16.67;10;;;;1
2026-05-14 16:42:53;16.54;10;;;;0
2026-05-14 16:44:02;16.64;10;;;;1
2026-05-14 16:45:09;16.57;10;;;;0
2026-05-14 16:46:15;50.84;-10;;;;1
2026-05-14 16:47:26;44.93;10;;;;1
2026-05-14 16:48:31;16.11;10;;;;1
2026-05-14 16:49:42;16.18;10;;;;1
2026-05-14 16:50:48;18.58;10;;;;7
2026-05-14 16:52:04;64.03;-10;;;;4
2026-05-14 16:53:10;39.39;10;;;;2
2026-05-14 16:54:22;16.11;10;;;;1
2026-05-14 16:55:28;16.65;10;;;;1
2026-05-14 16:56:39;49.26;10;;;;1
2026-05-14 16:57:49;41.49;10;;;;2
2026-05-14 16:58:55;49.62;10;;;;4
2026-05-14 17:00:06;18.54;10;;;;3
2026-05-14 17:01:12;19.85;10;;;;2
2026-05-14 17:02:22;18.53;10;;;;3
2026-05-14 17:03:28;18.45;10;;;;3
2026-05-14 17:04:39;18.58;10;;;;2
2026-05-14 17:05:47;17.72;10;;;;3
2026-05-14 17:06:56;17.14;10;;;;2
2026-05-14 17:08:02;17.01;10;;;;3
2026-05-14 17:09:13;49.68;-10;;;;4
2026-05-14 17:10:19;30.73;10;;;;1
2026-05-14 17:11:29;17.35;10;;;;3
2026-05-14 17:12:34;17.38;10;;;;2
2026-05-14 17:13:45;17.23;10;;;;2
2026-05-14 17:14:50;16.96;10;;;;2
2026-05-14 17:15:56;16.88;10;;;;2
2026-05-14 17:17:07;16.78;10;;;;2
2026-05-14 17:18:13;25.66;-10;;;;2
2026-05-14 17:19:24;55.03;10;;;;2
2026-05-14 17:20:30;17.26;10;;;;3
2026-05-14 17:21:41;17.67;10;;;;3
2026-05-14 17:22:47;17.22;10;;;;2
2026-05-14 17:24:03;17.85;10;;;;3
2026-05-14 17:25:09;17.63;10;;;;2
2026-05-14 17:26:26;17.09;10;;;;3
2026-05-14 17:27:36;17.78;10;;;;2
2026-05-14 17:28:42;17.37;10;;;;3
2026-05-14 17:29:53;45.38;-10;;;;4
2026-05-14 17:31:05;19.85;-10;;;;0
2026-05-14 17:32:11;45.01;10;;;;2
2026-05-14 17:33:22;35.82;-10;;;;0
2026-05-14 17:34:28;55.5;-10;;;;4
2026-05-14 17:35:38;16.33;10;;;;0
2026-05-14 17:36:44;40.13;10;;;;1
2026-05-14 17:37:54;17.15;10;;;;2
2026-05-14 17:39:00;42.16;-10;;;;2
2026-05-14 17:40:11;37.89;10;;;;1
2026-05-14 17:41:17;18.78;10;;;;2
2026-05-14 17:42:27;18.69;10;;;;3
2026-05-14 17:43:33;19.49;10;;;;3
2026-05-14 17:44:44;19.98;10;;;;3
2026-05-14 17:45:50;19.08;10;;;;2
2026-05-14 17:47:03;19.33;10;;;;3
2026-05-14 17:48:09;19.56;10;;;;3
2026-05-14 17:49:18;19.2;10;;;;3
2026-05-14 17:50:24;18.45;10;;;;1
2026-05-14 17:51:30;18.08;10;;;;1
2026-05-14 17:52:41;18.01;10;;;;0
2026-05-14 17:53:51;18.01;10;;;;1
2026-05-14 17:54:57;17.86;10;;;;1
2026-05-14 17:56:03;17.9;10;;;;0
2026-05-14 17:57:13;21.64;-10;;;;1
2026-05-14 17:58:25;49.58;-10;;;;2
2026-05-14 17:59:31;19.39;10;;;;1
2026-05-14 18:00:41;17.59;10;;;;1
2026-05-14 18:01:47;17.64;10;;;;0
2026-05-14 18:02:53;17.73;10;;;;1
2026-05-14 18:04:03;17.59;10;;;;1
2026-05-14 18:05:16;17.5;10;;;;1
2026-05-14 18:06:22;17.42;10;;;;0
2026-05-14 18:07:32;17.47;10;;;;1
2026-05-14 18:08:37;17.41;10;;;;1
2026-05-14 18:09:48;17.4;10;;;;0
2026-05-14 18:10:54;17.35;10;;;;1
2026-05-14 18:12:04;17.33;10;;;;1
2026-05-14 18:13:10;17.24;10;;;;1
2026-05-14 18:14:20;17.26;10;;;;0
2026-05-14 18:15:26;17.24;10;;;;1
2026-05-14 18:16:36;17.25;10;;;;1
2026-05-14 18:17:42;17.3;10;;;;0
2026-05-14 18:18:51;17.31;10;;;;1
2026-05-14 18:19:57;17.31;10;;;;1
2026-05-14 18:21:07;17.38;10;;;;1
2026-05-14 18:22:13;17.32;10;;;;0
2026-05-14 18:23:24;61.86;-10;;;;3
2026-05-14 18:24:30;44.97;10;;;;4
2026-05-14 18:25:45;18.53;10;;;;3
2026-05-14 18:26:51;18.91;10;;;;2
2026-05-14 18:28:02;19.43;10;;;;3
2026-05-14 18:29:08;18.92;10;;;;2
2026-05-14 18:30:19;18.69;10;;;;3
2026-05-14 18:31:26;19.07;10;;;;3
2026-05-14 18:32:36;18.94;10;;;;2
2026-05-14 18:33:53;19.55;10;;;;3
2026-05-14 18:34:59;19.19;10;;;;3
2026-05-14 18:36:10;18.8;10;;;;2
2026-05-14 18:37:26;19.43;10;;;;3
2026-05-14 18:38:32;19.13;10;;;;3
2026-05-14 18:39:43;18.87;10;;;;3
2026-05-14 18:40:54;18.67;10;;;;2
2026-05-14 18:42:00;18.77;10;;;;3
2026-05-14 18:43:11;18.78;10;;;;3
2026-05-14 18:44:17;18.07;10;;;;2
2026-05-14 18:45:27;18.67;10;;;;3
2026-05-14 18:46:43;18.8;10;;;;2
2026-05-14 18:47:50;19.3;10;;;;3
2026-05-14 18:49:00;19.42;10;;;;2
2026-05-14 18:50:06;18.71;10;;;;3
2026-05-14 18:51:12;37.29;-10;;;;3
2026-05-14 18:52:23;44.62;10;;;;5
2026-05-14 18:53:29;21.07;10;;;;3
2026-05-14 18:54:40;19.36;10;;;;3
2026-05-14 18:55:51;18.86;10;;;;3
2026-05-14 18:56:58;18.44;10;;;;3
2026-05-14 18:58:07;19.09;10;;;;3
2026-05-14 18:59:13;19.94;10;;;;4
2026-05-14 19:00:23;19.1;10;;;;4
2026-05-14 19:01:30;19.02;10;;;;3
2026-05-14 19:02:40;18.74;10;;;;3
2026-05-14 19:03:46;18.76;10;;;;2
2026-05-14 19:05:01;18.42;10;;;;3
2026-05-14 19:06:12;18.75;10;;;;3
2026-05-14 19:07:18;18.4;10;;;;3
2026-05-14 19:08:29;18.48;10;;;;2
2026-05-14 19:09:35;19.25;10;;;;3
2026-05-14 19:10:45;18.67;10;;;;3
2026-05-14 19:11:51;17.05;10;;;;1
2026-05-14 19:13:02;15.98;10;;;;1
2026-05-14 19:14:08;16.37;10;;;;1
2026-05-14 19:15:18;16.14;10;;;;1
2026-05-14 19:16:24;16.72;10;;;;1
2026-05-14 19:17:45;16.64;10;;;;1
2026-05-14 19:18:56;31.62;-10;;;;1
2026-05-14 19:20:07;27.87;10;;;;4
2026-05-14 19:21:13;19.06;10;;;;1
2026-05-14 19:22:24;18.96;10;;;;1
2026-05-14 19:23:29;18.93;10;;;;1
2026-05-14 19:24:40;19.21;10;;;;1
2026-05-14 19:25:46;18.94;10;;;;1
2026-05-14 19:26:56;19.19;10;;;;1
2026-05-14 19:28:02;20.68;10;;;;4
2026-05-14 19:29:16;0;10;;;;2
2026-05-14 19:30:22;15.35;10;;;;0
2026-05-14 19:31:29;20.1;10;;;;4
2026-05-14 19:32:35;20.7;-10;;;;8
2026-05-14 19:33:45;10.62;-10;;;;3
2026-05-14 19:34:51;0.96;-10;;;;0
2026-05-14 19:36:00;1.52;-10;;;;0
2026-05-14 19:37:06;11.97;-10;;;;0
2026-05-14 19:38:22;15.79;-10;;;;0
2026-05-14 19:39:33;9.84;-10;;;;0
2026-05-14 19:40:39;5.3;-10;;;;0
2026-05-14 19:43:06;1.28;-10;;;;0
2026-05-14 19:44:11;1.57;-10;;;;0
2026-05-14 19:45:06;;;0;0;;
2026-05-14 19:45:21;1.19;-10;;;;0
2026-05-14 19:46:26;0.62;-10;;;;0
2026-05-14 19:47:37;0.76;-10;;;;0
2026-05-14 19:48:51;0.67;-10;;;;0
2026-05-14 19:49:56;0.92;-10;;;;0
2026-05-14 19:51:06;0;-10;;;;0
2026-05-14 19:52:12;0.76;-10;;;;0
2026-05-14 19:53:21;0;-10;;;;0
2026-05-14 19:54:27;0;-10;;;;0
2026-05-14 19:55:37;0.8;-10;;;;0
2026-05-14 19:56:43;0;-10;;;;0
2026-05-14 19:57:52;0;-10;;;;0
2026-05-14 19:58:57;0.69;-10;;;;0
2026-05-14 20:00:07;0;-10;;;;0
2026-05-14 20:01:12;0;-10;;;;0
2026-05-14 20:02:22;0;-10;;;;0
2026-05-14 20:03:28;0;-10;;;;0
2026-05-14 20:04:38;0;-10;;;;0
2026-05-14 20:05:43;25.56;-10;;;;0
2026-05-14 20:06:55;39.62;10;;;;7
2026-05-14 20:08:01;33.96;-10;;;;8
2026-05-14 20:09:14;0;-10;;;;1
2026-05-14 20:10:24;0;-10;;;;0
2026-05-14 20:11:30;0;-10;;;;0
2026-05-14 20:12:39;0;-10;;;;0
2026-05-14 20:13:54;0;-10;;;;0
2026-05-14 20:15:00;0;-10;;;;0
2026-05-14 20:16:10;0;-10;;;;0
2026-05-14 20:17:16;0;-10;;;;0
2026-05-14 20:18:25;0;-10;;;;0
2026-05-14 20:19:31;0;-10;;;;0
2026-05-14 20:20:40;0;-10;;;;0
2026-05-14 20:21:46;0;-10;;;;0
2026-05-14 20:22:55;0;-10;;;;0
2026-05-14 20:24:01;0;-10;;;;0
2026-05-14 20:25:11;0;-10;;;;0
2026-05-14 20:26:16;0;-10;;;;0
2026-05-14 20:27:26;0;-10;;;;0
2026-05-14 20:28:34;0;-10;;;;0
2026-05-14 20:29:41;0;-10;;;;0
2026-05-14 20:30:56;0;-10;;;;0
2026-05-14 20:32:01;0;-10;;;;0
2026-05-14 20:33:11;0;-10;;;;0
2026-05-14 20:34:16;0;-10;;;;0
2026-05-14 20:35:26;0;-10;;;;0
2026-05-14 20:36:32;26.03;10;;;;1
2026-05-14 20:37:37;19.57;10;;;;1
2026-05-14 20:38:44;19.04;10;;;;1
2026-05-14 20:39:50;18.03;10;;;;1
2026-05-14 20:41:01;18.19;10;;;;1
2026-05-14 20:42:07;18.26;10;;;;1
2026-05-14 20:43:17;18.13;10;;;;1
2026-05-14 20:44:23;18.34;10;;;;1
2026-05-14 20:45:38;17.82;10;;;;1
2026-05-14 20:46:44;17.7;10;;;;1
2026-05-14 20:47:50;18.17;10;;;;1
2026-05-14 20:48:56;18.45;10;;;;1
2026-05-14 20:50:02;18.01;10;;;;1
2026-05-14 20:51:13;17.87;10;;;;1
2026-05-14 20:52:19;17.92;10;;;;0
2026-05-14 20:53:30;17.85;10;;;;1
2026-05-14 20:54:36;17.69;10;;;;1
2026-05-14 20:55:46;17.7;10;;;;1
2026-05-14 20:56:53;17.6;10;;;;1
2026-05-14 20:58:09;17.75;10;;;;1
2026-05-14 20:59:20;17.73;10;;;;1
2026-05-14 21:00:26;19.05;10;;;;1
2026-05-14 21:01:36;18.44;10;;;;1
2026-05-14 21:02:41;17.89;10;;;;0
2026-05-14 21:03:51;17.35;10;;;;1
2026-05-14 21:04:57;17.21;10;;;;1
2026-05-14 21:06:03;17.38;10;;;;1
2026-05-14 21:07:14;17.72;10;;;;1
2026-05-14 21:08:25;17.37;10;;;;0
2026-05-14 21:09:31;17.6;10;;;;1
2026-05-14 21:10:41;17.65;10;;;;1
2026-05-14 21:11:47;17.96;10;;;;1
2026-05-14 21:12:57;17.38;10;;;;1
2026-05-14 21:14:03;17.31;10;;;;1
2026-05-14 21:15:14;17.25;10;;;;1
2026-05-14 21:16:20;17.67;10;;;;1
2026-05-14 21:17:00;;;;;17.47;
2026-05-14 21:17:30;17.88;10;;;;1
2026-05-14 21:18:36;17.69;10;;;;1
2026-05-14 21:19:46;17.5;10;;;;1
2026-05-14 21:20:52;17.3;10;;;;1
2026-05-14 21:22:03;17.43;10;;;;1
2026-05-14 21:23:08;17.38;10;;;;0
2026-05-14 21:24:19;17.95;10;;;;1
2026-05-14 21:25:25;17.32;10;;;;1
2026-05-14 21:26:35;17.18;10;;;;1
2026-05-14 21:27:40;17.15;10;;;;1
2026-05-14 21:28:51;17.23;10;;;;1
2026-05-14 21:29:57;17.25;10;;;;1
2026-05-14 21:31:03;17.22;10;;;;0
2026-05-14 21:32:14;17.29;10;;;;1
2026-05-14 21:33:25;17.13;10;;;;1
2026-05-14 21:34:31;17.17;10;;;;1
2026-05-14 21:35:41;17.24;10;;;;1
2026-05-14 21:36:47;17.24;10;;;;1
2026-05-14 21:37:57;17.16;10;;;;0
2026-05-14 21:39:03;17.15;10;;;;1
2026-05-14 21:40:18;17.0;10;;;;1
2026-05-14 21:41:30;17.03;10;;;;1
2026-05-14 21:42:35;16.97;10;;;;1
2026-05-14 21:43:44;17.06;10;;;;1
2026-05-14 21:44:50;17.09;10;;;;0
2026-05-14 21:46:01;16.98;10;;;;1
2026-05-14 21:47:06;16.89;10;;;;1
2026-05-14 21:48:17;16.9;10;;;;1
2026-05-14 21:49:23;16.95;10;;;;1
2026-05-14 21:50:34;16.9;10;;;;0
2026-05-14 21:51:40;16.94;10;;;;1
2026-05-14 21:52:50;16.93;10;;;;1
2026-05-14 21:53:56;16.95;10;;;;1
2026-05-14 21:55:06;17.08;10;;;;1
2026-05-14 21:56:12;17.23;10;;;;1
2026-05-14 21:57:22;17.89;10;;;;4
2026-05-14 21:58:29;43.78;-10;;;;7
2026-05-14 21:59:48;48.04;-10;;;;2
2026-05-14 22:00:59;36.58;-10;;;;1
2026-05-14 22:02:10;27.86;-10;;;;0
2026-05-14 22:03:16;16.86;10;;;;0
2026-05-14 22:04:26;16.87;10;;;;1
2026-05-14 22:05:33;47.02;-10;;;;1
2026-05-14 22:06:43;85.73;-10;;;;3
2026-05-14 22:07:49;93.42;-10;;;;4
2026-05-14 22:08:59;109.06;-10;;;;4
2026-05-14 22:10:06;108.08;-10;;;;3
2026-05-14 22:11:16;64.78;-10;;;;4
2026-05-14 22:12:22;35.37;-10;;;;2
2026-05-14 22:13:36;33.18;10;;;;6
2026-05-14 22:14:42;23.78;10;;;;2
2026-05-14 22:15:53;21.69;10;;;;3
2026-05-14 22:16:59;0;10;;;;1
2026-05-14 22:18:08;0;10;;;;0
2026-05-14 22:19:14;0;10;;;;0
2026-05-14 22:20:34;0;10;;;;0
2026-05-14 22:21:44;0;10;;;;0
2026-05-14 22:22:50;0;10;;;;0
2026-05-14 22:24:00;0;10;;;;0
2026-05-14 22:25:06;0;10;;;;0
2026-05-14 22:26:15;0;10;;;;0
2026-05-14 22:27:09;;;0;0;;
2026-05-14 22:27:20;0;10;;;;0
2026-05-14 22:28:30;0;10;;;;0
2026-05-14 22:29:36;0;10;;;;0
2026-05-14 22:30:46;0;10;;;;0
2026-05-14 22:31:51;0;10;;;;0
2026-05-14 22:33:01;0;10;;;;0
2026-05-14 22:34:06;0;10;;;;0
2026-05-14 22:35:16;0;10;;;;0
2026-05-14 22:36:22;0;10;;;;0
2026-05-14 22:37:31;0;10;;;;0
2026-05-14 22:38:37;0;10;;;;0
2026-05-14 22:39:46;0;10;;;;0
2026-05-14 22:40:52;0;10;;;;0
2026-05-14 22:42:01;0;10;;;;0
2026-05-14 22:43:07;0.09;10;;;;0
2026-05-14 22:44:17;0;10;;;;0
2026-05-14 22:45:22;0.12;10;;;;0
2026-05-14 22:46:32;0;10;;;;0
2026-05-14 22:47:37;0;10;;;;0
2026-05-14 22:48:47;0;10;;;;0
2026-05-14 22:49:52;0;10;;;;0
2026-05-14 22:51:02;0;10;;;;0
2026-05-14 22:52:08;0;10;;;;0
2026-05-14 22:53:17;0;10;;;;0
2026-05-14 22:54:23;0;10;;;;0
2026-05-14 22:55:39;0;10;;;;0
2026-05-14 22:56:53;0;10;;;;0
2026-05-14 22:58:03;0;10;;;;0
2026-05-14 22:59:08;0;10;;;;0
2026-05-14 23:00:18;0;10;;;;0
2026-05-14 23:01:24;0;10;;;;0
2026-05-14 23:02:33;0;10;;;;0
2026-05-14 23:03:38;0;10;;;;0
2026-05-14 23:04:48;0;10;;;;0
2026-05-14 23:05:53;0;10;;;;0
2026-05-14 23:07:09;0;10;;;;0
2026-05-14 23:08:19;0;10;;;;0
2026-05-14 23:09:25;0;10;;;;0
2026-05-14 23:10:34;0;10;;;;0
2026-05-14 23:11:40;0;10;;;;0
2026-05-14 23:12:50;0;10;;;;0
2026-05-14 23:13:55;0;10;;;;0
2026-05-14 23:15:05;20.36;10;;;;0
2026-05-14 23:16:11;27.15;-10;;;;5
2026-05-14 23:17:17;25.94;10;;;;4
2026-05-14 23:18:28;25.94;10;;;;4
2026-05-14 23:19:39;21.18;10;;;;1
2026-05-14 23:20:45;20.85;10;;;;1
2026-05-14 23:21:51;20.64;10;;;;0
2026-05-14 23:23:02;23.06;10;;;;1
2026-05-14 23:24:13;21.32;10;;;;1
2026-05-14 23:25:19;17.89;10;;;;1
2026-05-14 23:26:30;17.75;10;;;;1
2026-05-14 23:27:35;17.92;10;;;;0
2026-05-14 23:28:46;18.08;10;;;;1
2026-05-14 23:29:52;17.96;10;;;;0
2026-05-14 23:31:03;17.87;10;;;;1
2026-05-14 23:32:09;17.87;10;;;;1
2026-05-14 23:33:18;17.83;10;;;;1
2026-05-14 23:34:24;17.76;10;;;;0
2026-05-14 23:35:34;17.94;10;;;;1
2026-05-14 23:36:40;17.94;10;;;;1
2026-05-14 23:37:50;17.76;10;;;;1
2026-05-14 23:38:56;18.11;10;;;;4
2026-05-14 23:40:07;17.48;10;;;;2
2026-05-14 23:41:13;17.36;10;;;;1
2026-05-14 23:42:23;17.36;10;;;;2
2026-05-14 23:43:38;17.34;10;;;;1
2026-05-14 23:44:44;17.41;10;;;;1
2026-05-14 23:45:54;17.4;10;;;;2
2026-05-14 23:47:00;18.05;10;;;;1
2026-05-14 23:48:06;17.19;10;;;;2
2026-05-14 23:49:17;16.98;10;;;;1
2026-05-14 23:50:27;16.81;10;;;;1
2026-05-14 23:51:33;16.96;10;;;;1
2026-05-14 23:52:44;16.98;10;;;;1
2026-05-14 23:53:49;16.9;10;;;;1
2026-05-14 23:54:55;16.87;10;;;;1
2026-05-14 23:55:21;;;;;16.89;
2026-05-14 23:56:06;16.97;10;;;;1
2026-05-14 23:57:12;16.95;10;;;;1
2026-05-14 23:58:22;16.55;10;;;;1
2026-05-14 23:59:28;16.84;10;;;;1
2026-05-15 00:00:39;16.74;10;;;;1
2026-05-15 00:01:44;16.92;10;;;;1
2026-05-15 00:02:51;16.99;10;;;;1
2026-05-15 00:03:57;16.93;10;;;;1
2026-05-15 00:05:07;17.37;10;;;;1
2026-05-15 00:06:13;17.4;10;;;;1
2026-05-15 00:07:23;16.84;10;;;;1
2026-05-15 00:08:29;16.9;10;;;;1
2026-05-15 00:09:39;16.81;10;;;;1
2026-05-15 00:10:45;16.72;10;;;;1
2026-05-15 00:11:51;16.75;10;;;;1
2026-05-15 00:13:03;16.91;10;;;;1
2026-05-15 00:14:13;16.86;10;;;;1
2026-05-15 00:15:19;50.99;10;;;;2
2026-05-15 00:16:29;53.56;-10;;;;7
2026-05-15 00:17:35;90.12;-10;;;;4
2026-05-15 00:18:46;94.01;-10;;;;2
2026-05-15 00:19:52;98.08;-10;;;;3
2026-05-15 00:21:03;106.61;-10;;;;4
2026-05-15 00:22:09;95.42;-10;;;;3
2026-05-15 00:23:21;62.0;-10;;;;3
2026-05-15 00:24:28;28.36;-10;;;;3
2026-05-15 00:25:38;28.71;10;;;;2
2026-05-15 00:26:44;22.29;10;;;;8
2026-05-15 00:27:50;0;10;;;;7
2026-05-15 00:29:00;0;10;;;;0
2026-05-15 00:30:11;16.58;10;;;;0
2026-05-15 00:31:16;0;10;;;;0
2026-05-15 00:32:26;1.87;10;;;;0
2026-05-15 00:33:31;2.11;10;;;;0
2026-05-15 00:34:41;2.36;10;;;;0
2026-05-15 00:35:46;1.53;10;;;;0
2026-05-15 00:36:46;;;0;0;;
2026-05-15 00:36:56;1.46;10;;;;0
2026-05-15 00:38:01;1.69;10;;;;0
2026-05-15 00:39:11;2.63;10;;;;0
2026-05-15 00:40:17;1.46;10;;;;0
2026-05-15 00:41:26;1.81;10;;;;0
2026-05-15 00:42:32;1.53;10;;;;0
2026-05-15 00:43:41;1.58;10;;;;0
2026-05-15 00:44:47;9.53;10;;;;0
2026-05-15 00:45:57;6.5;10;;;;0
2026-05-15 00:47:03;1.65;10;;;;0
2026-05-15 00:48:13;0;10;;;;0
2026-05-15 00:49:18;0;10;;;;0
2026-05-15 00:50:28;0;10;;;;0
2026-05-15 00:51:33;0;10;;;;0
2026-05-15 00:52:43;0;10;;;;0
2026-05-15 00:53:48;0;10;;;;0
2026-05-15 00:54:58;1.06;10;;;;0
2026-05-15 00:56:03;0;10;;;;0
2026-05-15 00:57:13;0;10;;;;0
2026-05-15 00:58:19;0;10;;;;0
2026-05-15 00:59:28;0;10;;;;0
2026-05-15 01:00:34;0;10;;;;0
2026-05-15 01:01:44;0;10;;;;0
2026-05-15 01:02:59;0;10;;;;0
2026-05-15 01:04:04;0;10;;;;0
2026-05-15 01:05:14;0;10;;;;0
2026-05-15 01:06:19;0;10;;;;0
2026-05-15 01:07:35;0;10;;;;0
2026-05-15 01:08:45;0;10;;;;0
2026-05-15 01:09:51;0;10;;;;0
2026-05-15 01:11:00;0;10;;;;0
2026-05-15 01:12:06;0;10;;;;0
2026-05-15 01:13:15;0;10;;;;0
2026-05-15 01:14:21;0;10;;;;0
2026-05-15 01:15:31;0;10;;;;0
2026-05-15 01:16:37;0;10;;;;0
2026-05-15 01:17:46;0;10;;;;0
2026-05-15 01:18:51;0;10;;;;0
2026-05-15 01:20:02;0;10;;;;0
2026-05-15 01:21:07;0;10;;;;0
2026-05-15 01:22:16;0;10;;;;0
2026-05-15 01:23:31;0;10;;;;0
2026-05-15 01:24:36;0;10;;;;0
2026-05-15 01:25:47;0;10;;;;0
2026-05-15 01:26:52;0;10;;;;0
2026-05-15 01:28:02;0;10;;;;0
2026-05-15 01:29:07;0;10;;;;0
2026-05-15 01:30:17;0;10;;;;0
2026-05-15 01:31:22;0;10;;;;0
2026-05-15 01:32:32;0;10;;;;0
2026-05-15 01:33:37;0;10;;;;0
2026-05-15 01:34:47;0;10;;;;0
2026-05-15 01:35:53;0;10;;;;0
2026-05-15 01:37:02;0;10;;;;0
2026-05-15 01:38:08;0;10;;;;0
2026-05-15 01:39:17;0;10;;;;0
2026-05-15 01:40:23;0;10;;;;0
2026-05-15 01:41:32;0;10;;;;0
2026-05-15 01:42:38;0;10;;;;0
2026-05-15 01:43:48;0;10;;;;0
2026-05-15 01:44:53;0;10;;;;0
2026-05-15 01:46:03;0;10;;;;0
2026-05-15 01:47:08;0;10;;;;0
2026-05-15 01:48:18;0;10;;;;0
2026-05-15 01:49:23;0;10;;;;0
2026-05-15 01:50:33;0;10;;;;0
2026-05-15 01:51:39;0;10;;;;0
2026-05-15 01:52:48;0;10;;;;0
2026-05-15 01:53:54;0;10;;;;0
2026-05-15 01:55:04;0;10;;;;0
2026-05-15 01:56:09;0;10;;;;0
2026-05-15 01:57:19;0;10;;;;0
2026-05-15 01:58:25;0;10;;;;0
2026-05-15 01:59:34;0;10;;;;0
2026-05-15 02:00:40;0;10;;;;0
2026-05-15 02:01:49;0;10;;;;0
2026-05-15 02:02:55;0;10;;;;0
2026-05-15 02:04:05;0;10;;;;0
2026-05-15 02:05:10;0;10;;;;0
2026-05-15 02:06:20;0;10;;;;0
2026-05-15 02:07:25;0;10;;;;0
2026-05-15 02:08:35;0;10;;;;0
2026-05-15 02:09:41;0;10;;;;0
2026-05-15 02:10:50;0;10;;;;0
2026-05-15 02:12:10;0;10;;;;0
2026-05-15 02:13:16;0;10;;;;0
2026-05-15 02:14:27;0;10;;;;0
2026-05-15 02:15:37;0;10;;;;0
2026-05-15 02:16:42;0;10;;;;0
2026-05-15 02:17:52;0;10;;;;0
2026-05-15 02:18:57;0;10;;;;0
2026-05-15 02:20:07;0;10;;;;0
2026-05-15 02:21:13;0;10;;;;0
2026-05-15 02:22:22;0;10;;;;0
2026-05-15 02:23:28;0;10;;;;0
2026-05-15 02:24:38;0;10;;;;0
2026-05-15 02:25:43;0;10;;;;0
2026-05-15 02:26:53;0;10;;;;0
2026-05-15 02:27:58;0;10;;;;0
2026-05-15 02:29:08;0;10;;;;0
2026-05-15 02:30:13;0;10;;;;0
2026-05-15 02:31:23;0;10;;;;0
2026-05-15 02:32:29;0;10;;;;0
2026-05-15 02:33:38;0;10;;;;0
2026-05-15 02:34:44;0;10;;;;0
2026-05-15 02:35:54;0;10;;;;0
2026-05-15 02:36:59;0;10;;;;0
2026-05-15 02:38:09;0;10;;;;0
2026-05-15 02:39:15;0;10;;;;0
2026-05-15 02:40:25;0;10;;;;0
2026-05-15 02:41:30;0;10;;;;0
2026-05-15 02:42:40;0;10;;;;0
2026-05-15 02:43:45;0;10;;;;0
2026-05-15 02:44:55;0;10;;;;0
2026-05-15 02:46:01;0;10;;;;0
2026-05-15 02:47:10;0;10;;;;0
2026-05-15 02:48:15;0;10;;;;0
2026-05-15 02:49:25;0;10;;;;0
2026-05-15 02:50:31;0;10;;;;0
2026-05-15 02:51:41;0;10;;;;0
2026-05-15 02:52:46;0;10;;;;0
2026-05-15 02:53:56;0;10;;;;0
2026-05-15 02:55:01;0;10;;;;0
2026-05-15 02:56:17;0;10;;;;0
2026-05-15 02:57:27;0;10;;;;0
2026-05-15 02:58:33;0;10;;;;0
2026-05-15 02:59:42;0;10;;;;0
2026-05-15 03:00:47;0;10;;;;0
2026-05-15 03:01:57;0;10;;;;0
2026-05-15 03:03:03;0;10;;;;0
2026-05-15 03:04:13;0;10;;;;0
2026-05-15 03:05:18;0;10;;;;0
2026-05-15 03:06:28;0;10;;;;0
2026-05-15 03:07:33;0;10;;;;0
2026-05-15 03:08:43;0;10;;;;0
2026-05-15 03:09:49;0;10;;;;0
2026-05-15 03:10:58;0;10;;;;0
2026-05-15 03:12:04;0;10;;;;0
2026-05-15 03:13:13;0;10;;;;0
2026-05-15 03:14:19;0;10;;;;0
2026-05-15 03:15:34;0;10;;;;0
2026-05-15 03:16:44;0;10;;;;0
2026-05-15 03:17:50;0;10;;;;0
2026-05-15 03:19:00;0;10;;;;0
2026-05-15 03:20:05;0;10;;;;0
2026-05-15 03:21:15;0;10;;;;0
2026-05-15 03:22:21;0;10;;;;0
2026-05-15 03:23:30;0;10;;;;0
2026-05-15 03:24:35;0;10;;;;0
2026-05-15 03:25:45;0;10;;;;0
2026-05-15 03:26:50;0;10;;;;0
2026-05-15 03:28:00;0;10;;;;0
2026-05-15 03:29:06;0;10;;;;0
2026-05-15 03:30:15;0;10;;;;0
2026-05-15 03:31:21;0;10;;;;0
2026-05-15 03:32:30;0;10;;;;0
2026-05-15 03:33:36;0;10;;;;0
2026-05-15 03:34:45;0;10;;;;0
2026-05-15 03:35:51;0;10;;;;0
2026-05-15 03:37:01;0;10;;;;0
2026-05-15 03:38:06;0;10;;;;0
2026-05-15 03:39:16;0;10;;;;0
2026-05-15 03:40:22;0;10;;;;0
2026-05-15 03:41:31;0;10;;;;0
2026-05-15 03:42:36;0;10;;;;0
2026-05-15 03:43:46;0;10;;;;0
2026-05-15 03:44:52;0;10;;;;0
2026-05-15 03:46:02;0;10;;;;0
2026-05-15 03:47:07;0;10;;;;0
2026-05-15 03:48:17;0;10;;;;0
2026-05-15 03:49:23;0;10;;;;0
2026-05-15 03:50:32;0;10;;;;0
2026-05-15 03:51:38;0;10;;;;0
2026-05-15 03:52:48;0;10;;;;0
2026-05-15 03:53:53;0;10;;;;0
2026-05-15 03:55:03;0;10;;;;0
2026-05-15 03:56:08;0;10;;;;0
2026-05-15 03:57:23;0;10;;;;0
2026-05-15 03:58:28;0;10;;;;0
2026-05-15 03:59:39;0;10;;;;0
2026-05-15 04:00:50;0;10;;;;0
2026-05-15 04:02:05;0;10;;;;0
2026-05-15 04:03:10;0;10;;;;0
2026-05-15 04:04:19;0;10;;;;0
2026-05-15 04:05:24;0;10;;;;0
2026-05-15 04:06:34;0;10;;;;0
2026-05-15 04:07:40;0;10;;;;0
2026-05-15 04:08:49;0;10;;;;0
2026-05-15 04:09:55;0;10;;;;0
2026-05-15 04:11:05;0;10;;;;0
2026-05-15 04:12:10;0;10;;;;0
2026-05-15 04:13:20;0;10;;;;0
2026-05-15 04:14:25;0;10;;;;0
2026-05-15 04:15:35;0;10;;;;0
2026-05-15 04:16:41;0;10;;;;0
2026-05-15 04:17:51;0;10;;;;0
2026-05-15 04:18:56;0;10;;;;0
2026-05-15 04:20:06;0;10;;;;0
2026-05-15 04:21:11;0;10;;;;0
2026-05-15 04:22:21;0;10;;;;0
2026-05-15 04:23:26;0;10;;;;0
2026-05-15 04:24:36;0;10;;;;0
2026-05-15 04:25:42;0;10;;;;0
2026-05-15 04:26:51;0;10;;;;0
2026-05-15 04:27:57;0;10;;;;0
2026-05-15 04:29:11;0;10;;;;0
2026-05-15 04:30:22;0;10;;;;0
2026-05-15 04:31:27;0;10;;;;0
2026-05-15 04:32:37;0;10;;;;0
2026-05-15 04:33:42;0;10;;;;0
2026-05-15 04:34:52;0;10;;;;0
2026-05-15 04:35:58;0;10;;;;0
2026-05-15 04:37:07;0;10;;;;0
2026-05-15 04:38:13;0;10;;;;0
2026-05-15 04:39:22;0;10;;;;0
2026-05-15 04:40:28;0;10;;;;0
2026-05-15 04:41:37;0;10;;;;0
2026-05-15 04:42:43;0;10;;;;0
2026-05-15 04:43:53;0;10;;;;0
2026-05-15 04:44:58;0;10;;;;0
2026-05-15 04:46:08;0;10;;;;0
2026-05-15 04:47:13;0;10;;;;0
2026-05-15 04:48:23;0;10;;;;0
2026-05-15 04:49:28;0;10;;;;0
2026-05-15 04:50:38;0;10;;;;0
2026-05-15 04:51:44;0;10;;;;0
2026-05-15 04:52:53;0;10;;;;0
2026-05-15 04:53:59;0;10;;;;0
2026-05-15 04:55:08;0;10;;;;0
2026-05-15 04:56:14;0;10;;;;0
2026-05-15 04:57:24;0;10;;;;0
2026-05-15 04:58:39;0;10;;;;0
2026-05-15 04:59:44;0;10;;;;0
2026-05-15 05:00:54;0;10;;;;0
2026-05-15 05:02:00;0;10;;;;0
2026-05-15 05:03:09;0;10;;;;0
2026-05-15 05:04:15;0;10;;;;0
2026-05-15 05:05:25;0;10;;;;0
2026-05-15 05:06:30;0;10;;;;0
2026-05-15 05:07:40;0;10;;;;0
2026-05-15 05:08:45;0;10;;;;0
2026-05-15 05:09:55;0;10;;;;0
2026-05-15 05:11:00;0;10;;;;0
2026-05-15 05:12:11;0;10;;;;0
2026-05-15 05:13:16;0;10;;;;0
2026-05-15 05:14:25;0;10;;;;0
2026-05-15 05:15:30;0;10;;;;0
2026-05-15 05:16:40;0;10;;;;0
2026-05-15 05:17:45;0;10;;;;0
2026-05-15 05:18:55;0;10;;;;0
2026-05-15 05:20:01;0;10;;;;0
2026-05-15 05:21:10;0;10;;;;0
2026-05-15 05:22:16;0;10;;;;0
2026-05-15 05:23:26;0;10;;;;0
2026-05-15 05:24:31;0;10;;;;0
2026-05-15 05:25:41;0;10;;;;0
2026-05-15 05:26:56;0;10;;;;0
2026-05-15 05:28:02;0;10;;;;0
2026-05-15 05:29:11;0;10;;;;0
2026-05-15 05:30:17;0;10;;;;0
2026-05-15 05:31:27;0;10;;;;0
2026-05-15 05:32:33;0;10;;;;0
2026-05-15 05:33:47;0;10;;;;0
2026-05-15 05:34:58;0;10;;;;0
2026-05-15 05:36:03;0;10;;;;0
2026-05-15 05:37:12;0;10;;;;0
2026-05-15 05:38:18;0;10;;;;0
2026-05-15 05:39:28;0;10;;;;0
2026-05-15 05:40:43;0;10;;;;0
2026-05-15 05:41:48;0;10;;;;0
2026-05-15 05:42:58;0;10;;;;0
2026-05-15 05:44:03;0;10;;;;0
2026-05-15 05:45:13;0;10;;;;0
2026-05-15 05:46:19;0;10;;;;0
2026-05-15 05:47:28;0;10;;;;0
2026-05-15 05:48:34;0;10;;;;0
2026-05-15 05:49:44;0;10;;;;0
2026-05-15 05:50:49;0;10;;;;0
2026-05-15 05:51:58;0;10;;;;0
2026-05-15 05:53:04;0;10;;;;0
2026-05-15 05:54:14;0;10;;;;0
2026-05-15 05:55:19;0;10;;;;0
2026-05-15 05:56:29;0;10;;;;0
2026-05-15 05:57:34;0;10;;;;0
2026-05-15 05:58:44;0;10;;;;0
2026-05-15 05:59:51;0;10;;;;0
2026-05-15 06:00:59;0;10;;;;0
2026-05-15 06:02:05;0;10;;;;0
2026-05-15 06:03:14;0;10;;;;0
2026-05-15 06:04:20;0;10;;;;0
2026-05-15 06:05:34;0;10;;;;0
2026-05-15 06:06:49;0;10;;;;0
2026-05-15 06:07:59;0;10;;;;0
2026-05-15 06:09:05;0;10;;;;0
2026-05-15 06:10:14;0;10;;;;0
2026-05-15 06:11:20;0;10;;;;0
2026-05-15 06:12:30;0;10;;;;0
2026-05-15 06:13:36;0;10;;;;0
2026-05-15 06:14:45;0;10;;;;0
2026-05-15 06:15:51;0;10;;;;0
2026-05-15 06:17:00;0;10;;;;0
2026-05-15 06:18:06;0;10;;;;0
2026-05-15 06:19:15;0;10;;;;0
2026-05-15 06:20:21;0;10;;;;0
2026-05-15 06:21:32;0;10;;;;0
2026-05-15 06:22:37;0;10;;;;0
2026-05-15 06:23:46;0;10;;;;0
2026-05-15 06:24:51;0;10;;;;0
2026-05-15 06:26:01;0;10;;;;0
2026-05-15 06:27:06;0;10;;;;0
2026-05-15 06:28:16;0;10;;;;0
2026-05-15 06:29:21;0;10;;;;0
2026-05-15 06:30:31;0;10;;;;0
2026-05-15 06:31:37;0;10;;;;0
2026-05-15 06:32:46;1.32;10;;;;0
2026-05-15 06:33:52;1.69;10;;;;0
2026-05-15 06:35:02;1.71;10;;;;0
2026-05-15 06:36:08;18.05;10;;;;0
2026-05-15 06:37:18;0;10;;;;0
2026-05-15 06:38:25;0;10;;;;0
2026-05-15 06:39:33;0;10;;;;0
2026-05-15 06:40:39;2.24;10;;;;0
2026-05-15 06:41:49;1.59;10;;;;0
2026-05-15 06:42:55;1.22;10;;;;0
2026-05-15 06:44:05;21.26;10;;;;2
2026-05-15 06:45:10;32.38;-10;;;;7
2026-05-15 06:46:22;26.55;10;;;;7
2026-05-15 06:47:28;26.84;-10;;;;11
2026-05-15 06:48:38;0;-10;;;;5
2026-05-15 06:49:44;0;-10;;;;0
2026-05-15 06:50:54;0;-10;;;;0
2026-05-15 06:51:59;0;-10;;;;0
2026-05-15 06:54:15;0;-10;;;;0
2026-05-15 06:55:24;0;-10;;;;0
2026-05-15 06:56:29;0;-10;;;;0
2026-05-15 06:57:39;0;-10;;;;0
2026-05-15 06:58:45;0;-10;;;;0
2026-05-15 06:59:54;0;-10;;;;0
2026-05-15 07:01:00;16.94;-10;;;;0
2026-05-15 07:02:10;0;-10;;;;0
2026-05-15 07:03:16;0;-10;;;;0
2026-05-15 07:04:26;0;-10;;;;0
2026-05-15 07:05:31;0;-10;;;;0
2026-05-15 07:06:41;0;-10;;;;0
2026-05-15 07:07:46;0;-10;;;;0
2026-05-15 07:08:56;0;-10;;;;0
2026-05-15 07:10:02;0;-10;;;;0
2026-05-15 07:11:11;0;-10;;;;0
2026-05-15 07:12:16;0;-10;;;;0
2026-05-15 07:13:26;0;-10;;;;0
2026-05-15 07:14:32;0;-10;;;;0
2026-05-15 07:15:41;0;-10;;;;0
2026-05-15 07:16:47;0;-10;;;;0
2026-05-15 07:17:57;0;-10;;;;0
2026-05-15 07:19:02;0;-10;;;;0
2026-05-15 07:20:12;0;-10;;;;0
2026-05-15 07:21:17;0;-10;;;;0
2026-05-15 07:22:27;0;-10;;;;0
2026-05-15 07:23:32;0;-10;;;;0
2026-05-15 07:24:42;0;-10;;;;0
2026-05-15 07:25:48;0;-10;;;;0
2026-05-15 07:26:57;0;-10;;;;0
2026-05-15 07:28:03;0;-10;;;;0
2026-05-15 07:29:12;0;-10;;;;0
2026-05-15 07:30:18;0;-10;;;;0
2026-05-15 07:31:32;0;-10;;;;0
2026-05-15 07:32:43;0;-10;;;;0
2026-05-15 07:33:50;0;-10;;;;0
2026-05-15 07:34:58;0;-10;;;;0
2026-05-15 07:36:03;0;-10;;;;0
2026-05-15 07:37:13;0;-10;;;;0
2026-05-15 07:38:18;0;-10;;;;0
2026-05-15 07:39:28;0;-10;;;;0
2026-05-15 07:40:34;0;-10;;;;0
2026-05-15 07:41:44;0;-10;;;;0
2026-05-15 07:42:49;0;-10;;;;0
2026-05-15 07:43:59;0;-10;;;;0
2026-05-15 07:45:04;0;-10;;;;0
2026-05-15 07:46:14;0;-10;;;;0
2026-05-15 07:47:20;0;-10;;;;0
2026-05-15 07:48:30;0;-10;;;;0
2026-05-15 07:49:35;0;-10;;;;0
2026-05-15 07:50:44;0;-10;;;;0
2026-05-15 07:51:50;0;-10;;;;0
2026-05-15 07:53:00;0;-10;;;;0
2026-05-15 07:54:05;0;-10;;;;0
2026-05-15 07:55:15;0;-10;;;;0
2026-05-15 07:56:20;0;-10;;;;0
2026-05-15 07:57:30;0;-10;;;;0
2026-05-15 07:58:36;0;-10;;;;0
2026-05-15 07:59:45;0;-10;;;;0
2026-05-15 08:00:51;0;-10;;;;0
2026-05-15 08:02:00;0;-10;;;;0
2026-05-15 08:03:06;0;-10;;;;0
2026-05-15 08:04:16;0;-10;;;;0
2026-05-15 08:05:21;0;-10;;;;0
2026-05-15 08:06:31;0;-10;;;;0
2026-05-15 08:07:36;0;-10;;;;0
2026-05-15 08:08:52;0;-10;;;;0
2026-05-15 08:10:02;0;-10;;;;0
2026-05-15 08:11:07;0;-10;;;;0
2026-05-15 08:12:17;0;-10;;;;0
2026-05-15 08:13:22;0;-10;;;;0
2026-05-15 08:14:32;0;-10;;;;0
2026-05-15 08:15:37;0;-10;;;;0
2026-05-15 08:16:52;0;-10;;;;0
2026-05-15 08:18:02;0;-10;;;;0
2026-05-15 08:19:09;0;-10;;;;0
2026-05-15 08:20:18;0;-10;;;;0
2026-05-15 08:21:23;0;-10;;;;0
2026-05-15 08:22:35;0;-10;;;;0
2026-05-15 08:23:40;0;-10;;;;0
2026-05-15 08:24:48;0;-10;;;;0
2026-05-15 08:25:54;0;-10;;;;0
2026-05-15 08:27:03;0;-10;;;;0
2026-05-15 08:28:09;0;-10;;;;0
2026-05-15 08:29:19;0;-10;;;;0
2026-05-15 08:30:24;0;-10;;;;0
2026-05-15 08:31:34;0;-10;;;;0
2026-05-15 08:32:39;0;-10;;;;0
2026-05-15 08:33:55;0;-10;;;;0
2026-05-15 08:35:04;0;-10;;;;0
2026-05-15 08:36:09;0;-10;;;;0
2026-05-15 08:37:19;0;-10;;;;0
2026-05-15 08:39:34;0;-10;;;;0
2026-05-15 08:40:40;0;-10;;;;0
2026-05-15 08:41:49;0;-10;;;;0
2026-05-15 08:42:55;0;-10;;;;0
2026-05-15 08:44:16;0;-10;;;;0
2026-05-15 08:45:26;0;-10;;;;0
2026-05-15 08:46:36;0;-10;;;;0
2026-05-15 08:47:42;0;-10;;;;0
2026-05-15 08:48:51;0;-10;;;;0
2026-05-15 08:49:57;0;-10;;;;0
2026-05-15 08:51:13;0;-10;;;;0
2026-05-15 08:52:23;0;-10;;;;0
2026-05-15 08:53:28;0;-10;;;;0
2026-05-15 08:54:38;0;-10;;;;0
2026-05-15 08:55:44;0;-10;;;;0
2026-05-15 08:56:53;0;-10;;;;0
2026-05-15 08:57:59;0;-10;;;;0
2026-05-15 08:59:09;0;-10;;;;0
2026-05-15 09:00:14;0;-10;;;;0
2026-05-15 09:01:24;0;-10;;;;0
2026-05-15 09:02:29;0;-10;;;;0
2026-05-15 09:03:39;0;-10;;;;0
2026-05-15 09:04:44;0;-10;;;;0
2026-05-15 09:05:54;0;-10;;;;0
2026-05-15 09:06:59;0;-10;;;;0
2026-05-15 09:08:14;0;-10;;;;0
2026-05-15 09:09:24;0;-10;;;;0
2026-05-15 09:10:30;0;-10;;;;0
2026-05-15 09:11:40;0;-10;;;;0
2026-05-15 09:12:45;0;-10;;;;0
2026-05-15 09:13:55;0;-10;;;;0
2026-05-15 09:15:03;0;-10;;;;0
2026-05-15 09:16:10;0;-10;;;;0
2026-05-15 09:17:15;0;-10;;;;0
2026-05-15 09:18:25;0;-10;;;;0
2026-05-15 09:19:30;0;-10;;;;0
2026-05-15 09:20:40;0;-10;;;;0
2026-05-15 09:21:46;0;-10;;;;0
2026-05-15 09:22:55;0;-10;;;;0
2026-05-15 09:24:00;0;-10;;;;0
2026-05-15 09:25:11;0;-10;;;;0
2026-05-15 09:26:16;0;-10;;;;0
2026-05-15 09:27:26;0;-10;;;;0
2026-05-15 09:28:31;0;-10;;;;0
2026-05-15 09:29:41;0;-10;;;;0
2026-05-15 09:30:46;0;-10;;;;0
2026-05-15 09:31:56;0;-10;;;;0
2026-05-15 09:33:01;0;-10;;;;0
2026-05-15 09:34:11;0;-10;;;;0
2026-05-15 09:35:17;0;-10;;;;0
2026-05-15 09:36:26;0;-10;;;;0
2026-05-15 09:37:31;0;-10;;;;0
2026-05-15 09:38:41;0;-10;;;;0
2026-05-15 09:39:47;0;-10;;;;0
2026-05-15 09:40:56;0;-10;;;;0
2026-05-15 09:42:03;0;-10;;;;0
2026-05-15 09:43:12;0;-10;;;;0
2026-05-15 09:44:17;0;-10;;;;0
2026-05-15 09:45:26;0;-10;;;;0
2026-05-15 09:46:32;0;-10;;;;0
2026-05-15 09:47:43;0;-10;;;;0
2026-05-15 09:48:48;0;-10;;;;0
2026-05-15 09:49:57;0;-10;;;;0
2026-05-15 09:51:02;0;-10;;;;0
2026-05-15 09:52:12;0;-10;;;;0
2026-05-15 09:53:17;0;-10;;;;0
2026-05-15 09:54:27;0;-10;;;;0
2026-05-15 09:55:33;0;-10;;;;0
2026-05-15 09:56:48;0;-10;;;;0
2026-05-15 09:57:58;0;-10;;;;0
2026-05-15 09:59:03;0;-10;;;;0
2026-05-15 10:00:22;0;-10;;;;0
2026-05-15 10:01:27;0;-10;;;;0
2026-05-15 10:02:33;0;-10;;;;0
2026-05-15 10:03:44;0;-10;;;;0
2026-05-15 10:04:54;0;-10;;;;0
2026-05-15 10:06:00;0;-10;;;;0
2026-05-15 10:07:09;0;-10;;;;0
2026-05-15 10:08:15;0;-10;;;;0
2026-05-15 10:09:25;0;-10;;;;0
2026-05-15 10:10:30;0;-10;;;;0
2026-05-15 10:11:41;0;-10;;;;0
2026-05-15 10:12:47;0;-10;;;;0
2026-05-15 10:13:55;0;-10;;;;0
2026-05-15 10:15:01;0;-10;;;;0
2026-05-15 10:16:10;0;-10;;;;0
2026-05-15 10:17:16;0;-10;;;;0
2026-05-15 10:18:25;0;-10;;;;0
2026-05-15 10:19:31;0;-10;;;;0
2026-05-15 10:20:41;0;-10;;;;0
2026-05-15 10:21:46;0;-10;;;;0
2026-05-15 10:22:56;0;-10;;;;0
2026-05-15 10:24:01;0;-10;;;;0
2026-05-15 10:25:11;0;-10;;;;0
2026-05-15 10:26:16;0;-10;;;;0
2026-05-15 10:27:26;0;-10;;;;0
2026-05-15 10:28:31;0;-10;;;;0
2026-05-15 10:29:41;0;-10;;;;0
2026-05-15 10:30:47;0;-10;;;;0
2026-05-15 10:31:56;0;-10;;;;0
2026-05-15 10:33:02;0;-10;;;;0
2026-05-15 10:34:12;0;-10;;;;0
2026-05-15 10:35:17;0;-10;;;;0
2026-05-15 10:36:27;0;-10;;;;0
2026-05-15 10:37:32;0;-10;;;;0
2026-05-15 10:38:42;0;-10;;;;0
2026-05-15 10:39:47;0;-10;;;;0
2026-05-15 10:41:03;0;-10;;;;0
2026-05-15 10:42:13;0;-10;;;;0
2026-05-15 10:43:28;0;-10;;;;0
2026-05-15 10:44:35;0;-10;;;;0
2026-05-15 10:45:43;0;-10;;;;0
2026-05-15 10:46:50;0;-10;;;;0
2026-05-15 10:47:59;0;-10;;;;0
2026-05-15 10:49:04;0;-10;;;;0
2026-05-15 10:50:13;0;-10;;;;0
2026-05-15 10:51:19;0;-10;;;;0
2026-05-15 10:52:29;0;-10;;;;0
2026-05-15 10:53:34;0;-10;;;;0
2026-05-15 10:54:44;0;-10;;;;0
2026-05-15 10:55:49;0;-10;;;;0
2026-05-15 10:57:04;0;-10;;;;0
2026-05-15 10:58:14;0;-10;;;;0
2026-05-15 10:59:19;0;-10;;;;0
2026-05-15 11:00:29;0;-10;;;;0
2026-05-15 11:01:34;0;-10;;;;0
2026-05-15 11:02:44;0;-10;;;;0
2026-05-15 11:03:50;0;-10;;;;0
2026-05-15 11:04:59;0;-10;;;;0
2026-05-15 11:06:04;0;-10;;;;0
2026-05-15 11:07:20;0;-10;;;;0
2026-05-15 11:08:30;0;-10;;;;0
2026-05-15 11:09:35;0;-10;;;;0
2026-05-15 11:10:45;0;-10;;;;0
2026-05-15 11:11:51;0;-10;;;;0
2026-05-15 11:14:05;0;-10;;;;0
2026-05-15 11:15:11;0;-10;;;;0
2026-05-15 11:16:21;0;-10;;;;0
2026-05-15 11:17:31;0;-10;;;;0
2026-05-15 11:18:37;0;-10;;;;0
2026-05-15 11:19:46;0;-10;;;;0
2026-05-15 11:20:52;0;-10;;;;0
2026-05-15 11:22:07;0;-10;;;;0
2026-05-15 11:23:13;0;-10;;;;0
2026-05-15 11:24:23;0;-10;;;;0
2026-05-15 11:25:43;0;-10;;;;0
2026-05-15 11:26:54;0;-10;;;;0
2026-05-15 11:28:04;0;-10;;;;0
2026-05-15 11:29:09;0;-10;;;;0
2026-05-15 11:30:22;0;-10;;;;0
2026-05-15 11:31:27;0;-10;;;;0
2026-05-15 11:32:34;0;-10;;;;0
2026-05-15 11:33:39;0;-10;;;;0
2026-05-15 11:34:55;16.19;10;;;;1
2026-05-15 11:36:11;21.27;10;;;;1
2026-05-15 11:37:17;20.87;10;;;;1
2026-05-15 11:38:23;19.38;10;;;;1
2026-05-15 11:39:29;19.93;10;;;;1
2026-05-15 11:40:35;20.26;10;;;;1
2026-05-15 11:41:46;19.87;10;;;;1
2026-05-15 11:42:52;19.83;10;;;;1
2026-05-15 11:44:02;20.13;10;;;;1
2026-05-15 11:45:09;19.7;10;;;;1
2026-05-15 11:46:20;19.9;10;;;;1
2026-05-15 11:47:36;19.43;10;;;;1
2026-05-15 11:48:42;19.53;10;;;;1
2026-05-15 11:49:56;19.86;10;;;;1
2026-05-15 11:51:02;19.33;10;;;;1
2026-05-15 11:52:08;19.43;10;;;;1
2026-05-15 11:53:14;19.62;10;;;;1
2026-05-15 11:54:29;19.37;10;;;;1
2026-05-15 11:55:36;19.37;10;;;;0
2026-05-15 11:56:46;19.54;10;;;;1
2026-05-15 11:58:02;19.48;10;;;;1
2026-05-15 11:59:08;19.11;10;;;;0
2026-05-15 12:00:19;19.3;10;;;;1
2026-05-15 12:01:29;19.91;10;;;;1
2026-05-15 12:02:36;20.05;10;;;;1
2026-05-15 12:03:45;18.92;10;;;;0
2026-05-15 12:04:51;19.07;10;;;;1
2026-05-15 12:06:03;19.05;10;;;;0
2026-05-15 12:07:09;19.1;10;;;;1
2026-05-15 12:08:18;19.04;10;;;;1
2026-05-15 12:09:24;18.76;10;;;;1
2026-05-15 12:10:34;18.96;10;;;;0
2026-05-15 12:11:40;19.05;10;;;;1
2026-05-15 12:12:50;19.42;10;;;;0
2026-05-15 12:13:56;18.87;10;;;;0
2026-05-15 12:15:06;18.58;10;;;;1
2026-05-15 12:15:12;;;;;19.0;
2026-05-15 12:16:12;18.83;10;;;;0
2026-05-15 12:17:22;18.24;10;;;;1
2026-05-15 12:18:28;18.28;10;;;;0
2026-05-15 12:19:48;18.46;10;;;;0
2026-05-15 12:21:00;18.6;10;;;;0
2026-05-15 12:22:06;18.94;10;;;;1
2026-05-15 12:23:16;18.83;10;;;;0
2026-05-15 12:24:22;18.66;10;;;;0
2026-05-15 12:25:32;19.18;10;;;;1
2026-05-15 12:26:38;18.67;10;;;;0
2026-05-15 12:27:49;18.62;10;;;;1
2026-05-15 12:28:56;19.6;10;;;;0
2026-05-15 12:30:05;19.05;10;;;;1
2026-05-15 12:31:21;19.2;10;;;;0
2026-05-15 12:32:27;18.48;10;;;;0
2026-05-15 12:33:38;19.76;10;;;;1
2026-05-15 12:34:44;19.23;10;;;;0
2026-05-15 12:35:54;18.8;10;;;;1
2026-05-15 12:37:00;18.49;10;;;;0
2026-05-15 12:38:09;18.58;10;;;;1
2026-05-15 12:39:15;18.52;10;;;;0
2026-05-15 12:40:25;18.53;10;;;;1
2026-05-15 12:41:31;18.32;10;;;;0
2026-05-15 12:42:42;17.93;10;;;;0
2026-05-15 12:43:57;18.31;10;;;;1
2026-05-15 12:45:03;18.25;10;;;;0
2026-05-15 12:46:13;18.06;10;;;;0
2026-05-15 12:47:19;18.05;10;;;;0
2026-05-15 12:48:30;17.97;10;;;;0
2026-05-15 12:49:36;18.17;10;;;;1
2026-05-15 12:50:46;18.09;10;;;;0
2026-05-15 12:51:52;18.24;10;;;;1
2026-05-15 12:53:06;18.32;10;;;;0
2026-05-15 12:54:17;18.23;10;;;;0
2026-05-15 12:55:23;18.04;10;;;;1
2026-05-15 12:56:33;18.5;10;;;;0
2026-05-15 12:57:39;18.27;10;;;;1
2026-05-15 12:58:49;18.19;10;;;;0
2026-05-15 12:59:55;18.29;10;;;;0
2026-05-15 13:01:05;18.21;10;;;;1
2026-05-15 13:02:16;18.56;10;;;;0
2026-05-15 13:03:27;21.0;10;;;;1
2026-05-15 13:04:32;27.47;10;;;;3
2026-05-15 13:05:43;19.46;10;;;;0
2026-05-15 13:06:49;18.93;10;;;;0
2026-05-15 13:08:00;18.46;10;;;;1
2026-05-15 13:09:11;18.16;10;;;;0
2026-05-15 13:10:16;17.54;10;;;;0
2026-05-15 13:11:26;19.33;10;;;;0
2026-05-15 13:12:32;17.62;10;;;;0
2026-05-15 13:13:42;17.18;10;;;;1
2026-05-15 13:14:48;17.31;10;;;;0
2026-05-15 13:15:58;17.32;10;;;;0
2026-05-15 13:17:14;17.44;10;;;;0
2026-05-15 13:18:19;17.49;10;;;;0
2026-05-15 13:19:30;17.24;10;;;;0
2026-05-15 13:20:36;17.2;10;;;;0
2026-05-15 13:21:47;17.17;10;;;;0
2026-05-15 13:22:53;17.25;10;;;;0
2026-05-15 13:24:03;17.36;10;;;;0
2026-05-15 13:25:09;17.43;10;;;;0
2026-05-15 13:26:19;17.57;10;;;;0
2026-05-15 13:27:25;17.7;10;;;;0
2026-05-15 13:28:35;17.77;10;;;;0
2026-05-15 13:29:41;17.97;10;;;;0
2026-05-15 13:30:51;17.98;10;;;;0
2026-05-15 13:31:57;17.84;10;;;;0
2026-05-15 13:33:08;18.03;10;;;;0
2026-05-15 13:34:14;18.02;10;;;;0
2026-05-15 13:35:30;18.1;10;;;;0
2026-05-15 13:36:40;17.93;10;;;;0
2026-05-15 13:37:47;17.98;10;;;;0
2026-05-15 13:38:57;17.69;10;;;;1
2026-05-15 13:40:03;18.24;10;;;;1
2026-05-15 13:41:13;18.41;10;;;;1
2026-05-15 13:42:19;18.59;10;;;;1
2026-05-15 13:43:24;18.34;10;;;;1
2026-05-15 13:44:35;19.18;10;;;;1
2026-05-15 13:45:41;19.91;10;;;;0
2026-05-15 13:46:53;19.31;10;;;;1
2026-05-15 13:48:03;19.31;10;;;;6
2026-05-15 13:49:09;20.52;10;;;;2
2026-05-15 13:50:19;18.46;10;;;;2
2026-05-15 13:51:25;19.05;10;;;;2
2026-05-15 13:52:35;54.01;-10;;;;6
2026-05-15 13:53:42;45.56;-10;;;;2
2026-05-15 13:54:52;19.88;-10;;;;1
2026-05-15 13:55:59;17.87;-10;;;;0
2026-05-15 13:57:09;16.97;10;;;;0
2026-05-15 13:58:15;16.91;10;;;;0
2026-05-15 13:59:26;41.94;10;;;;2
2026-05-15 14:00:32;18.31;10;;;;1
2026-05-15 14:01:43;18.51;10;;;;1
2026-05-15 14:02:49;18.48;10;;;;0
2026-05-15 14:03:58;18.04;10;;;;1
2026-05-15 14:05:04;18.08;10;;;;0
2026-05-15 14:06:20;18.29;10;;;;1
2026-05-15 14:07:31;18.62;10;;;;1
2026-05-15 14:08:37;18.17;10;;;;0
2026-05-15 14:09:52;61.99;-10;;;;3
2026-05-15 14:11:03;70.89;-10;;;;4
2026-05-15 14:12:09;36.77;-10;;;;3
2026-05-15 14:13:24;19.38;10;;;;1
2026-05-15 14:14:35;17.8;10;;;;1
2026-05-15 14:15:41;18.4;10;;;;1
2026-05-15 14:16:51;18.23;10;;;;1
2026-05-15 14:17:57;17.8;10;;;;1
2026-05-15 14:19:07;18.23;10;;;;1
2026-05-15 14:20:12;17.61;10;;;;1
2026-05-15 14:21:24;17.87;10;;;;0
2026-05-15 14:22:30;18.45;10;;;;1
2026-05-15 14:23:39;17.81;10;;;;1
2026-05-15 14:24:45;18.07;10;;;;1
2026-05-15 14:25:55;18.09;10;;;;1
2026-05-15 14:27:01;18.2;10;;;;1
2026-05-15 14:28:12;18.4;10;;;;0
2026-05-15 14:29:17;17.98;10;;;;1
2026-05-15 14:30:27;17.88;10;;;;0
2026-05-15 14:31:33;18.13;10;;;;1
2026-05-15 14:32:43;41.07;-10;;;;0
2026-05-15 14:33:49;76.49;-10;;;;3
2026-05-15 14:35:00;18.66;10;;;;2
2026-05-15 14:36:05;18.19;10;;;;1
2026-05-15 14:37:25;18.12;10;;;;1
2026-05-15 14:38:41;18.01;10;;;;0
2026-05-15 14:39:52;17.81;10;;;;1
2026-05-15 14:40:58;17.84;10;;;;0
2026-05-15 14:42:04;18.26;10;;;;1
2026-05-15 14:43:20;18.08;10;;;;1
2026-05-15 14:44:36;18.5;10;;;;0
2026-05-15 14:45:42;18.03;10;;;;1
2026-05-15 14:46:53;18.55;10;;;;0
2026-05-15 14:47:59;18.29;10;;;;0
2026-05-15 14:49:10;18.21;10;;;;1
2026-05-15 14:50:21;17.94;10;;;;0
2026-05-15 14:51:26;17.82;10;;;;1
2026-05-15 14:52:36;18.29;10;;;;0
2026-05-15 14:53:42;18.15;10;;;;0
2026-05-15 14:54:53;17.89;10;;;;1
2026-05-15 14:55:59;17.85;10;;;;0
2026-05-15 14:57:09;18.08;10;;;;0
2026-05-15 14:58:15;17.41;10;;;;1
2026-05-15 14:59:25;18.06;10;;;;0
2026-05-15 15:00:31;17.82;10;;;;0
2026-05-15 15:01:41;17.11;10;;;;1
2026-05-15 15:02:49;18.35;10;;;;0
2026-05-15 15:03:58;17.96;10;;;;0
2026-05-15 15:05:03;18.18;10;;;;0
2026-05-15 15:06:14;18.01;10;;;;1
2026-05-15 15:07:20;18.08;10;;;;0
2026-05-15 15:08:30;17.89;10;;;;0
2026-05-15 15:09:46;17.01;10;;;;0
2026-05-15 15:10:51;18.46;10;;;;0
2026-05-15 15:12:01;17.79;10;;;;0
2026-05-15 15:13:07;18.23;10;;;;0
2026-05-15 15:14:17;17.4;10;;;;1
2026-05-15 15:15:24;17.97;10;;;;0
2026-05-15 15:16:34;18.09;10;;;;0
2026-05-15 15:17:40;17.17;10;;;;0
2026-05-15 15:18:49;17.7;10;;;;1
2026-05-15 15:19:55;17.77;10;;;;0
2026-05-15 15:21:05;18.06;10;;;;0
2026-05-15 15:22:11;17.12;10;;;;1
2026-05-15 15:23:22;38.26;-10;;;;1
2026-05-15 15:24:28;63.34;-10;;;;4
2026-05-15 15:25:38;71.25;-10;;;;3
2026-05-15 15:26:45;29.67;10;;;;4
2026-05-15 15:27:59;31.43;10;;;;0
2026-05-15 15:29:10;33.13;10;;;;4
2026-05-15 15:30:16;20.22;10;;;;2
2026-05-15 15:31:26;20.55;10;;;;4
2026-05-15 15:32:35;21.03;10;;;;5
2026-05-15 15:33:43;20.92;10;;;;4
2026-05-15 15:34:50;20.76;10;;;;4
2026-05-15 15:36:00;28.9;-10;;;;5
2026-05-15 15:37:06;22.76;10;;;;9
2026-05-15 15:38:16;23.48;-10;;;;11
2026-05-15 15:39:22;0;-10;;;;6
2026-05-15 15:40:32;0;-10;;;;0
2026-05-15 15:41:37;20.02;-10;;;;0
2026-05-15 15:42:48;0;-10;;;;0
2026-05-15 15:43:54;11.21;-10;;;;0
2026-05-15 15:45:09;1.66;-10;;;;0
2026-05-15 15:46:19;0;-10;;;;0
2026-05-15 15:47:24;0;-10;;;;0
2026-05-15 15:48:34;0;-10;;;;0
2026-05-15 15:49:24;;;0;0;;
2026-05-15 15:49:40;1.56;-10;;;;0
2026-05-15 15:50:49;0;-10;;;;0
2026-05-15 15:51:55;1.12;-10;;;;0
2026-05-15 15:53:05;0;-10;;;;0
2026-05-15 15:54:24;0;-10;;;;0
2026-05-15 15:55:34;0;-10;;;;0
2026-05-15 15:56:40;0;-10;;;;0
2026-05-15 15:57:49;0;-10;;;;0
2026-05-15 15:58:55;1.89;-10;;;;0
2026-05-15 16:00:04;0;-10;;;;0
2026-05-15 16:01:10;0;-10;;;;0
2026-05-15 16:02:20;0;-10;;;;0
2026-05-15 16:03:26;0;-10;;;;0
2026-05-15 16:04:35;0;-10;;;;0
2026-05-15 16:05:40;0;-10;;;;0
2026-05-15 16:06:50;0;-10;;;;0
2026-05-15 16:07:55;0;-10;;;;0
2026-05-15 16:09:05;1.47;-10;;;;0
2026-05-15 16:10:11;0;-10;;;;0
2026-05-15 16:11:20;0;-10;;;;0
2026-05-15 16:12:26;0;-10;;;;0
2026-05-15 16:13:35;0;-10;;;;0
2026-05-15 16:14:45;0;-10;;;;0
2026-05-15 16:15:50;0;-10;;;;0
2026-05-15 16:16:56;0;-10;;;;0
2026-05-15 16:18:06;0;-10;;;;0
2026-05-15 16:19:11;0;-10;;;;0
2026-05-15 16:20:23;0;-10;;;;0
2026-05-15 16:21:28;0;-10;;;;0
2026-05-15 16:22:36;0;-10;;;;0
2026-05-15 16:23:41;0;-10;;;;0
2026-05-15 16:24:51;0;-10;;;;0
2026-05-15 16:27:07;0;-10;;;;0
2026-05-15 16:28:13;0;-10;;;;0
2026-05-15 16:29:22;0;-10;;;;0
2026-05-15 16:30:27;0;-10;;;;0
2026-05-15 16:31:37;0;-10;;;;0
2026-05-15 16:32:42;0;-10;;;;0
2026-05-15 16:33:52;0;-10;;;;0
2026-05-15 16:34:58;0;-10;;;;0
2026-05-15 16:36:09;0;-10;;;;0
2026-05-15 16:37:15;0;-10;;;;0
2026-05-15 16:38:23;0;-10;;;;0
2026-05-15 16:39:29;0;-10;;;;0
2026-05-15 16:40:37;0;-10;;;;0
2026-05-15 16:41:43;0.18;-10;;;;0
2026-05-15 16:42:52;0;-10;;;;0
2026-05-15 16:43:58;0;-10;;;;0
2026-05-15 16:45:07;0;-10;;;;0
2026-05-15 16:46:13;0;-10;;;;0
2026-05-15 16:47:22;0;-10;;;;0
2026-05-15 16:48:28;0;-10;;;;0
2026-05-15 16:49:37;0;-10;;;;0
2026-05-15 16:50:43;0;-10;;;;0
2026-05-15 16:51:52;1.26;-10;;;;0
2026-05-15 16:52:58;0;-10;;;;0
2026-05-15 16:54:08;6.85;-10;;;;0
2026-05-15 16:55:24;0;-10;;;;0
2026-05-15 16:56:29;0;-10;;;;0
2026-05-15 16:57:39;0;-10;;;;0
2026-05-15 16:58:45;0;-10;;;;0
2026-05-15 16:59:54;0;-10;;;;0
2026-05-15 17:01:00;0;-10;;;;0
2026-05-15 17:02:15;0;-10;;;;0
2026-05-15 17:03:25;0;-10;;;;0
2026-05-15 17:04:30;0;-10;;;;0
2026-05-15 17:05:46;0;-10;;;;0
2026-05-15 17:06:56;0;-10;;;;0
2026-05-15 17:08:01;0;-10;;;;0
2026-05-15 17:09:11;0;-10;;;;0
2026-05-15 17:10:26;0;-10;;;;0
2026-05-15 17:11:32;0;-10;;;;0
2026-05-15 17:12:46;0;-10;;;;0
2026-05-15 17:13:51;0;-10;;;;0
2026-05-15 17:15:02;0;-10;;;;0
2026-05-15 17:16:13;0;-10;;;;0
2026-05-15 17:17:18;0;-10;;;;0
2026-05-15 17:18:29;0;-10;;;;0
2026-05-15 17:19:42;0;-10;;;;0
2026-05-15 17:20:48;0;-10;;;;0
2026-05-15 17:21:57;0;-10;;;;0
2026-05-15 17:23:02;0;-10;;;;0
2026-05-15 17:24:12;0;-10;;;;0
2026-05-15 17:25:17;0;-10;;;;0
2026-05-15 17:26:28;0;-10;;;;0
2026-05-15 17:27:33;0;-10;;;;0
2026-05-15 17:28:43;0;-10;;;;0
2026-05-15 17:29:48;0;-10;;;;0
2026-05-15 17:30:58;0;-10;;;;0
2026-05-15 17:32:03;0;-10;;;;0
2026-05-15 17:33:13;0;-10;;;;0
2026-05-15 17:34:18;0;-10;;;;0
2026-05-15 17:35:28;0;-10;;;;0
2026-05-15 17:36:33;0;-10;;;;0
2026-05-15 17:37:43;0;-10;;;;0
2026-05-15 17:38:49;0;-10;;;;0
2026-05-15 17:39:58;0;-10;;;;0
2026-05-15 17:45:29;0;-10;;;;0
2026-05-15 17:46:34;0;-10;;;;0
2026-05-15 17:47:44;0;-10;;;;0
2026-05-15 17:48:49;0;-10;;;;0
2026-05-15 17:49:59;0;-10;;;;0
2026-05-15 17:51:05;0;-10;;;;0
2026-05-15 17:52:14;0;-10;;;;0
2026-05-15 17:53:19;0;-10;;;;0
2026-05-15 17:54:29;0;-10;;;;0
2026-05-15 17:55:35;0;-10;;;;0
2026-05-15 17:56:45;0;-10;;;;0
2026-05-15 17:57:50;0;-10;;;;0
2026-05-15 17:59:00;0;-10;;;;0
2026-05-15 18:00:05;0;-10;;;;0
2026-05-15 18:01:16;0;-10;;;;0
2026-05-15 18:02:21;0;-10;;;;0
2026-05-15 18:03:30;0;-10;;;;0
2026-05-15 18:04:36;0;-10;;;;0
2026-05-15 18:05:45;0;-10;;;;0
2026-05-15 18:06:51;0;-10;;;;0
2026-05-15 18:08:01;0;-10;;;;0
2026-05-15 18:09:06;0;-10;;;;0
2026-05-15 18:10:19;0;-10;;;;0
2026-05-15 18:11:25;0;-10;;;;0
2026-05-15 18:12:36;0;-10;;;;0
2026-05-15 18:13:46;0;-10;;;;0
2026-05-15 18:14:52;0;-10;;;;0
2026-05-15 18:16:01;0;-10;;;;0
2026-05-15 18:17:07;0;-10;;;;0
2026-05-15 18:18:17;0;-10;;;;0
2026-05-15 18:19:22;0;-10;;;;0
2026-05-15 18:20:32;0;-10;;;;0
2026-05-15 18:21:37;0;-10;;;;0
2026-05-15 18:22:47;0;-10;;;;0
2026-05-15 18:23:52;0;-10;;;;0
2026-05-15 18:25:02;0;-10;;;;0
2026-05-15 18:26:09;0;-10;;;;0
2026-05-15 18:27:17;0;-10;;;;0
2026-05-15 18:28:23;0;-10;;;;0
2026-05-15 18:29:32;0;-10;;;;0
2026-05-15 18:30:48;0;-10;;;;0
2026-05-15 18:31:53;0;-10;;;;0
2026-05-15 18:33:03;0;-10;;;;0
2026-05-15 18:34:08;0;-10;;;;0
2026-05-15 18:35:18;0;-10;;;;0
2026-05-15 18:36:23;0;-10;;;;0
2026-05-15 18:37:33;0;-10;;;;0
2026-05-15 18:38:39;0;-10;;;;0
2026-05-15 18:39:48;0;-10;;;;0
2026-05-15 18:40:54;0;-10;;;;0
2026-05-15 18:42:09;0;-10;;;;0
2026-05-15 18:43:20;0;-10;;;;0
2026-05-15 18:44:25;0;-10;;;;0
2026-05-15 18:45:35;0;-10;;;;0
2026-05-15 18:46:40;0;-10;;;;0
2026-05-15 18:47:50;0;-10;;;;0
2026-05-15 18:48:56;0;-10;;;;0
2026-05-15 18:50:05;0;-10;;;;0
2026-05-15 18:51:11;0;-10;;;;0
2026-05-15 18:52:20;0;-10;;;;0
2026-05-15 18:53:26;0;-10;;;;0
2026-05-15 18:54:36;0;-10;;;;0
2026-05-15 18:55:42;0;-10;;;;0
2026-05-15 18:56:51;0;-10;;;;0
2026-05-15 18:57:57;0;-10;;;;0
2026-05-15 18:59:07;0;-10;;;;0
2026-05-15 19:00:13;0;-10;;;;0
2026-05-15 19:01:22;0;-10;;;;0
2026-05-15 19:02:27;0;-10;;;;0
2026-05-15 19:03:37;0;-10;;;;0
2026-05-15 19:04:43;0;-10;;;;0
2026-05-15 19:05:52;0;-10;;;;0
2026-05-15 19:06:58;0;-10;;;;0
2026-05-15 19:08:08;0;-10;;;;0
2026-05-15 19:09:13;0;-10;;;;0
2026-05-15 19:10:22;0;-10;;;;0
2026-05-15 19:11:28;0;-10;;;;0
2026-05-15 19:12:38;0;-10;;;;0
2026-05-15 19:13:43;0;-10;;;;0
2026-05-15 19:14:53;0;-10;;;;0
2026-05-15 19:15:58;0;-10;;;;0
2026-05-15 19:17:10;0;-10;;;;0
2026-05-15 19:18:15;0;-10;;;;0
2026-05-15 19:19:23;0;-10;;;;0
2026-05-15 19:20:29;0;-10;;;;0
2026-05-15 19:21:39;0;-10;;;;0
2026-05-15 19:22:44;0;-10;;;;0
2026-05-15 19:23:54;0;-10;;;;0
2026-05-15 19:24:59;0;-10;;;;0
2026-05-15 19:26:09;0;-10;;;;0
2026-05-15 19:27:15;0;-10;;;;0
2026-05-15 19:28:24;0;-10;;;;0
2026-05-15 19:29:29;0;-10;;;;0
2026-05-15 19:30:40;0;-10;;;;0
2026-05-15 19:31:45;0;-10;;;;0
2026-05-15 19:33:00;0;-10;;;;0
2026-05-15 19:34:11;0;-10;;;;0
2026-05-15 19:35:16;0;-10;;;;0
2026-05-15 19:36:26;0;-10;;;;0
2026-05-15 19:37:32;0;-10;;;;0
2026-05-15 19:38:41;0;-10;;;;0
2026-05-15 19:39:46;0;-10;;;;0
2026-05-15 19:40:56;0;-10;;;;0
2026-05-15 19:42:01;0;-10;;;;0
2026-05-15 19:43:11;0;-10;;;;0
2026-05-15 19:44:17;0;-10;;;;0
2026-05-15 19:45:26;0;-10;;;;0
2026-05-15 19:46:32;0;-10;;;;0
2026-05-15 19:47:42;0;-10;;;;0
2026-05-15 19:48:48;0;-10;;;;0
2026-05-15 19:49:57;0;-10;;;;0
2026-05-15 19:51:02;0;-10;;;;0
2026-05-15 19:52:13;0;-10;;;;0
2026-05-15 19:53:18;0;-10;;;;0
2026-05-15 19:54:28;0;-10;;;;0
2026-05-15 19:55:33;0;-10;;;;0
2026-05-15 19:56:43;0;-10;;;;0
2026-05-15 19:57:48;0;-10;;;;0
2026-05-15 19:58:58;0;-10;;;;0
2026-05-15 20:00:04;0;-10;;;;0
2026-05-15 20:01:14;0;-10;;;;0
2026-05-15 20:02:19;0;-10;;;;0
2026-05-15 20:03:29;0;-10;;;;0
2026-05-15 20:04:34;0;-10;;;;0
2026-05-15 20:05:44;0;-10;;;;0
2026-05-15 20:06:49;0;-10;;;;0
2026-05-15 20:07:59;0;-10;;;;0
2026-05-15 20:09:04;0;-10;;;;0
2026-05-15 20:11:29;0;-10;;;;0
2026-05-15 20:12:35;0;-10;;;;0
2026-05-15 20:13:56;0;-10;;;;0
2026-05-15 20:15:07;0;-10;;;;0
2026-05-15 20:16:12;0;-10;;;;0
2026-05-15 20:17:22;0;-10;;;;0
2026-05-15 20:18:27;0;-10;;;;0
2026-05-15 20:19:37;0;-10;;;;0
2026-05-15 20:20:42;0;-10;;;;0
2026-05-15 20:21:52;0;-10;;;;0
2026-05-15 20:22:57;0;-10;;;;0
2026-05-15 20:24:07;0;-10;;;;0
2026-05-15 20:25:13;0;-10;;;;0
2026-05-15 20:26:22;0;-10;;;;0
2026-05-15 20:27:28;0;-10;;;;0
2026-05-15 20:28:38;0;-10;;;;0
2026-05-15 20:29:53;0;-10;;;;0
2026-05-15 20:30:58;0;-10;;;;0
2026-05-15 20:32:08;0;-10;;;;0
2026-05-15 20:33:14;0;-10;;;;0
2026-05-15 20:34:23;0;-10;;;;0
2026-05-15 20:35:29;0;-10;;;;0
2026-05-15 20:36:39;0;-10;;;;0
2026-05-15 20:37:44;0;-10;;;;0
2026-05-15 20:38:54;0;-10;;;;0
2026-05-15 20:39:59;0;-10;;;;0
2026-05-15 20:41:09;0;-10;;;;0
2026-05-15 20:42:14;0;-10;;;;0
2026-05-15 20:43:24;0;-10;;;;0
2026-05-15 20:44:29;0;-10;;;;0
2026-05-15 20:45:39;0;-10;;;;0
2026-05-15 20:46:45;0;-10;;;;0
2026-05-15 20:47:54;0;-10;;;;0
2026-05-15 20:49:00;0;-10;;;;0
2026-05-15 20:50:15;0;-10;;;;0
2026-05-15 20:51:25;0;-10;;;;0
2026-05-15 20:52:31;0;-10;;;;0
2026-05-15 20:53:41;0;-10;;;;0
2026-05-15 20:54:46;0;-10;;;;0
2026-05-15 20:55:56;0;-10;;;;0
2026-05-15 20:57:01;0;-10;;;;0
2026-05-15 20:58:11;0;-10;;;;0
2026-05-15 20:59:18;0;-10;;;;0
2026-05-15 21:00:33;0;-10;;;;0
2026-05-15 21:01:44;0;-10;;;;0
2026-05-15 21:02:49;0;-10;;;;0
2026-05-15 21:03:59;0;-10;;;;0
2026-05-15 21:05:04;0;-10;;;;0
2026-05-15 21:06:14;0;-10;;;;0
2026-05-15 21:07:19;0;-10;;;;0
2026-05-15 21:08:29;0;-10;;;;0
2026-05-15 21:09:34;0;-10;;;;0
2026-05-15 21:10:44;0;-10;;;;0
2026-05-15 21:11:50;0;-10;;;;0
2026-05-15 21:12:59;0;-10;;;;0
2026-05-15 21:14:05;0;-10;;;;0
2026-05-15 21:15:15;0;-10;;;;0
2026-05-15 21:16:30;0;-10;;;;0
2026-05-15 21:17:35;0;-10;;;;0
2026-05-15 21:18:45;0;-10;;;;0
2026-05-15 21:19:51;0;-10;;;;0
2026-05-15 21:21:00;0;-10;;;;0
2026-05-15 21:22:06;0;-10;;;;0
2026-05-15 21:23:15;0;-10;;;;0
2026-05-15 21:24:21;0;-10;;;;0
2026-05-15 21:25:31;0;-10;;;;0
2026-05-15 21:26:36;0;-10;;;;0
2026-05-15 21:27:45;0;-10;;;;0
2026-05-15 21:28:51;0;-10;;;;0
2026-05-15 21:30:01;0;-10;;;;0
2026-05-15 21:31:06;0;-10;;;;0
2026-05-15 21:32:16;0;-10;;;;0
2026-05-15 21:33:21;0;-10;;;;0
2026-05-15 21:34:36;0;-10;;;;0
2026-05-15 21:35:47;0;-10;;;;0
2026-05-15 21:36:52;0;-10;;;;0
2026-05-15 21:38:02;0;-10;;;;0
2026-05-15 21:39:07;0;-10;;;;0
2026-05-15 21:40:17;0;-10;;;;0
2026-05-15 21:41:23;0;-10;;;;0
2026-05-15 21:42:32;0;-10;;;;0
2026-05-15 21:43:37;0;-10;;;;0
2026-05-15 21:44:47;0;-10;;;;0
2026-05-15 21:45:52;0;-10;;;;0
2026-05-15 21:47:02;0;-10;;;;0
2026-05-15 21:48:08;0;-10;;;;0
2026-05-15 21:49:18;0;-10;;;;0
2026-05-15 21:50:23;0;-10;;;;0
2026-05-15 21:51:33;0;-10;;;;0
2026-05-15 21:52:38;0;-10;;;;0
2026-05-15 21:53:48;0;-10;;;;0
2026-05-15 21:54:54;0;-10;;;;0
2026-05-15 21:56:03;0;-10;;;;0
2026-05-15 21:57:09;0;-10;;;;0
2026-05-15 21:58:18;0;-10;;;;0
2026-05-15 21:59:24;0;-10;;;;0
2026-05-15 22:00:34;0;-10;;;;0
2026-05-15 22:01:39;0;-10;;;;0
2026-05-15 22:02:54;0;-10;;;;0
2026-05-15 22:04:04;0;-10;;;;0
2026-05-15 22:05:09;0;-10;;;;0
2026-05-15 22:06:19;0;-10;;;;0
2026-05-15 22:07:25;0;-10;;;;0
2026-05-15 22:08:35;0;-10;;;;0
2026-05-15 22:09:40;0;-10;;;;0
2026-05-15 22:10:50;0;-10;;;;0
2026-05-15 22:11:55;0;-10;;;;0
2026-05-15 22:13:05;0;-10;;;;0
2026-05-15 22:14:10;0;-10;;;;0
2026-05-15 22:15:20;0;-10;;;;0
2026-05-15 22:16:26;0;-10;;;;0
2026-05-15 22:17:35;0;-10;;;;0
2026-05-15 22:18:41;0;-10;;;;0
2026-05-15 22:19:51;0;-10;;;;0
2026-05-15 22:20:56;0;-10;;;;0
2026-05-15 22:22:06;0;-10;;;;0
2026-05-15 22:23:11;0;-10;;;;0
2026-05-15 22:24:21;0;-10;;;;0
2026-05-15 22:25:26;0;-10;;;;0
2026-05-15 22:26:36;0;-10;;;;0
2026-05-15 22:27:42;0;-10;;;;0
2026-05-15 22:28:53;0;-10;;;;0
2026-05-15 22:29:58;0;-10;;;;0
2026-05-15 22:31:07;0;-10;;;;0
2026-05-15 22:32:12;0;-10;;;;0
2026-05-15 22:33:22;0;-10;;;;0
2026-05-15 22:34:27;0;-10;;;;0
2026-05-15 22:35:37;0;-10;;;;0
2026-05-15 22:36:43;0;-10;;;;0
2026-05-15 22:37:52;0;-10;;;;0
2026-05-15 22:38:58;0;-10;;;;0
2026-05-15 22:40:07;0;-10;;;;0
2026-05-15 22:41:13;0;-10;;;;0
2026-05-15 22:42:22;0;-10;;;;0
2026-05-15 22:43:28;0;-10;;;;0
2026-05-15 22:44:38;0;-10;;;;0
2026-05-15 22:45:43;0;-10;;;;0
2026-05-15 22:46:53;0;-10;;;;0
2026-05-15 22:47:58;0;-10;;;;0
2026-05-15 22:49:08;0;-10;;;;0
2026-05-15 22:50:14;0;-10;;;;0
2026-05-15 22:51:23;0;-10;;;;0
2026-05-15 22:52:31;0;-10;;;;0
2026-05-15 22:53:38;0;-10;;;;0
2026-05-15 22:54:44;0;-10;;;;0
2026-05-15 22:55:54;0;-10;;;;0
2026-05-15 22:56:59;0;-10;;;;0
2026-05-15 22:58:09;0;-10;;;;0
2026-05-15 22:59:14;0;-10;;;;0
2026-05-15 23:00:24;0;-10;;;;0
2026-05-15 23:01:29;0;-10;;;;0
2026-05-15 23:02:44;0;-10;;;;0
2026-05-15 23:03:54;0;-10;;;;0
2026-05-15 23:04:59;0;-10;;;;0
2026-05-15 23:06:09;0;-10;;;;0
2026-05-15 23:07:14;0;-10;;;;0
2026-05-15 23:08:24;0;-10;;;;0
2026-05-15 23:09:30;0;-10;;;;0
2026-05-15 23:10:40;0;-10;;;;0
2026-05-15 23:11:45;0;-10;;;;0
2026-05-15 23:12:55;0;-10;;;;0
2026-05-15 23:14:00;0;-10;;;;0
2026-05-15 23:15:10;0;-10;;;;0
2026-05-15 23:16:16;0;-10;;;;0
2026-05-15 23:17:25;0;-10;;;;0
2026-05-15 23:18:30;0;-10;;;;0
2026-05-15 23:19:40;0;-10;;;;0
2026-05-15 23:20:46;0;-10;;;;0
2026-05-15 23:21:55;0;-10;;;;0
2026-05-15 23:23:01;0;-10;;;;0
2026-05-15 23:24:10;0;-10;;;;0
2026-05-15 23:25:16;0;-10;;;;0
2026-05-15 23:26:26;0;-10;;;;0
2026-05-15 23:27:31;0;-10;;;;0
2026-05-15 23:28:41;0;-10;;;;0
2026-05-15 23:29:46;0;-10;;;;0
2026-05-15 23:30:56;0;-10;;;;0
2026-05-15 23:32:02;0;-10;;;;0
2026-05-15 23:33:11;0;-10;;;;0
2026-05-15 23:34:17;0;-10;;;;0
2026-05-15 23:35:32;0;-10;;;;0
2026-05-15 23:36:42;0;-10;;;;0
2026-05-15 23:37:48;0;-10;;;;0
2026-05-15 23:38:57;0;-10;;;;0
2026-05-15 23:40:03;0;-10;;;;0
2026-05-15 23:41:13;0;-10;;;;0
2026-05-15 23:42:18;0;-10;;;;0
2026-05-15 23:43:28;0;-10;;;;0
2026-05-15 23:44:34;0;-10;;;;0
2026-05-15 23:45:44;0;-10;;;;0
2026-05-15 23:46:49;0;-10;;;;0
2026-05-15 23:47:59;0;-10;;;;0
2026-05-15 23:49:04;0;-10;;;;0
2026-05-15 23:50:14;0;-10;;;;0
2026-05-15 23:51:19;0;-10;;;;0
2026-05-15 23:52:29;0;-10;;;;0
2026-05-15 23:53:34;0;-10;;;;0
2026-05-15 23:54:44;0;-10;;;;0
2026-05-15 23:55:50;0;-10;;;;0
2026-05-15 23:56:59;0;-10;;;;0
2026-05-15 23:58:04;0;-10;;;;0
2026-05-15 23:59:14;0;-10;;;;0
2026-05-16 00:00:20;0;-10;;;;0
2026-05-16 00:01:29;0;-10;;;;0
2026-05-16 00:02:35;0;-10;;;;0
2026-05-16 00:03:44;0;-10;;;;0
2026-05-16 00:04:50;0;-10;;;;0
2026-05-16 00:05:59;0;-10;;;;0
2026-05-16 00:07:05;0;-10;;;;0
2026-05-16 00:08:15;0;-10;;;;0
2026-05-16 00:09:20;0;-10;;;;0
2026-05-16 00:10:30;0;-10;;;;0
2026-05-16 00:11:36;0;-10;;;;0
2026-05-16 00:12:45;0;-10;;;;0
2026-05-16 00:13:51;0;-10;;;;0
2026-05-16 00:15:00;0;-10;;;;0
2026-05-16 00:16:06;0;-10;;;;0
2026-05-16 00:17:15;0;-10;;;;0
2026-05-16 00:18:21;0;-10;;;;0
2026-05-16 00:19:32;0;-10;;;;0
2026-05-16 00:20:37;0;-10;;;;0
2026-05-16 00:21:46;0;-10;;;;0
2026-05-16 00:22:51;0;-10;;;;0
2026-05-16 00:24:01;0;-10;;;;0
2026-05-16 00:25:07;0;-10;;;;0
2026-05-16 00:26:16;0;-10;;;;0
2026-05-16 00:27:21;0;-10;;;;0
2026-05-16 00:28:31;0;-10;;;;0
2026-05-16 00:29:37;0;-10;;;;0
2026-05-16 00:30:47;0;-10;;;;0
2026-05-16 00:31:52;0;-10;;;;0
2026-05-16 00:33:02;0;-10;;;;0
2026-05-16 00:34:07;0;-10;;;;0
2026-05-16 00:35:18;0;-10;;;;0
2026-05-16 00:36:23;0;-10;;;;0
2026-05-16 00:37:32;0;-10;;;;0
2026-05-16 00:38:38;0;-10;;;;0
2026-05-16 00:39:48;0;-10;;;;0
2026-05-16 00:40:53;0;-10;;;;0
2026-05-16 00:42:09;0;-10;;;;0
2026-05-16 00:43:28;0;-10;;;;0
2026-05-16 00:44:39;0;-10;;;;0
2026-05-16 00:45:49;0;-10;;;;0
2026-05-16 00:47:04;0;-10;;;;0
2026-05-16 00:48:10;0;-10;;;;0
2026-05-16 00:49:19;0;-10;;;;0
2026-05-16 00:50:25;0;-10;;;;0
2026-05-16 00:51:35;0;-10;;;;0
2026-05-16 00:52:40;0;-10;;;;0
2026-05-16 00:53:50;0;-10;;;;0
2026-05-16 00:54:56;0;-10;;;;0
2026-05-16 00:56:05;0;-10;;;;0
2026-05-16 00:57:11;0;-10;;;;0
2026-05-16 00:58:20;0;-10;;;;0
2026-05-16 00:59:26;0;-10;;;;0
2026-05-16 01:00:35;0;-10;;;;0
2026-05-16 01:01:41;0;-10;;;;0
2026-05-16 01:02:51;0;-10;;;;0
2026-05-16 01:03:56;0;-10;;;;0
2026-05-16 01:05:06;0;-10;;;;0
2026-05-16 01:06:11;0;-10;;;;0
2026-05-16 01:07:21;0;-10;;;;0
2026-05-16 01:08:27;0;-10;;;;0
2026-05-16 01:09:36;0;-10;;;;0
2026-05-16 01:10:42;0;-10;;;;0
2026-05-16 01:11:51;0;-10;;;;0
2026-05-16 01:12:57;0;-10;;;;0
2026-05-16 01:14:07;0;-10;;;;0
2026-05-16 01:15:12;0;-10;;;;0
2026-05-16 01:16:22;0;-10;;;;0
2026-05-16 01:17:27;0;-10;;;;0
2026-05-16 01:18:37;0;-10;;;;0
2026-05-16 01:19:42;0;-10;;;;0
2026-05-16 01:20:52;0;-10;;;;0
2026-05-16 01:21:58;0;-10;;;;0
2026-05-16 01:23:07;0;-10;;;;0
2026-05-16 01:24:13;0;-10;;;;0
2026-05-16 01:25:23;0;-10;;;;0
2026-05-16 01:26:28;0;-10;;;;0
2026-05-16 01:27:38;0;-10;;;;0
2026-05-16 01:28:43;0;-10;;;;0
2026-05-16 01:29:53;0;-10;;;;0
2026-05-16 01:30:58;0;-10;;;;0
2026-05-16 01:32:08;0;-10;;;;0
2026-05-16 01:33:14;0;-10;;;;0
2026-05-16 01:34:24;0;-10;;;;0
2026-05-16 01:35:39;0;-10;;;;0
2026-05-16 01:36:44;0;-10;;;;0
2026-05-16 01:37:54;0;-10;;;;0
2026-05-16 01:38:59;0;-10;;;;0
2026-05-16 01:40:09;0;-10;;;;0
2026-05-16 01:41:14;0;-10;;;;0
2026-05-16 01:42:24;0;-10;;;;0
2026-05-16 01:43:29;0;-10;;;;0
2026-05-16 01:44:39;0;-10;;;;0
2026-05-16 01:45:45;0;-10;;;;0
2026-05-16 01:46:54;0;-10;;;;0
2026-05-16 01:48:00;0;-10;;;;0
2026-05-16 01:49:10;0;-10;;;;0
2026-05-16 01:50:15;0;-10;;;;0
2026-05-16 01:51:25;0;-10;;;;0
2026-05-16 01:52:30;0;-10;;;;0
2026-05-16 01:53:40;0;-10;;;;0
2026-05-16 01:54:45;0;-10;;;;0
2026-05-16 01:55:55;0;-10;;;;0
2026-05-16 01:57:01;0;-10;;;;0
2026-05-16 01:58:10;0;-10;;;;0
2026-05-16 01:59:16;0;-10;;;;0
2026-05-16 02:00:25;0;-10;;;;0
2026-05-16 02:01:31;0;-10;;;;0
2026-05-16 02:02:41;0;-10;;;;0
2026-05-16 02:03:46;0;-10;;;;0
2026-05-16 02:04:56;0;-10;;;;0
2026-05-16 02:06:01;0;-10;;;;0
2026-05-16 02:07:11;0;-10;;;;0
2026-05-16 02:08:17;0;-10;;;;0
2026-05-16 02:09:26;0;-10;;;;0
2026-05-16 02:10:32;0;-10;;;;0
2026-05-16 02:11:42;0;-10;;;;0
2026-05-16 02:12:47;0;-10;;;;0
2026-05-16 02:13:57;0;-10;;;;0
2026-05-16 02:15:02;0;-10;;;;0
2026-05-16 02:16:12;0;-10;;;;0
2026-05-16 02:17:17;0;-10;;;;0
2026-05-16 02:18:27;0;-10;;;;0
2026-05-16 02:19:33;0;-10;;;;0
2026-05-16 02:20:42;0;-10;;;;0
2026-05-16 02:21:48;0;-10;;;;0
2026-05-16 02:22:57;0;-10;;;;0
2026-05-16 02:24:03;0;-10;;;;0
2026-05-16 02:25:13;0;-10;;;;0
2026-05-16 02:26:28;0;-10;;;;0
2026-05-16 02:27:33;0;-10;;;;0
2026-05-16 02:28:43;0;-10;;;;0
2026-05-16 02:29:48;0;-10;;;;0
2026-05-16 02:30:58;0;-10;;;;0
2026-05-16 02:32:04;0;-10;;;;0
2026-05-16 02:33:13;0;-10;;;;0
2026-05-16 02:34:19;0;-10;;;;0
2026-05-16 02:35:29;0;-10;;;;0
2026-05-16 02:36:35;0;-10;;;;0
2026-05-16 02:37:44;0;-10;;;;0
2026-05-16 02:38:50;0;-10;;;;0
2026-05-16 02:40:00;0;-10;;;;0
2026-05-16 02:41:05;0;-10;;;;0
2026-05-16 02:42:15;0;-10;;;;0
2026-05-16 02:43:20;0;-10;;;;0
2026-05-16 02:44:30;0;-10;;;;0
2026-05-16 02:45:36;0;-10;;;;0
2026-05-16 02:46:45;0;-10;;;;0
2026-05-16 02:47:51;0;-10;;;;0
2026-05-16 02:49:00;0;-10;;;;0
2026-05-16 02:50:06;0;-10;;;;0
2026-05-16 02:51:16;0;-10;;;;0
2026-05-16 02:52:21;0;-10;;;;0
2026-05-16 02:53:31;0;-10;;;;0
2026-05-16 02:54:36;0;-10;;;;0
2026-05-16 02:55:46;0;-10;;;;0
2026-05-16 02:56:52;0;-10;;;;0
2026-05-16 02:58:01;0;-10;;;;0
2026-05-16 02:59:06;0;-10;;;;0
2026-05-16 03:00:16;0;-10;;;;0
2026-05-16 03:01:21;0;-10;;;;0
2026-05-16 03:02:31;0;-10;;;;0
2026-05-16 03:03:37;0;-10;;;;0
2026-05-16 03:04:46;0;-10;;;;0
2026-05-16 03:05:52;0;-10;;;;0
2026-05-16 03:07:02;0;-10;;;;0
2026-05-16 03:08:07;0;-10;;;;0
2026-05-16 03:09:17;0;-10;;;;0
2026-05-16 03:10:23;0;-10;;;;0
2026-05-16 03:11:32;0;-10;;;;0
2026-05-16 03:12:38;0;-10;;;;0
2026-05-16 03:13:48;0;-10;;;;0
2026-05-16 03:14:53;0;-10;;;;0
2026-05-16 03:16:03;0;-10;;;;0
2026-05-16 03:17:08;0;-10;;;;0
2026-05-16 03:18:18;0;-10;;;;0
2026-05-16 03:19:24;0;-10;;;;0
2026-05-16 03:20:33;0;-10;;;;0
2026-05-16 03:21:39;0;-10;;;;0
2026-05-16 03:22:48;0;-10;;;;0
2026-05-16 03:23:54;0;-10;;;;0
2026-05-16 03:25:03;0;-10;;;;0
2026-05-16 03:26:09;0;-10;;;;0
2026-05-16 03:27:19;0;-10;;;;0
2026-05-16 03:28:24;0;-10;;;;0
2026-05-16 03:29:34;0;-10;;;;0
2026-05-16 03:30:39;0;-10;;;;0
2026-05-16 03:31:49;0;-10;;;;0
2026-05-16 03:32:55;0;-10;;;;0
2026-05-16 03:34:04;0;-10;;;;0
2026-05-16 03:35:10;0;-10;;;;0
2026-05-16 03:36:20;0;-10;;;;0
2026-05-16 03:37:25;0;-10;;;;0
2026-05-16 03:38:35;0;-10;;;;0
2026-05-16 03:39:41;0;-10;;;;0
2026-05-16 03:40:55;0;-10;;;;0
2026-05-16 03:42:05;0;-10;;;;0
2026-05-16 03:43:11;0;-10;;;;0
2026-05-16 03:44:20;0;-10;;;;0
2026-05-16 03:45:26;0;-10;;;;0
2026-05-16 03:46:36;0;-10;;;;0
2026-05-16 03:47:41;0;-10;;;;0
2026-05-16 03:48:51;0;-10;;;;0
2026-05-16 03:49:57;0;-10;;;;0
2026-05-16 03:51:06;0;-10;;;;0
2026-05-16 03:52:12;0;-10;;;;0
2026-05-16 03:53:21;0;-10;;;;0
2026-05-16 03:54:27;0;-10;;;;0
2026-05-16 03:55:36;0;-10;;;;0
2026-05-16 03:56:42;0;-10;;;;0
2026-05-16 03:57:51;0;-10;;;;0
2026-05-16 03:58:57;0;-10;;;;0
2026-05-16 04:00:07;0;-10;;;;0
2026-05-16 04:01:12;0;-10;;;;0
2026-05-16 04:02:22;0;-10;;;;0
2026-05-16 04:03:27;0;-10;;;;0
2026-05-16 04:04:37;0;-10;;;;0
2026-05-16 04:05:42;0;-10;;;;0
2026-05-16 04:06:52;0;-10;;;;0
2026-05-16 04:07:58;0;-10;;;;0
2026-05-16 04:09:08;0;-10;;;;0
2026-05-16 04:10:13;0;-10;;;;0
2026-05-16 04:11:23;0;-10;;;;0
2026-05-16 04:12:28;0;-10;;;;0
2026-05-16 04:13:38;0;-10;;;;0
2026-05-16 04:14:43;0;-10;;;;0
2026-05-16 04:15:53;0;-10;;;;0
2026-05-16 04:16:59;0;-10;;;;0
2026-05-16 04:18:09;0;-10;;;;0
2026-05-16 04:19:14;0;-10;;;;0
2026-05-16 04:20:24;0;-10;;;;0
2026-05-16 04:21:30;0;-10;;;;0
2026-05-16 04:22:39;0;-10;;;;0
2026-05-16 04:23:45;0;-10;;;;0
2026-05-16 04:24:54;0;-10;;;;0
2026-05-16 04:26:00;0;-10;;;;0
2026-05-16 04:27:10;0;-10;;;;0
2026-05-16 04:28:15;0;-10;;;;0
2026-05-16 04:29:25;0;-10;;;;0
2026-05-16 04:30:30;0;-10;;;;0
2026-05-16 04:31:40;0;-10;;;;0
2026-05-16 04:32:45;0;-10;;;;0
2026-05-16 04:33:55;0;-10;;;;0
2026-05-16 04:35:01;0;-10;;;;0
2026-05-16 04:36:10;0;-10;;;;0
2026-05-16 04:37:16;0;-10;;;;0
2026-05-16 04:38:26;0;-10;;;;0
2026-05-16 04:39:31;0;-10;;;;0
2026-05-16 04:40:41;0;-10;;;;0
2026-05-16 04:41:46;0;-10;;;;0
2026-05-16 04:42:56;0;-10;;;;0
2026-05-16 04:44:02;0;-10;;;;0
2026-05-16 04:45:11;0;-10;;;;0
2026-05-16 04:46:22;0;-10;;;;0
2026-05-16 04:47:31;0;-10;;;;0
2026-05-16 04:48:37;0;-10;;;;0
2026-05-16 04:49:47;0;-10;;;;0
2026-05-16 04:50:53;0;-10;;;;0
2026-05-16 04:52:03;0;-10;;;;0
2026-05-16 04:53:13;0;-10;;;;0
2026-05-16 04:54:19;0;-10;;;;0
2026-05-16 04:55:28;0;-10;;;;0
2026-05-16 04:56:34;0;-10;;;;0
2026-05-16 04:57:44;0;-10;;;;0
2026-05-16 04:58:49;0;-10;;;;0
2026-05-16 04:59:59;0;-10;;;;0
2026-05-16 05:01:04;0;-10;;;;0
2026-05-16 05:02:14;0;-10;;;;0
2026-05-16 05:03:19;0;-10;;;;0
2026-05-16 05:04:29;0;-10;;;;0
2026-05-16 05:05:35;0;-10;;;;0
2026-05-16 05:06:45;0;-10;;;;0
2026-05-16 05:07:50;0;-10;;;;0
2026-05-16 05:09:00;0;-10;;;;0
2026-05-16 05:10:05;0;-10;;;;0
2026-05-16 05:11:15;0;-10;;;;0
2026-05-16 05:12:20;0;-10;;;;0
2026-05-16 05:13:30;0;-10;;;;0
2026-05-16 05:14:35;0;-10;;;;0
2026-05-16 05:15:45;0;-10;;;;0
2026-05-16 05:16:51;0;-10;;;;0
2026-05-16 05:18:00;0;-10;;;;0
2026-05-16 05:19:06;0;-10;;;;0
2026-05-16 05:20:16;0;-10;;;;0
2026-05-16 05:21:21;0;-10;;;;0
2026-05-16 05:22:31;0;-10;;;;0
2026-05-16 05:23:36;0;-10;;;;0
2026-05-16 05:24:48;0;-10;;;;0
2026-05-16 05:25:54;0;-10;;;;0
2026-05-16 05:27:06;0;-10;;;;0
2026-05-16 05:28:16;0;-10;;;;0
2026-05-16 05:29:22;0;-10;;;;0
2026-05-16 05:30:32;0;-10;;;;0
2026-05-16 05:31:37;0;-10;;;;0
2026-05-16 05:32:47;0;-10;;;;0
2026-05-16 05:33:52;0;-10;;;;0
2026-05-16 05:35:02;0;-10;;;;0
2026-05-16 05:36:07;0;-10;;;;0
2026-05-16 05:37:17;0;-10;;;;0
2026-05-16 05:38:23;0;-10;;;;0
2026-05-16 05:39:32;0;-10;;;;0
2026-05-16 05:40:38;0;-10;;;;0
2026-05-16 05:41:48;0;-10;;;;0
2026-05-16 05:42:53;0;-10;;;;0
2026-05-16 05:44:03;0;-10;;;;0
2026-05-16 05:45:09;0;-10;;;;0
2026-05-16 05:46:18;0;-10;;;;0
2026-05-16 05:47:24;0;-10;;;;0
2026-05-16 05:48:40;0;-10;;;;0
2026-05-16 05:49:50;0;-10;;;;0
2026-05-16 05:50:56;0;-10;;;;0
2026-05-16 05:52:06;0;-10;;;;0
2026-05-16 05:53:11;0;-10;;;;0
2026-05-16 05:54:21;0;-10;;;;0
2026-05-16 05:55:26;0;-10;;;;0
2026-05-16 05:56:36;0;-10;;;;0
2026-05-16 05:57:41;0;-10;;;;0
2026-05-16 05:58:51;0;-10;;;;0
2026-05-16 05:59:56;0;-10;;;;0
2026-05-16 06:01:11;0;-10;;;;0
2026-05-16 06:02:21;0;-10;;;;0
2026-05-16 06:03:27;0;-10;;;;0
2026-05-16 06:04:36;0;-10;;;;0
2026-05-16 06:05:42;17.24;10;;;;1
2026-05-16 06:06:48;20.62;10;;;;1
2026-05-16 06:07:58;19.42;10;;;;0
2026-05-16 06:09:04;19.58;10;;;;1
2026-05-16 06:10:11;20.77;10;;;;1
2026-05-16 06:11:17;19.47;10;;;;0
2026-05-16 06:12:27;18.96;10;;;;1
2026-05-16 06:13:42;19.17;10;;;;1
2026-05-16 06:14:48;19.77;10;;;;1
2026-05-16 06:15:54;19.44;10;;;;0
2026-05-16 06:17:05;18.92;10;;;;1
2026-05-16 06:18:11;18.69;10;;;;1
2026-05-16 06:19:22;18.76;10;;;;1
2026-05-16 06:20:28;26.25;10;;;;2
2026-05-16 06:21:35;19.15;10;;;;3
2026-05-16 06:22:40;18.85;10;;;;2
2026-05-16 06:23:50;19.06;10;;;;2
2026-05-16 06:24:56;18.87;10;;;;1
2026-05-16 06:26:07;19.33;10;;;;0
2026-05-16 06:27:12;19.79;10;;;;1
2026-05-16 06:28:23;19.53;10;;;;1
2026-05-16 06:29:29;18.92;10;;;;0
2026-05-16 06:30:34;19.65;10;;;;1
2026-05-16 06:31:45;19.5;10;;;;0
2026-05-16 06:32:56;19.41;10;;;;1
2026-05-16 06:34:02;19.33;10;;;;0
2026-05-16 06:35:12;19.55;10;;;;0
2026-05-16 06:36:18;18.96;10;;;;1
2026-05-16 06:37:29;19.27;10;;;;0
2026-05-16 06:38:34;19.16;10;;;;0
2026-05-16 06:39:50;19.58;10;;;;0
2026-05-16 06:41:00;19.69;10;;;;1
2026-05-16 06:42:06;20.05;10;;;;0
2026-05-16 06:43:16;19.53;10;;;;0
2026-05-16 06:44:22;20.12;10;;;;0
2026-05-16 06:45:33;18.76;10;;;;0
2026-05-16 06:46:03;;;;;19.66;
2026-05-16 06:46:39;19.15;10;;;;0
2026-05-16 06:47:49;19.82;10;;;;0
2026-05-16 06:48:55;19.38;10;;;;0
2026-05-16 06:50:05;19.33;10;;;;0
2026-05-16 06:51:11;19.25;10;;;;0
2026-05-16 06:52:22;18.17;10;;;;0
2026-05-16 06:53:27;18.43;10;;;;0
2026-05-16 06:54:37;18.8;10;;;;0
2026-05-16 06:55:43;18.48;10;;;;0
2026-05-16 06:56:53;18.38;10;;;;0
2026-05-16 06:57:59;18.08;10;;;;0
2026-05-16 06:59:10;19.03;10;;;;1
2026-05-16 07:00:16;18.88;10;;;;1
2026-05-16 07:01:25;18.7;10;;;;1
2026-05-16 07:02:31;18.98;10;;;;1
2026-05-16 07:03:43;18.6;10;;;;0
2026-05-16 07:04:49;18.49;10;;;;1
2026-05-16 07:06:05;18.27;10;;;;1
2026-05-16 07:07:11;18.45;10;;;;0
2026-05-16 07:08:21;18.4;10;;;;1
2026-05-16 07:09:27;18.44;10;;;;0
2026-05-16 07:10:39;18.32;10;;;;1
2026-05-16 07:11:49;18.38;10;;;;0
2026-05-16 07:12:54;18.4;10;;;;1
2026-05-16 07:14:05;18.26;10;;;;0
2026-05-16 07:15:10;43.21;10;;;;2
2026-05-16 07:16:17;60.22;10;;;;6
2026-05-16 07:17:38;18.15;10;;;;2
2026-05-16 07:18:44;18.03;10;;;;3
2026-05-16 07:19:50;18.01;10;;;;2
2026-05-16 07:21:01;18.02;10;;;;1
2026-05-16 07:22:07;17.98;10;;;;2
2026-05-16 07:23:22;30.85;-10;;;;1
2026-05-16 07:24:34;56.76;10;;;;3
2026-05-16 07:25:40;18.09;10;;;;1
2026-05-16 07:26:50;18.01;10;;;;2
2026-05-16 07:27:56;17.98;10;;;;2
2026-05-16 07:29:05;18.02;10;;;;1
2026-05-16 07:30:12;54.84;-10;;;;2
2026-05-16 07:31:22;53.09;10;;;;3
2026-05-16 07:32:28;18.36;10;;;;3
2026-05-16 07:33:39;18.93;10;;;;7
2026-05-16 07:34:45;18.15;10;;;;2
2026-05-16 07:36:01;17.88;10;;;;1
2026-05-16 07:37:07;18.01;10;;;;2
2026-05-16 07:38:18;48.87;-10;;;;1
2026-05-16 07:39:29;18.05;10;;;;1
2026-05-16 07:40:35;17.84;10;;;;2
2026-05-16 07:41:45;17.88;10;;;;1
2026-05-16 07:42:51;17.82;10;;;;1
2026-05-16 07:44:02;43.99;-10;;;;2
2026-05-16 07:45:08;51.33;10;;;;3
2026-05-16 07:46:19;18.03;10;;;;1
2026-05-16 07:47:25;17.86;10;;;;2
2026-05-16 07:48:35;17.8;10;;;;1
2026-05-16 07:49:41;47.17;10;;;;4
2026-05-16 07:50:52;31.06;10;;;;2
2026-05-16 07:51:58;18.16;10;;;;1
2026-05-16 07:53:09;17.99;10;;;;2
2026-05-16 07:54:15;17.94;10;;;;1
2026-05-16 07:55:24;51.95;-10;;;;2
2026-05-16 07:56:30;39.23;10;;;;5
2026-05-16 07:57:40;18.42;10;;;;2
2026-05-16 07:58:45;18.4;10;;;;2
2026-05-16 07:59:56;18.15;10;;;;2
2026-05-16 08:01:01;46.5;-10;;;;3
2026-05-16 08:02:12;35.04;10;;;;1
2026-05-16 08:03:18;18.35;10;;;;2
2026-05-16 08:04:28;18.2;10;;;;1
2026-05-16 08:05:34;18.07;10;;;;1
2026-05-16 08:06:45;56.76;-10;;;;2
2026-05-16 08:07:51;49.34;10;;;;4
2026-05-16 08:09:01;18.5;10;;;;1
2026-05-16 08:10:07;18.2;10;;;;2
2026-05-16 08:11:17;18.2;10;;;;1
2026-05-16 08:12:23;18.14;10;;;;1
2026-05-16 08:13:28;46.65;-10;;;;2
2026-05-16 08:14:40;38.69;10;;;;2
2026-05-16 08:15:50;18.42;10;;;;1
2026-05-16 08:16:56;18.5;10;;;;1
2026-05-16 08:18:05;18.15;10;;;;1
2026-05-16 08:19:12;52.11;-10;;;;1
2026-05-16 08:20:22;31.21;10;;;;2
2026-05-16 08:21:28;18.71;10;;;;2
2026-05-16 08:22:38;18.91;10;;;;1
2026-05-16 08:23:45;19.02;10;;;;2
2026-05-16 08:24:54;55.38;-10;;;;2
2026-05-16 08:26:01;40.34;10;;;;4
2026-05-16 08:27:10;18.33;10;;;;2
2026-05-16 08:28:16;18.31;10;;;;1
2026-05-16 08:29:26;18.15;10;;;;1
2026-05-16 08:30:32;43.44;10;;;;1
2026-05-16 08:31:42;49.91;10;;;;2
2026-05-16 08:32:48;18.35;10;;;;1
2026-05-16 08:33:58;18.29;10;;;;1
2026-05-16 08:35:04;18.19;10;;;;2
2026-05-16 08:36:15;50.5;-10;;;;2
2026-05-16 08:37:21;48.86;10;;;;3
2026-05-16 08:38:31;17.93;10;;;;1
2026-05-16 08:39:37;17.8;10;;;;1
2026-05-16 08:40:48;17.91;10;;;;1
2026-05-16 08:41:53;45.48;-10;;;;4
2026-05-16 08:43:05;34.83;10;;;;2
2026-05-16 08:44:10;19.16;10;;;;2
2026-05-16 08:45:21;19.05;10;;;;2
2026-05-16 08:46:26;18.98;10;;;;2
2026-05-16 08:47:37;34.07;10;;;;2
2026-05-16 08:48:43;19.58;10;;;;4
2026-05-16 08:49:52;18.51;10;;;;2
2026-05-16 08:50:58;18.56;10;;;;2
2026-05-16 08:52:09;30.53;-10;;;;3
2026-05-16 08:53:15;33.25;10;;;;2
2026-05-16 08:54:30;18.82;10;;;;2
2026-05-16 08:55:36;18.52;10;;;;1
2026-05-16 08:56:46;18.96;10;;;;2
2026-05-16 08:57:52;24.36;-10;;;;1
2026-05-16 08:59:03;29.14;-10;;;;3
2026-05-16 09:00:14;22.76;10;;;;3
2026-05-16 09:01:20;24.69;10;;;;3
2026-05-16 09:02:31;0;10;;;;0
2026-05-16 09:03:36;1.33;10;;;;0
2026-05-16 09:04:46;2.61;10;;;;0
2026-05-16 09:05:51;2.58;10;;;;0
2026-05-16 09:07:01;0;10;;;;0
2026-05-16 09:08:08;1.14;10;;;;0
2026-05-16 09:08:36;;;0;0;;
2026-05-16 09:09:16;1.39;10;;;;0
2026-05-16 09:10:22;0.68;10;;;;0
2026-05-16 09:11:32;0.88;10;;;;0
2026-05-16 09:12:37;0;10;;;;0
2026-05-16 09:13:47;0;10;;;;0
2026-05-16 09:14:52;0;10;;;;0
2026-05-16 09:16:02;0;10;;;;0
2026-05-16 09:17:08;0;10;;;;0
2026-05-16 09:18:22;0.87;10;;;;0
2026-05-16 09:19:33;0.84;10;;;;0
2026-05-16 09:20:39;0;10;;;;0
2026-05-16 09:21:47;1.02;10;;;;0
2026-05-16 09:22:53;0.91;10;;;;0
2026-05-16 09:24:03;0;10;;;;0
2026-05-16 09:25:08;0;10;;;;0
2026-05-16 09:26:18;0;10;;;;0
2026-05-16 09:27:23;0;10;;;;0
2026-05-16 09:28:33;0;10;;;;0
2026-05-16 09:29:39;0;10;;;;0
2026-05-16 09:30:49;0;10;;;;0
2026-05-16 09:31:54;0;10;;;;0
2026-05-16 09:33:04;0;10;;;;0
2026-05-16 09:34:09;0;10;;;;0
2026-05-16 09:35:19;0;10;;;;0
2026-05-16 09:36:24;0.2;10;;;;0
2026-05-16 09:37:34;0;10;;;;0
2026-05-16 09:38:40;0;10;;;;0
2026-05-16 09:39:49;0;10;;;;0
2026-05-16 09:40:54;0;10;;;;0
2026-05-16 09:42:05;0;10;;;;0
2026-05-16 09:43:10;0;10;;;;0
2026-05-16 09:44:25;0;10;;;;0
2026-05-16 09:45:36;0;10;;;;0
2026-05-16 09:46:41;0;10;;;;0
2026-05-16 09:47:51;0;10;;;;0
2026-05-16 09:48:57;0.68;10;;;;0
2026-05-16 09:50:07;22.47;-10;;;;4
2026-05-16 09:51:13;24.87;10;;;;6
2026-05-16 09:52:28;28.52;10;;;;10
2026-05-16 09:53:38;0;-10;;;;7
2026-05-16 09:54:44;0;-10;;;;0
2026-05-16 09:55:54;0;-10;;;;0
2026-05-16 09:56:59;0;-10;;;;0
2026-05-16 09:58:09;0;-10;;;;0
2026-05-16 09:59:15;0;-10;;;;0
2026-05-16 10:00:24;0;-10;;;;0
2026-05-16 10:01:30;23.53;-10;;;;0
2026-05-16 10:02:40;0;-10;;;;0
2026-05-16 10:03:55;0;-10;;;;0
2026-05-16 10:05:01;0;-10;;;;0
2026-05-16 10:06:10;18.56;-10;;;;0
2026-05-16 10:07:16;0;-10;;;;0
2026-05-16 10:08:26;0;-10;;;;0
2026-05-16 10:09:32;0;-10;;;;0
2026-05-16 10:10:41;0;-10;;;;0
2026-05-16 10:11:47;0;-10;;;;0
2026-05-16 10:12:56;0;-10;;;;0
2026-05-16 10:14:02;0;-10;;;;0
2026-05-16 10:15:11;0;-10;;;;0
2026-05-16 10:16:17;0;-10;;;;0
2026-05-16 10:17:27;0;-10;;;;0
2026-05-16 10:18:42;0;-10;;;;0
2026-05-16 10:19:47;0;-10;;;;0
2026-05-16 10:20:57;0;-10;;;;0
2026-05-16 10:22:03;0;-10;;;;0
2026-05-16 10:23:18;0;-10;;;;0
2026-05-16 10:24:28;0;-10;;;;0
2026-05-16 10:25:34;0;-10;;;;0
2026-05-16 10:26:43;0;-10;;;;0
2026-05-16 10:27:49;0;-10;;;;0
2026-05-16 10:28:58;0.08;-10;;;;0
2026-05-16 10:30:04;0;-10;;;;0
2026-05-16 10:31:14;0;-10;;;;0
2026-05-16 10:32:19;0;-10;;;;0
2026-05-16 10:33:29;0;-10;;;;0
2026-05-16 10:34:35;0;-10;;;;0
2026-05-16 10:35:44;0;-10;;;;0
2026-05-16 10:36:50;0;-10;;;;0
2026-05-16 10:37:59;0;-10;;;;0
2026-05-16 10:39:05;0;-10;;;;0
2026-05-16 10:40:14;0.08;-10;;;;0
2026-05-16 10:41:20;0;-10;;;;0
2026-05-16 10:42:29;0;-10;;;;0
2026-05-16 10:43:35;0.06;-10;;;;0
2026-05-16 10:44:45;0;-10;;;;0
2026-05-16 10:45:50;0;-10;;;;0
2026-05-16 10:47:00;0;-10;;;;0
2026-05-16 10:48:05;0;-10;;;;0
2026-05-16 10:49:15;0;-10;;;;0
2026-05-16 10:50:21;0;-10;;;;0
2026-05-16 10:51:30;0;-10;;;;0
2026-05-16 10:52:36;0;-10;;;;0
2026-05-16 10:53:46;0;-10;;;;0
2026-05-16 10:54:51;0;-10;;;;0
2026-05-16 10:56:08;0;-10;;;;0
2026-05-16 10:57:16;0;-10;;;;0
2026-05-16 10:58:21;0;-10;;;;0
2026-05-16 10:59:31;0;-10;;;;0
2026-05-16 11:00:37;0;-10;;;;0
2026-05-16 11:01:46;0;-10;;;;0
2026-05-16 11:02:52;0;-10;;;;0
2026-05-16 11:04:02;0;-10;;;;0
2026-05-16 11:05:07;0;-10;;;;0
2026-05-16 11:06:19;0;-10;;;;0
2026-05-16 11:07:25;0;-10;;;;0
2026-05-16 11:08:32;0;-10;;;;0
2026-05-16 11:09:37;0;-10;;;;0
2026-05-16 11:10:47;0;-10;;;;0
2026-05-16 11:11:53;0;-10;;;;0
2026-05-16 11:13:03;0;-10;;;;0
2026-05-16 11:14:08;0;-10;;;;0
2026-05-16 11:15:24;0;-10;;;;0
2026-05-16 11:16:34;0.08;-10;;;;0
2026-05-16 11:17:39;0;-10;;;;0
2026-05-16 11:18:49;0;-10;;;;0
2026-05-16 11:19:54;0;-10;;;;0
2026-05-16 11:21:04;0;-10;;;;0
2026-05-16 11:22:09;0;-10;;;;0
2026-05-16 11:23:19;0;-10;;;;0
2026-05-16 11:24:25;0;-10;;;;0
2026-05-16 11:25:34;0;-10;;;;0
2026-05-16 11:26:40;0;-10;;;;0
2026-05-16 11:27:50;0;-10;;;;0
2026-05-16 11:28:56;0;-10;;;;0
2026-05-16 11:30:04;0;-10;;;;0
2026-05-16 11:31:10;0;-10;;;;0
2026-05-16 11:32:20;0;-10;;;;0
2026-05-16 11:33:25;0;-10;;;;0
2026-05-16 11:34:35;0;-10;;;;0
2026-05-16 11:35:40;0;-10;;;;0
2026-05-16 11:36:50;0;-10;;;;0
2026-05-16 11:37:55;0;-10;;;;0
2026-05-16 11:39:05;0;-10;;;;0
2026-05-16 11:40:11;0;-10;;;;0
2026-05-16 11:41:20;0;-10;;;;0
2026-05-16 11:42:25;0;-10;;;;0
2026-05-16 11:43:35;0;-10;;;;0
2026-05-16 11:44:41;0;-10;;;;0
2026-05-16 11:45:50;0;-10;;;;0
2026-05-16 11:46:56;0;-10;;;;0
2026-05-16 11:48:05;0;-10;;;;0
2026-05-16 11:49:11;0;-10;;;;0
2026-05-16 11:50:20;0;-10;;;;0
2026-05-16 11:51:25;0;-10;;;;0
2026-05-16 11:52:36;0;-10;;;;0
2026-05-16 11:53:41;0;-10;;;;0
2026-05-16 11:54:56;0;-10;;;;0
2026-05-16 11:56:06;0;-10;;;;0
2026-05-16 11:57:11;0;-10;;;;0
2026-05-16 11:58:21;0;-10;;;;0
2026-05-16 11:59:27;0;-10;;;;0
2026-05-16 12:00:37;0;-10;;;;0
2026-05-16 12:01:42;0;-10;;;;0
2026-05-16 12:02:52;0;-10;;;;0
2026-05-16 12:03:58;0;-10;;;;0
2026-05-16 12:05:07;0.09;-10;;;;0
2026-05-16 12:06:13;0;-10;;;;0
2026-05-16 12:07:22;0;-10;;;;0
2026-05-16 12:08:28;0;-10;;;;0
2026-05-16 12:09:38;0;-10;;;;0
2026-05-16 12:10:43;0;-10;;;;0
2026-05-16 12:11:53;0;-10;;;;0
2026-05-16 12:12:58;0;-10;;;;0
2026-05-16 12:14:08;0;-10;;;;0
2026-05-16 12:15:13;0;-10;;;;0
2026-05-16 12:16:23;0;-10;;;;0
2026-05-16 12:17:28;0;-10;;;;0
2026-05-16 12:18:43;0;-10;;;;0
2026-05-16 12:19:53;0;-10;;;;0
2026-05-16 12:20:59;0;-10;;;;0
2026-05-16 12:22:13;0;-10;;;;0
2026-05-16 12:23:24;0;-10;;;;0
2026-05-16 12:24:29;0;-10;;;;0
2026-05-16 12:25:38;0;-10;;;;0
2026-05-16 12:26:44;0;-10;;;;0
2026-05-16 12:27:54;0;-10;;;;0
2026-05-16 12:29:00;0;-10;;;;0
2026-05-16 12:30:09;0;-10;;;;0
2026-05-16 12:31:15;0;-10;;;;0
2026-05-16 12:32:24;0;-10;;;;0
2026-05-16 12:33:30;0;-10;;;;0
2026-05-16 12:34:40;0;-10;;;;0
2026-05-16 12:35:46;0;-10;;;;0
2026-05-16 12:36:55;0;-10;;;;0
2026-05-16 12:38:00;0;-10;;;;0
2026-05-16 12:39:10;0;-10;;;;0
2026-05-16 12:40:16;0;-10;;;;0
2026-05-16 12:41:26;0;-10;;;;0
2026-05-16 12:42:31;0;-10;;;;0
2026-05-16 12:43:40;0;-10;;;;0
2026-05-16 12:44:46;0;-10;;;;0
2026-05-16 12:45:56;0;-10;;;;0
2026-05-16 12:47:01;0;-10;;;;0
2026-05-16 12:48:11;0;-10;;;;0
2026-05-16 12:49:16;0;-10;;;;0
2026-05-16 12:50:26;0;-10;;;;0
2026-05-16 12:51:31;0;-10;;;;0
2026-05-16 12:52:41;0;-10;;;;0
2026-05-16 12:53:46;0;-10;;;;0
2026-05-16 12:54:57;0;-10;;;;0
2026-05-16 12:56:03;0;-10;;;;0
2026-05-16 12:57:12;0;-10;;;;0
2026-05-16 12:58:17;0;-10;;;;0
2026-05-16 12:59:27;0;-10;;;;0
2026-05-16 13:00:32;0;-10;;;;0
2026-05-16 13:01:42;0;-10;;;;0
2026-05-16 13:02:47;0;-10;;;;0
2026-05-16 13:03:57;0;-10;;;;0
2026-05-16 13:05:02;0;-10;;;;0
2026-05-16 13:06:12;0;-10;;;;0
2026-05-16 13:07:18;0;-10;;;;0
2026-05-16 13:08:27;0;-10;;;;0
2026-05-16 13:09:33;0;-10;;;;0
2026-05-16 13:10:42;0;-10;;;;0
2026-05-16 13:11:48;0;-10;;;;0
2026-05-16 13:12:58;0;-10;;;;0
2026-05-16 13:14:13;0;-10;;;;0
2026-05-16 13:15:18;0;-10;;;;0
2026-05-16 13:16:28;0;-10;;;;0
2026-05-16 13:17:33;0;-10;;;;0
2026-05-16 13:18:43;0;-10;;;;0
2026-05-16 13:19:48;0;-10;;;;0
2026-05-16 13:20:58;0;-10;;;;0
2026-05-16 13:22:04;0;-10;;;;0
2026-05-16 13:23:13;0;-10;;;;0
2026-05-16 13:24:19;0;-10;;;;0
2026-05-16 13:25:29;0;-10;;;;0
2026-05-16 13:26:35;0;-10;;;;0
2026-05-16 13:27:44;0;-10;;;;0
2026-05-16 13:28:59;0;-10;;;;0
2026-05-16 13:30:06;0;-10;;;;0
2026-05-16 13:31:15;0;-10;;;;0
2026-05-16 13:32:20;0;-10;;;;0
2026-05-16 13:33:30;0;-10;;;;0
2026-05-16 13:34:35;0;-10;;;;0
2026-05-16 13:35:45;0;-10;;;;0
2026-05-16 13:36:50;0;-10;;;;0
2026-05-16 13:38:00;0;-10;;;;0
2026-05-16 13:39:06;0;-10;;;;0
2026-05-16 13:40:20;0;-10;;;;0
2026-05-16 13:41:31;0;-10;;;;0
2026-05-16 13:42:36;0;-10;;;;0
2026-05-16 13:43:49;0;-10;;;;0
2026-05-16 13:44:54;0;-10;;;;0
2026-05-16 13:46:01;0;-10;;;;0
2026-05-16 13:47:06;0;-10;;;;0
2026-05-16 13:48:16;0;-10;;;;0
2026-05-16 13:49:22;0;-10;;;;0
2026-05-16 13:50:31;0;-10;;;;0
2026-05-16 13:51:36;0;-10;;;;0
2026-05-16 13:52:46;0;-10;;;;0
2026-05-16 13:53:53;0;-10;;;;0
2026-05-16 13:55:01;0;-10;;;;0
2026-05-16 13:56:07;0;-10;;;;0
2026-05-16 13:57:17;0;-10;;;;0
2026-05-16 13:58:22;0;-10;;;;0
2026-05-16 13:59:32;0;-10;;;;0
2026-05-16 14:00:47;0;-10;;;;0
2026-05-16 14:01:52;0;-10;;;;0
2026-05-16 14:03:02;0;-10;;;;0
2026-05-16 14:04:07;0;-10;;;;0
2026-05-16 14:05:17;0;-10;;;;0
2026-05-16 14:06:23;0;-10;;;;0
2026-05-16 14:07:32;0;-10;;;;0
2026-05-16 14:08:38;0;-10;;;;0
2026-05-16 14:09:48;0;-10;;;;0
2026-05-16 14:10:53;0;-10;;;;0
2026-05-16 14:12:03;0;-10;;;;0
2026-05-16 14:13:09;0;-10;;;;0
2026-05-16 14:14:18;0;-10;;;;0
2026-05-16 14:15:23;0;-10;;;;0
2026-05-16 14:16:33;0;-10;;;;0
2026-05-16 14:17:39;0;-10;;;;0
2026-05-16 14:18:48;0;-10;;;;0
2026-05-16 14:19:54;0;-10;;;;0
2026-05-16 14:21:03;0;-10;;;;0
2026-05-16 14:22:09;0;-10;;;;0
2026-05-16 14:23:18;0;-10;;;;0
2026-05-16 14:24:24;0;-10;;;;0
2026-05-16 14:25:34;0;-10;;;;0
2026-05-16 14:26:39;0;-10;;;;0
2026-05-16 14:27:49;0;-10;;;;0
2026-05-16 14:28:54;0;-10;;;;0
2026-05-16 14:30:09;0;-10;;;;0
2026-05-16 14:31:19;0;-10;;;;0
2026-05-16 14:32:25;0;-10;;;;0
2026-05-16 14:33:35;0;-10;;;;0
2026-05-16 14:34:40;0;-10;;;;0
2026-05-16 14:35:50;0;-10;;;;0
2026-05-16 14:36:56;0;-10;;;;0
2026-05-16 14:38:05;0;-10;;;;0
2026-05-16 14:39:10;0;-10;;;;0
2026-05-16 14:40:20;0;-10;;;;0
2026-05-16 14:41:25;0;-10;;;;0
2026-05-16 14:42:35;0;-10;;;;0
2026-05-16 14:43:40;0;-10;;;;0
2026-05-16 14:44:50;0;-10;;;;0
2026-05-16 14:45:55;0;-10;;;;0
2026-05-16 14:47:05;0;-10;;;;0
2026-05-16 14:48:11;0;-10;;;;0
2026-05-16 14:49:21;0;-10;;;;0
2026-05-16 14:50:26;0;-10;;;;0
2026-05-16 14:51:37;0;-10;;;;0
2026-05-16 14:52:42;0;-10;;;;0
2026-05-16 14:53:51;0;-10;;;;0
2026-05-16 14:54:56;0;-10;;;;0
2026-05-16 14:56:06;0;-10;;;;0
2026-05-16 14:57:12;0;-10;;;;0
2026-05-16 14:58:27;0;-10;;;;0
2026-05-16 14:59:37;0;-10;;;;0
2026-05-16 15:00:43;0;-10;;;;0
2026-05-16 15:01:53;0;-10;;;;0
2026-05-16 15:02:59;0;-10;;;;0
2026-05-16 15:04:07;0;-10;;;;0
2026-05-16 15:05:13;0;-10;;;;0
2026-05-16 15:06:23;0;-10;;;;0
2026-05-16 15:07:28;0;-10;;;;0
2026-05-16 15:08:38;0;-10;;;;0
2026-05-16 15:09:53;0;-10;;;;0
2026-05-16 15:10:59;0;-10;;;;0
2026-05-16 15:12:09;0;-10;;;;0
2026-05-16 15:13:15;0;-10;;;;0
2026-05-16 15:14:24;0;-10;;;;0
2026-05-16 15:15:31;0;-10;;;;0
2026-05-16 15:16:39;0;-10;;;;0
2026-05-16 15:17:45;0;-10;;;;0
2026-05-16 15:18:55;0;-10;;;;0
2026-05-16 15:20:00;0;-10;;;;0
2026-05-16 15:21:10;0;-10;;;;0
2026-05-16 15:22:15;0;-10;;;;0
2026-05-16 15:23:25;0;-10;;;;0
2026-05-16 15:24:30;0;-10;;;;0
2026-05-16 15:25:41;0;-10;;;;0
2026-05-16 15:26:46;0;-10;;;;0
2026-05-16 15:28:01;0;-10;;;;0
2026-05-16 15:29:11;0;-10;;;;0
2026-05-16 15:30:16;0;-10;;;;0
2026-05-16 15:31:26;0;-10;;;;0
2026-05-16 15:32:31;0;-10;;;;0
2026-05-16 15:33:41;0;-10;;;;0
2026-05-16 15:34:46;0;-10;;;;0
2026-05-16 15:35:56;0;-10;;;;0
2026-05-16 15:37:01;0;-10;;;;0
2026-05-16 15:38:11;0;-10;;;;0
2026-05-16 15:39:16;0;-10;;;;0
2026-05-16 15:40:32;0;-10;;;;0
2026-05-16 15:41:37;0;-10;;;;0
2026-05-16 15:42:48;0;-10;;;;0
2026-05-16 15:43:53;0;-10;;;;0
2026-05-16 15:45:04;0;-10;;;;0
2026-05-16 15:46:14;0;-10;;;;0
2026-05-16 15:47:20;0;-10;;;;0
2026-05-16 15:48:29;0;-10;;;;0
2026-05-16 15:49:34;0;-10;;;;0
2026-05-16 15:50:44;0;-10;;;;0
2026-05-16 15:51:49;0;-10;;;;0
2026-05-16 15:52:59;0;-10;;;;0
2026-05-16 15:54:05;0;-10;;;;0
2026-05-16 15:55:14;0;-10;;;;0
2026-05-16 15:56:20;0;-10;;;;0
2026-05-16 15:57:29;0;-10;;;;0
2026-05-16 15:58:36;0;-10;;;;0
2026-05-16 15:59:45;0;-10;;;;0
2026-05-16 16:00:50;0;-10;;;;0
2026-05-16 16:02:00;0;-10;;;;0
2026-05-16 16:03:05;0;-10;;;;0
2026-05-16 16:04:14;0;-10;;;;0
2026-05-16 16:05:20;0;-10;;;;0
2026-05-16 16:06:30;0;-10;;;;0
2026-05-16 16:07:35;0;-10;;;;0
2026-05-16 16:08:47;0;-10;;;;0
2026-05-16 16:09:53;0;-10;;;;0
2026-05-16 16:11:00;0;-10;;;;0
2026-05-16 16:12:05;0;-10;;;;0
2026-05-16 16:13:15;0;-10;;;;0
2026-05-16 16:14:21;0;-10;;;;0
2026-05-16 16:15:31;0;-10;;;;0
2026-05-16 16:16:46;0;-10;;;;0
2026-05-16 16:17:51;0;-10;;;;0
2026-05-16 16:19:01;0;-10;;;;0
2026-05-16 16:20:07;0;-10;;;;0
2026-05-16 16:21:16;0;-10;;;;0
2026-05-16 16:22:22;0;-10;;;;0
2026-05-16 16:23:31;0;-10;;;;0
2026-05-16 16:24:37;0;-10;;;;0
2026-05-16 16:25:47;0;-10;;;;0
2026-05-16 16:28:04;0;-10;;;;0
2026-05-16 16:29:09;0;-10;;;;0
2026-05-16 16:30:17;0;-10;;;;0
2026-05-16 16:31:22;0;-10;;;;0
2026-05-16 16:32:32;0;-10;;;;0
2026-05-16 16:33:38;0;-10;;;;0
2026-05-16 16:34:53;0;-10;;;;0
2026-05-16 16:36:09;0;-10;;;;0
2026-05-16 16:37:18;0;-10;;;;0
2026-05-16 16:38:24;0;-10;;;;0
2026-05-16 16:39:34;0;-10;;;;0
2026-05-16 16:40:39;0;-10;;;;0
2026-05-16 16:41:49;0;-10;;;;0
2026-05-16 16:42:54;0;-10;;;;0
2026-05-16 16:44:04;0;-10;;;;0
2026-05-16 16:45:10;0;-10;;;;0
2026-05-16 16:46:19;0;-10;;;;0
2026-05-16 16:47:25;0;-10;;;;0
2026-05-16 16:48:34;0;-10;;;;0
2026-05-16 16:49:40;0;-10;;;;0
2026-05-16 16:50:50;0;-10;;;;0
2026-05-16 16:51:55;0;-10;;;;0
2026-05-16 16:53:05;0;-10;;;;0
2026-05-16 16:54:10;0;-10;;;;0
2026-05-16 16:55:20;0;-10;;;;0
2026-05-16 16:56:26;0;-10;;;;0
2026-05-16 16:57:35;0;-10;;;;0
2026-05-16 16:58:41;0;-10;;;;0
2026-05-16 16:59:50;0;-10;;;;0
2026-05-16 17:00:56;0;-10;;;;0
2026-05-16 17:02:06;0;-10;;;;0
2026-05-16 17:03:11;0;-10;;;;0
2026-05-16 17:04:21;0;-10;;;;0
2026-05-16 17:05:26;0;-10;;;;0
2026-05-16 17:06:35;0;-10;;;;0
2026-05-16 17:07:41;0;-10;;;;0
2026-05-16 17:08:51;0;-10;;;;0
2026-05-16 17:09:57;0;-10;;;;0
2026-05-16 17:11:06;0;-10;;;;0
2026-05-16 17:12:11;0;-10;;;;0
2026-05-16 17:13:21;0;-10;;;;0
2026-05-16 17:14:27;0;-10;;;;0
2026-05-16 17:15:36;0;-10;;;;0
2026-05-16 17:16:52;0;-10;;;;0
2026-05-16 17:17:57;0;-10;;;;0
2026-05-16 17:19:06;0;-10;;;;0
2026-05-16 17:20:12;0;-10;;;;0
2026-05-16 17:21:22;0;-10;;;;0
2026-05-16 17:22:28;0;-10;;;;0
2026-05-16 17:23:36;0;-10;;;;0
2026-05-16 17:24:42;1.49;-10;;;;0
2026-05-16 17:25:51;0;-10;;;;0
2026-05-16 17:26:57;0;-10;;;;0
2026-05-16 17:28:07;0;-10;;;;0
2026-05-16 17:29:12;0;-10;;;;0
2026-05-16 17:30:22;0;-10;;;;0
2026-05-16 17:31:27;0;-10;;;;0
2026-05-16 17:32:37;0;-10;;;;0
2026-05-16 17:33:42;0;-10;;;;0
2026-05-16 17:34:52;0;-10;;;;0
2026-05-16 17:35:57;0;-10;;;;0
2026-05-16 17:37:08;0;-10;;;;0
2026-05-16 17:38:13;0;-10;;;;0
2026-05-16 17:39:28;0;-10;;;;0
2026-05-16 17:40:37;0;-10;;;;0
2026-05-16 17:41:43;0;-10;;;;0
2026-05-16 17:42:53;0;-10;;;;0
2026-05-16 17:44:08;0;-10;;;;0
2026-05-16 17:45:14;0;-10;;;;0
2026-05-16 17:46:23;0;-10;;;;0
2026-05-16 17:47:29;0;-10;;;;0
2026-05-16 17:48:38;0;-10;;;;0
2026-05-16 17:49:44;0;-10;;;;0
2026-05-16 17:50:55;0;-10;;;;0
2026-05-16 17:52:00;0;-10;;;;0
2026-05-16 17:53:09;0;-10;;;;0
2026-05-16 17:54:14;1.71;-10;;;;0
2026-05-16 17:55:24;0;-10;;;;0
2026-05-16 17:56:29;0;-10;;;;0
2026-05-16 17:57:39;0;-10;;;;0
2026-05-16 17:58:54;0;-10;;;;0
2026-05-16 17:59:59;0;-10;;;;0
2026-05-16 18:01:14;0;-10;;;;0
2026-05-16 18:02:24;0;-10;;;;0
2026-05-16 18:03:30;0;-10;;;;0
2026-05-16 18:04:37;0;-10;;;;0
2026-05-16 18:05:42;0;-10;;;;0
2026-05-16 18:06:48;0;-10;;;;0
2026-05-16 18:07:58;0;-10;;;;0
2026-05-16 18:09:13;0;-10;;;;0
2026-05-16 18:11:28;0;-10;;;;0
2026-05-16 18:12:33;0;-10;;;;0
2026-05-16 18:13:43;0;-10;;;;0
2026-05-16 18:14:48;0;-10;;;;0
2026-05-16 18:15:58;0;-10;;;;0
2026-05-16 18:17:04;0;-10;;;;0
2026-05-16 18:18:16;0;-10;;;;0
2026-05-16 18:19:22;0;-10;;;;0
2026-05-16 18:20:29;0;-10;;;;0
2026-05-16 18:22:44;0;-10;;;;0
2026-05-16 18:23:50;0;-10;;;;0
2026-05-16 18:25:00;0;-10;;;;0
2026-05-16 18:26:06;0;-10;;;;0
2026-05-16 18:27:14;0;-10;;;;0
2026-05-16 18:28:20;0;-10;;;;0
2026-05-16 18:29:34;0;-10;;;;0
2026-05-16 18:31:50;0;-10;;;;0
2026-05-16 18:33:00;0;-10;;;;0
2026-05-16 18:34:06;0;-10;;;;0
2026-05-16 18:36:21;0;-10;;;;0
2026-05-16 18:37:30;0;-10;;;;0
2026-05-16 18:38:36;0;-10;;;;0
2026-05-16 18:39:45;0;-10;;;;0
2026-05-16 18:40:51;0;-10;;;;0
2026-05-16 18:42:00;0;-10;;;;0
2026-05-16 18:43:06;0;-10;;;;0
2026-05-16 18:44:16;0;-10;;;;0
2026-05-16 18:45:21;0;-10;;;;0
2026-05-16 18:46:31;0;-10;;;;0
2026-05-16 18:47:36;0;-10;;;;0
2026-05-16 18:48:46;0;-10;;;;0
2026-05-16 18:49:51;0;-10;;;;0
2026-05-16 18:51:07;0;-10;;;;0
2026-05-16 18:52:18;0;-10;;;;0
2026-05-16 18:53:23;0;-10;;;;0
2026-05-16 18:54:33;0;-10;;;;0
2026-05-16 18:55:38;0;-10;;;;0
2026-05-16 18:56:48;0;-10;;;;0
2026-05-16 18:57:54;0;-10;;;;0
2026-05-16 18:59:03;0;-10;;;;0
2026-05-16 19:00:08;0;-10;;;;0
2026-05-16 19:01:18;0;-10;;;;0
2026-05-16 19:02:23;0;-10;;;;0
2026-05-16 19:03:33;0;-10;;;;0
2026-05-16 19:04:39;0;-10;;;;0
2026-05-16 19:05:48;0;-10;;;;0
2026-05-16 19:06:53;0;-10;;;;0
2026-05-16 19:08:03;0;-10;;;;0
2026-05-16 19:09:19;0;-10;;;;0
2026-05-16 19:10:24;0;-10;;;;0
2026-05-16 19:11:33;0;-10;;;;0
2026-05-16 19:12:39;0;-10;;;;0
2026-05-16 19:15:25;0;-10;;;;0
2026-05-16 19:16:36;0;-10;;;;0
2026-05-16 19:17:41;0;-10;;;;0
2026-05-16 19:18:51;6.39;10;;;;0
2026-05-16 19:19:57;19.52;10;;;;2
2026-05-16 19:21:08;20.0;10;;;;2
2026-05-16 19:22:14;19.33;10;;;;2
2026-05-16 19:23:23;19.48;10;;;;1
2026-05-16 19:24:29;19.82;10;;;;2
2026-05-16 19:25:42;20.8;10;;;;2
2026-05-16 19:26:49;19.96;10;;;;2
2026-05-16 19:27:56;20.32;10;;;;2
2026-05-16 19:29:02;20.43;10;;;;2
2026-05-16 19:30:12;20.43;10;;;;1
2026-05-16 19:31:18;20.19;10;;;;2
2026-05-16 19:32:29;20.37;10;;;;2
2026-05-16 19:33:36;20.16;10;;;;2
2026-05-16 19:34:45;20.06;10;;;;2
2026-05-16 19:35:51;19.57;10;;;;1
2026-05-16 19:37:01;20.03;10;;;;2
2026-05-16 19:38:06;20.61;10;;;;2
2026-05-16 19:39:17;19.16;10;;;;1
2026-05-16 19:40:23;19.0;10;;;;0
2026-05-16 19:41:34;19.02;10;;;;0
2026-05-16 19:42:40;19.22;10;;;;1
2026-05-16 19:43:49;18.87;10;;;;3
2026-05-16 19:44:55;18.8;10;;;;0
2026-05-16 19:46:05;19.41;10;;;;1
2026-05-16 19:47:11;19.12;10;;;;0
2026-05-16 19:48:22;19.41;10;;;;0
2026-05-16 19:49:38;19.96;10;;;;1
2026-05-16 19:50:54;20.24;10;;;;0
2026-05-16 19:52:00;19.72;10;;;;0
2026-05-16 19:53:06;19.1;10;;;;1
2026-05-16 19:54:16;19.39;10;;;;0
2026-05-16 19:55:22;19.03;10;;;;1
2026-05-16 19:56:43;19.31;10;;;;0
2026-05-16 19:57:50;19.37;10;;;;0
2026-05-16 19:58:59;18.48;10;;;;0
2026-05-16 19:59:59;;;;;19.03;
2026-05-16 20:00:05;19.17;10;;;;1
2026-05-16 20:01:15;19.12;10;;;;0
2026-05-16 20:02:22;18.87;10;;;;0
2026-05-16 20:03:31;18.66;10;;;;0
2026-05-16 20:04:42;19.17;10;;;;0
2026-05-16 20:05:53;19.16;10;;;;1
2026-05-16 20:07:05;19.98;10;;;;0
2026-05-16 20:08:11;18.99;10;;;;0
2026-05-16 20:09:21;18.7;10;;;;1
2026-05-16 20:10:27;18.59;10;;;;0
2026-05-16 20:11:36;18.71;10;;;;0
2026-05-16 20:14:03;18.88;10;;;;0
2026-05-16 20:15:13;18.74;10;;;;0
2026-05-16 20:16:19;18.45;10;;;;1
2026-05-16 20:17:30;18.65;10;;;;0
2026-05-16 20:18:36;18.85;10;;;;0
2026-05-16 20:19:46;18.58;10;;;;1
2026-05-16 20:20:52;18.83;10;;;;0
2026-05-16 20:22:02;18.76;10;;;;1
2026-05-16 20:23:08;18.8;10;;;;0
2026-05-16 20:24:19;18.69;10;;;;0
2026-05-16 20:25:25;18.68;10;;;;1
2026-05-16 20:26:35;18.07;10;;;;0
2026-05-16 20:27:41;19.05;10;;;;0
2026-05-16 20:28:51;18.79;10;;;;0
2026-05-16 20:29:57;18.15;10;;;;1
2026-05-16 20:31:07;18.77;10;;;;0
2026-05-16 20:32:13;17.9;10;;;;1
2026-05-16 20:33:23;19.07;10;;;;0
2026-05-16 20:34:29;18.18;10;;;;0
2026-05-16 20:35:35;17.77;10;;;;1
2026-05-16 20:36:45;17.7;10;;;;0
2026-05-16 20:37:56;18.28;10;;;;0
2026-05-16 20:39:02;18.12;10;;;;1
2026-05-16 20:40:13;18.03;10;;;;0
2026-05-16 20:41:19;17.92;10;;;;0
2026-05-16 20:42:24;17.9;10;;;;0
2026-05-16 20:43:36;17.84;10;;;;0
2026-05-16 20:44:41;18.69;10;;;;0
2026-05-16 20:47:16;18.29;10;;;;0
2026-05-16 20:48:24;17.82;10;;;;0
2026-05-16 20:49:36;18.92;10;;;;0
2026-05-16 20:50:46;20.29;10;;;;0
2026-05-16 20:51:52;19.38;10;;;;1
2026-05-16 20:53:03;18.12;10;;;;0
2026-05-16 20:54:09;18.73;10;;;;0
2026-05-16 20:55:19;18.41;10;;;;1
2026-05-16 20:56:24;18.6;10;;;;1
2026-05-16 20:57:34;18.49;10;;;;1
2026-05-16 20:58:41;18.49;10;;;;1
2026-05-16 20:59:51;18.24;10;;;;1
2026-05-16 21:00:57;18.54;10;;;;0
2026-05-16 21:02:07;18.97;10;;;;1
2026-05-16 21:03:14;20.72;10;;;;1
2026-05-16 21:04:24;23.03;10;;;;1
2026-05-16 21:05:30;22.91;10;;;;1
2026-05-16 21:06:39;18.97;10;;;;1
2026-05-16 21:07:45;19.18;10;;;;1
2026-05-16 21:08:55;17.98;10;;;;1
2026-05-16 21:10:16;18.07;10;;;;0
2026-05-16 21:11:26;18.22;10;;;;1
2026-05-16 21:12:33;18.16;10;;;;1
2026-05-16 21:13:43;18.47;10;;;;1
2026-05-16 21:14:48;18.39;10;;;;1
2026-05-16 21:15:54;18.6;10;;;;1
2026-05-16 21:17:05;18.57;10;;;;1
2026-05-16 21:18:11;18.33;10;;;;1
2026-05-16 21:19:18;18.24;10;;;;1
2026-05-16 21:20:24;18.27;10;;;;1
2026-05-16 21:21:35;18.65;10;;;;1
2026-05-16 21:22:41;19.04;10;;;;1
2026-05-16 21:23:51;18.57;10;;;;1
2026-05-16 21:24:57;18.25;10;;;;1
2026-05-16 21:26:03;18.52;10;;;;1
2026-05-16 21:27:10;18.06;10;;;;1
2026-05-16 21:28:17;18.0;10;;;;1
2026-05-16 21:29:26;17.78;10;;;;0
2026-05-16 21:30:31;18.67;10;;;;1
2026-05-16 21:31:42;18.69;10;;;;1
2026-05-16 21:32:47;35.68;-10;;;;5
2026-05-16 21:33:59;46.24;-10;;;;2
2026-05-16 21:35:05;61.79;-10;;;;4
2026-05-16 21:36:15;67.57;-10;;;;2
2026-05-16 21:37:21;80.41;-10;;;;3
2026-05-16 21:38:32;91.24;-10;;;;3
2026-05-16 21:39:38;72.92;-10;;;;3
2026-05-16 21:40:49;29.22;10;;;;4
2026-05-16 21:41:55;22.62;10;;;;3
2026-05-16 21:43:05;20.62;10;;;;2
2026-05-16 21:44:11;33.09;10;;;;2
2026-05-16 21:45:22;24.94;10;;;;4
2026-05-16 21:46:28;22.1;10;;;;7
2026-05-16 21:47:38;35.3;10;;;;7
2026-05-16 21:48:44;0;10;;;;5
2026-05-16 21:49:54;0;10;;;;0
2026-05-16 21:50:59;0;10;;;;0
2026-05-16 21:52:08;0;10;;;;0
2026-05-16 21:53:14;30.75;10;;;;0
2026-05-16 21:54:24;0;10;;;;0
2026-05-16 21:55:30;0;10;;;;0
2026-05-16 21:56:39;0;10;;;;0
2026-05-16 21:57:45;0;10;;;;0
2026-05-16 21:58:50;6.71;10;;;;0
2026-05-16 22:00:01;0;10;;;;0
2026-05-16 22:02:15;2.73;10;;;;0
2026-05-16 22:03:21;3.43;10;;;;0
2026-05-16 22:03:51;;;0;0;;
2026-05-16 22:04:32;13.97;10;;;;0
2026-05-16 22:05:42;0;10;;;;0
2026-05-16 22:06:47;0.92;10;;;;0
2026-05-16 22:07:58;0;10;;;;0
2026-05-16 22:09:03;0.44;10;;;;0
2026-05-16 22:10:15;0;10;;;;0
2026-05-16 22:11:20;0;10;;;;0
2026-05-16 22:12:28;0;10;;;;0
2026-05-16 22:13:33;0;10;;;;0
2026-05-16 22:14:44;0;10;;;;0
2026-05-16 22:15:50;0;10;;;;0
2026-05-16 22:16:58;0;10;;;;0
2026-05-16 22:18:04;0;10;;;;0
2026-05-16 22:19:13;0;10;;;;0
2026-05-16 22:20:19;0;10;;;;0
2026-05-16 22:21:28;0;10;;;;0
2026-05-16 22:22:44;0;10;;;;0
2026-05-16 22:23:49;0;10;;;;0
2026-05-16 22:24:59;0;10;;;;0
2026-05-16 22:26:06;0;10;;;;0
2026-05-16 22:27:14;0;10;;;;0
2026-05-16 22:28:20;0;10;;;;0
2026-05-16 22:29:29;0;10;;;;0
2026-05-16 22:30:35;0;10;;;;0
2026-05-16 22:31:45;0;10;;;;0
2026-05-16 22:32:51;0;10;;;;0
2026-05-16 22:34:00;0;10;;;;0
2026-05-16 22:35:07;0;10;;;;0
2026-05-16 22:36:15;0;10;;;;0
2026-05-16 22:37:21;0;10;;;;0
2026-05-16 22:38:31;0;10;;;;0
2026-05-16 22:39:36;0;10;;;;0
2026-05-16 22:40:45;0;10;;;;0
2026-05-16 22:41:51;0;10;;;;0
2026-05-16 22:43:00;0;10;;;;0
2026-05-16 22:44:06;0;10;;;;0
2026-05-16 22:45:15;0;10;;;;0
2026-05-16 22:46:22;0;10;;;;0
2026-05-16 22:47:30;0;10;;;;0
2026-05-16 22:48:36;0;10;;;;0
2026-05-16 22:49:45;0;10;;;;0
2026-05-16 22:50:51;0;10;;;;0
2026-05-16 22:52:02;0;10;;;;0
2026-05-16 22:53:07;0;10;;;;0
2026-05-16 22:54:16;0;10;;;;0
2026-05-16 22:55:24;0;10;;;;0
2026-05-16 22:56:32;0;10;;;;0
2026-05-16 22:57:39;0;10;;;;0
2026-05-16 22:58:47;0;10;;;;0
2026-05-16 22:59:53;0;10;;;;0
2026-05-16 23:01:08;0;10;;;;0
2026-05-16 23:02:17;0;10;;;;0
2026-05-16 23:03:22;0;10;;;;0
2026-05-16 23:04:32;0;10;;;;0
2026-05-16 23:05:37;0;10;;;;0
2026-05-16 23:06:48;0;10;;;;0
2026-05-16 23:07:54;0;10;;;;0
2026-05-16 23:09:03;0;10;;;;0
2026-05-16 23:10:09;0;10;;;;0
2026-05-16 23:11:17;0;10;;;;0
2026-05-16 23:12:23;0;10;;;;0
2026-05-16 23:13:33;0;10;;;;0
2026-05-16 23:14:38;0;10;;;;0
2026-05-16 23:15:48;0;10;;;;0
2026-05-16 23:17:03;0;10;;;;0
2026-05-16 23:18:08;0;10;;;;0
2026-05-16 23:19:18;0.95;10;;;;0
2026-05-16 23:20:23;0;10;;;;0
2026-05-16 23:21:33;0;10;;;;0
2026-05-16 23:22:39;0;10;;;;0
2026-05-16 23:23:54;0;10;;;;0
2026-05-16 23:25:04;0;10;;;;0
2026-05-16 23:26:09;0;10;;;;0
2026-05-16 23:27:19;0;10;;;;0
2026-05-16 23:28:34;0;10;;;;0
2026-05-16 23:29:40;0;10;;;;0
2026-05-16 23:30:50;0;10;;;;0
2026-05-16 23:31:55;0.58;10;;;;0
2026-05-16 23:33:10;0;10;;;;0
2026-05-16 23:34:20;0;10;;;;0
2026-05-16 23:35:35;0;10;;;;0
2026-05-16 23:36:41;0;10;;;;0
2026-05-16 23:37:50;0;10;;;;0
2026-05-16 23:38:55;0;10;;;;0
2026-05-16 23:40:06;0;10;;;;0
2026-05-16 23:41:12;0;10;;;;0
2026-05-16 23:42:20;0;10;;;;0
2026-05-16 23:43:26;0;10;;;;0
2026-05-16 23:44:35;0;10;;;;0
2026-05-16 23:45:41;0;10;;;;0
2026-05-16 23:46:51;0;10;;;;0
2026-05-16 23:47:56;0;10;;;;0
2026-05-16 23:49:06;0;10;;;;0
2026-05-16 23:50:11;0;10;;;;0
2026-05-16 23:51:21;0;10;;;;0
2026-05-16 23:52:26;0;10;;;;0
2026-05-16 23:53:36;0;10;;;;0
2026-05-16 23:54:42;0;10;;;;0
2026-05-16 23:55:52;0;10;;;;0
2026-05-16 23:56:57;0;10;;;;0
2026-05-16 23:58:12;0;10;;;;0
2026-05-16 23:59:22;0;10;;;;0
2026-05-17 00:00:37;0;10;;;;0
2026-05-17 00:01:43;0;10;;;;0
2026-05-17 00:02:52;0;10;;;;0
2026-05-17 00:03:58;0;10;;;;0
2026-05-17 00:05:03;0;10;;;;0
2026-05-17 00:06:14;0.88;10;;;;0
2026-05-17 00:07:24;0;10;;;;0
2026-05-17 00:08:29;0;10;;;;0
2026-05-17 00:09:39;0;10;;;;0
2026-05-17 00:10:45;0;10;;;;0
2026-05-17 00:11:54;0;10;;;;0
2026-05-17 00:13:00;0;10;;;;0
2026-05-17 00:14:10;0;10;;;;0
2026-05-17 00:15:15;0;10;;;;0
2026-05-17 00:16:25;0;10;;;;0
2026-05-17 00:17:30;0;10;;;;0
2026-05-17 00:18:40;0;10;;;;0
2026-05-17 00:19:45;0.94;10;;;;0
2026-05-17 00:20:55;1.95;10;;;;0
2026-05-17 00:22:00;5.25;10;;;;2
2026-05-17 00:23:10;8.33;10;;;;1
2026-05-17 00:24:16;11.06;10;;;;1
2026-05-17 00:25:26;14.61;10;;;;1
2026-05-17 00:26:32;17.92;10;;;;1
2026-05-17 00:27:38;18.76;10;;;;1
2026-05-17 00:28:48;18.66;10;;;;1
2026-05-17 00:30:04;18.42;10;;;;1
2026-05-17 00:31:11;18.5;10;;;;0
2026-05-17 00:32:21;18.33;10;;;;1
2026-05-17 00:33:27;18.14;10;;;;1
2026-05-17 00:34:43;18.11;10;;;;1
2026-05-17 00:35:54;18.03;10;;;;0
2026-05-17 00:37:00;18.13;10;;;;1
2026-05-17 00:38:10;17.96;10;;;;0
2026-05-17 00:39:16;17.83;10;;;;1
2026-05-17 00:40:27;17.79;10;;;;0
2026-05-17 00:41:32;17.64;10;;;;1
2026-05-17 00:42:39;18.29;10;;;;0
2026-05-17 00:43:45;36.13;-10;;;;3
2026-05-17 00:44:56;66.57;10;;;;3
2026-05-17 00:46:02;28.46;10;;;;3
2026-05-17 00:47:12;17.81;10;;;;2
2026-05-17 00:48:18;17.34;10;;;;2
2026-05-17 00:49:28;17.51;10;;;;0
2026-05-17 00:50:34;17.66;10;;;;1
2026-05-17 00:51:45;18.39;10;;;;0
2026-05-17 00:52:51;18.26;10;;;;1
2026-05-17 00:54:00;17.51;10;;;;0
2026-05-17 00:55:06;17.39;10;;;;1
2026-05-17 00:56:17;17.38;10;;;;0
2026-05-17 00:57:23;17.36;10;;;;1
2026-05-17 00:58:33;17.38;10;;;;0
2026-05-17 00:59:39;17.36;10;;;;1
2026-05-17 01:00:49;17.51;10;;;;0
2026-05-17 01:01:55;17.47;10;;;;1
2026-05-17 01:03:11;17.46;10;;;;0
2026-05-17 01:03:11;;;;;17.43;
2026-05-17 01:04:22;17.28;10;;;;1
2026-05-17 01:05:28;17.26;10;;;;0
2026-05-17 01:06:39;18.39;10;;;;1
2026-05-17 01:07:45;17.89;10;;;;0
2026-05-17 01:08:54;17.45;10;;;;1
2026-05-17 01:10:00;17.39;10;;;;1
2026-05-17 01:11:06;17.25;10;;;;0
2026-05-17 01:12:17;17.4;10;;;;1
2026-05-17 01:13:23;17.43;10;;;;0
2026-05-17 01:14:33;17.5;10;;;;1
2026-05-17 01:15:39;18.24;10;;;;0
2026-05-17 01:16:50;17.9;10;;;;1
2026-05-17 01:18:01;19.1;10;;;;0
2026-05-17 01:19:07;18.16;10;;;;1
2026-05-17 01:20:17;17.99;10;;;;1
2026-05-17 01:21:24;17.79;10;;;;0
2026-05-17 01:22:33;17.56;10;;;;1
2026-05-17 01:23:39;17.48;10;;;;0
2026-05-17 01:24:49;17.54;10;;;;1
2026-05-17 01:25:55;17.39;10;;;;0
2026-05-17 01:27:05;17.36;10;;;;1
2026-05-17 01:28:11;18.32;10;;;;0
2026-05-17 01:29:21;17.51;10;;;;1
2026-05-17 01:30:27;17.22;10;;;;0
2026-05-17 01:31:38;17.27;10;;;;0
2026-05-17 01:32:44;17.27;10;;;;0
2026-05-17 01:33:55;17.42;10;;;;1
2026-05-17 01:35:11;17.33;10;;;;0
2026-05-17 01:36:16;17.25;10;;;;1
2026-05-17 01:37:26;16.94;10;;;;1
2026-05-17 01:38:32;17.29;10;;;;2
2026-05-17 01:39:43;63.61;-10;;;;5
2026-05-17 01:40:49;66.18;-10;;;;1
2026-05-17 01:41:59;37.33;-10;;;;0
2026-05-17 01:43:05;106.92;-10;;;;2
2026-05-17 01:44:16;91.97;-10;;;;2
2026-05-17 01:45:23;100.97;-10;;;;2
2026-05-17 01:46:29;102.17;-10;;;;2
2026-05-17 01:47:39;108.58;-10;;;;2
2026-05-17 01:48:45;114.32;-10;;;;1
2026-05-17 01:49:56;117.51;-10;;;;2
2026-05-17 01:51:03;98.41;-10;;;;2
2026-05-17 01:52:13;68.0;-10;;;;2
2026-05-17 01:53:19;38.83;-10;;;;3
2026-05-17 01:54:35;20.61;10;;;;2
2026-05-17 01:55:41;26.55;-10;;;;5
2026-05-17 01:56:51;28.34;10;;;;8
2026-05-17 01:57:57;23.23;-10;;;;7
2026-05-17 01:59:08;0;-10;;;;1
2026-05-17 02:00:18;0;-10;;;;0
2026-05-17 02:01:24;0;-10;;;;0
2026-05-17 02:02:39;0;-10;;;;0
2026-05-17 02:03:49;0;-10;;;;0
2026-05-17 02:04:55;0;-10;;;;0
2026-05-17 02:06:05;0;-10;;;;0
2026-05-17 02:07:10;0;-10;;;;0
2026-05-17 02:07:56;;;0;0;;
2026-05-17 02:08:26;0;-10;;;;0
2026-05-17 02:09:35;0;-10;;;;0
2026-05-17 02:10:41;0;-10;;;;0
2026-05-17 02:11:51;0;-10;;;;0
2026-05-17 02:12:56;0;-10;;;;0
2026-05-17 02:14:06;0;-10;;;;0
2026-05-17 02:15:11;0;-10;;;;0
2026-05-17 02:16:21;0;-10;;;;0
2026-05-17 02:17:26;0;-10;;;;0
2026-05-17 02:18:36;0;-10;;;;0
2026-05-17 02:19:42;0;-10;;;;0
2026-05-17 02:20:57;0;-10;;;;0
2026-05-17 02:22:07;0;-10;;;;0
2026-05-17 02:23:13;0;-10;;;;0
2026-05-17 02:24:23;0;-10;;;;0
2026-05-17 02:25:28;0;-10;;;;0
2026-05-17 02:26:38;0;-10;;;;0
2026-05-17 02:27:43;0;-10;;;;0
2026-05-17 02:28:59;0;-10;;;;0
2026-05-17 02:30:08;0;-10;;;;0
2026-05-17 02:31:14;0;-10;;;;0
2026-05-17 02:32:23;0.99;-10;;;;0
2026-05-17 02:33:29;0;-10;;;;0
2026-05-17 02:34:39;0;-10;;;;0
2026-05-17 02:35:44;0;-10;;;;0
2026-05-17 02:36:54;0;-10;;;;0
2026-05-17 02:37:59;0;-10;;;;0
2026-05-17 02:39:10;0;-10;;;;0
2026-05-17 02:40:15;0;-10;;;;0
2026-05-17 02:41:25;0;-10;;;;0
2026-05-17 02:42:31;0;-10;;;;0
2026-05-17 02:43:40;1.05;-10;;;;0
2026-05-17 02:44:45;0;-10;;;;0
2026-05-17 02:45:56;1.55;-10;;;;0
2026-05-17 02:47:03;0;-10;;;;0
2026-05-17 02:48:11;0;-10;;;;0
2026-05-17 02:49:17;0;-10;;;;0
2026-05-17 02:50:26;1.83;-10;;;;0
2026-05-17 02:51:31;0;-10;;;;0
2026-05-17 02:52:41;0;-10;;;;0
2026-05-17 02:53:46;2.93;10;;;;1
2026-05-17 02:54:57;17.94;10;;;;1
2026-05-17 02:56:02;22.76;10;;;;1
2026-05-17 02:57:08;19.93;10;;;;2
2026-05-17 02:58:15;19.55;10;;;;1
2026-05-17 02:59:21;19.39;10;;;;1
2026-05-17 03:00:27;19.47;10;;;;1
2026-05-17 03:01:38;18.96;10;;;;1
2026-05-17 03:02:43;18.55;10;;;;1
2026-05-17 03:03:50;18.73;10;;;;2
2026-05-17 03:04:56;18.78;10;;;;1
2026-05-17 03:06:02;18.53;10;;;;1
2026-05-17 03:07:14;19.21;10;;;;2
2026-05-17 03:08:25;21.07;10;;;;4
2026-05-17 03:09:31;18.92;10;;;;1
2026-05-17 03:10:37;18.46;10;;;;1
2026-05-17 03:11:52;18.87;10;;;;1
2026-05-17 03:13:00;18.45;10;;;;1
2026-05-17 03:14:06;18.39;10;;;;1
2026-05-17 03:15:16;18.37;10;;;;1
2026-05-17 03:16:21;18.32;10;;;;1
2026-05-17 03:17:32;18.43;10;;;;1
2026-05-17 03:18:38;18.41;10;;;;1
2026-05-17 03:19:53;18.26;10;;;;1
2026-05-17 03:20:59;18.22;10;;;;1
2026-05-17 03:22:09;18.11;10;;;;1
2026-05-17 03:23:15;18.11;10;;;;1
2026-05-17 03:24:26;18.96;10;;;;1
2026-05-17 03:25:32;19.14;10;;;;0
2026-05-17 03:26:42;18.12;10;;;;1
2026-05-17 03:27:53;17.87;10;;;;1
2026-05-17 03:28:59;17.81;10;;;;1
2026-05-17 03:30:09;18.01;10;;;;1
2026-05-17 03:31:15;18.54;10;;;;1
2026-05-17 03:32:26;18.31;10;;;;1
2026-05-17 03:33:31;18.07;10;;;;1
2026-05-17 03:34:37;18.1;10;;;;1
2026-05-17 03:35:02;;;;;18.28;
2026-05-17 03:35:48;18.1;10;;;;1
2026-05-17 03:36:54;18.16;10;;;;1
2026-05-17 03:38:00;18.07;10;;;;1
2026-05-17 03:39:06;18.2;10;;;;1
2026-05-17 03:40:16;18.58;10;;;;1
2026-05-17 03:41:22;18.73;10;;;;1
2026-05-17 03:42:33;18.91;10;;;;1
2026-05-17 03:43:38;19.1;10;;;;1
2026-05-17 03:44:48;19.31;10;;;;1
2026-05-17 03:45:54;18.6;10;;;;1
2026-05-17 03:47:00;18.22;10;;;;1
2026-05-17 03:48:10;18.19;10;;;;1
2026-05-17 03:49:20;18.47;10;;;;0
2026-05-17 03:50:26;18.29;10;;;;1
2026-05-17 03:51:37;18.33;10;;;;1
2026-05-17 03:52:43;18.21;10;;;;1
2026-05-17 03:53:49;18.14;10;;;;1
2026-05-17 03:54:59;18.32;10;;;;1
2026-05-17 03:56:10;18.41;10;;;;1
2026-05-17 03:57:16;18.28;10;;;;1
2026-05-17 03:58:26;18.37;10;;;;1
2026-05-17 03:59:32;18.44;10;;;;1
2026-05-17 04:00:42;18.32;10;;;;1
2026-05-17 04:01:48;18.38;10;;;;1
2026-05-17 04:02:58;18.26;10;;;;1
2026-05-17 04:04:04;18.11;10;;;;1
2026-05-17 04:05:14;18.11;10;;;;1
2026-05-17 04:06:20;79.86;-10;;;;1
2026-05-17 04:07:31;83.18;-10;;;;7
2026-05-17 04:08:36;86.67;-10;;;;4
2026-05-17 04:09:47;97.52;-10;;;;3
2026-05-17 04:10:53;103.3;-10;;;;4
2026-05-17 04:12:04;86.95;-10;;;;3
2026-05-17 04:13:11;37.63;-10;;;;4
2026-05-17 04:14:20;0;-10;;;;4
2026-05-17 04:15:26;0;-10;;;;1
2026-05-17 04:16:31;0.96;-10;;;;0
2026-05-17 04:17:37;3.59;-10;;;;0
2026-05-17 04:18:42;3.17;-10;;;;0
2026-05-17 04:19:52;2.92;-10;;;;0
2026-05-17 04:20:22;;;0;0;;
2026-05-17 04:20:57;3.18;-10;;;;0
2026-05-17 04:22:08;1.78;-10;;;;0
2026-05-17 04:23:13;0;-10;;;;0
2026-05-17 04:24:28;0.29;-10;;;;0
2026-05-17 04:25:38;0;-10;;;;0
2026-05-17 04:26:43;0;-10;;;;0
2026-05-17 04:27:53;0;-10;;;;0
2026-05-17 04:28:58;0;-10;;;;0
2026-05-17 04:30:08;0;-10;;;;0
2026-05-17 04:31:14;0;-10;;;;0
2026-05-17 04:32:23;0;-10;;;;0
2026-05-17 04:33:29;0;-10;;;;0
2026-05-17 04:34:39;0;-10;;;;0
2026-05-17 04:35:44;0.4;-10;;;;0
2026-05-17 04:36:54;0;-10;;;;0
2026-05-17 04:37:59;0;-10;;;;0
2026-05-17 04:39:09;1.49;-10;;;;0
2026-05-17 04:40:15;0;-10;;;;0
2026-05-17 04:41:24;0;-10;;;;0
2026-05-17 04:42:30;6.08;-10;;;;0
2026-05-17 04:43:40;0;-10;;;;0
2026-05-17 04:44:46;20.99;-10;;;;0
2026-05-17 04:45:56;20.94;-10;;;;0
2026-05-17 04:47:02;15.45;-10;;;;1
2026-05-17 04:48:12;27.55;-10;;;;5
2026-05-17 04:49:18;0;-10;;;;8
2026-05-17 04:50:28;0;-10;;;;0
2026-05-17 04:51:33;0;-10;;;;0
2026-05-17 04:52:43;0;-10;;;;0
2026-05-17 04:53:48;0;-10;;;;0
2026-05-17 04:54:58;0;-10;;;;0
2026-05-17 04:56:04;0;-10;;;;0
2026-05-17 04:57:13;0;-10;;;;0
2026-05-17 04:58:19;0;-10;;;;0
2026-05-17 04:59:28;0;-10;;;;0
2026-05-17 05:00:34;0;-10;;;;0
2026-05-17 05:01:44;0;-10;;;;0
2026-05-17 05:02:49;0;-10;;;;0
2026-05-17 05:03:59;0;-10;;;;0
2026-05-17 05:05:05;0;-10;;;;0
2026-05-17 05:06:14;0;-10;;;;0
2026-05-17 05:07:20;0;-10;;;;0
2026-05-17 05:08:29;0;-10;;;;0
2026-05-17 05:09:35;18.87;10;;;;0
2026-05-17 05:10:46;19.58;10;;;;1
2026-05-17 05:11:52;20.14;10;;;;1
2026-05-17 05:13:02;20.1;10;;;;1
2026-05-17 05:14:08;19.42;10;;;;1
2026-05-17 05:15:14;19.42;10;;;;2
2026-05-17 05:16:25;19.58;10;;;;1
2026-05-17 05:17:36;19.13;10;;;;1
2026-05-17 05:18:41;18.87;10;;;;2
2026-05-17 05:19:47;18.61;10;;;;1
2026-05-17 05:20:58;18.74;10;;;;1
2026-05-17 05:22:09;18.65;10;;;;1
2026-05-17 05:23:15;18.6;10;;;;1
2026-05-17 05:24:30;18.59;10;;;;1
2026-05-17 05:25:36;18.73;10;;;;1
2026-05-17 05:26:43;18.59;10;;;;1
2026-05-17 05:27:54;18.54;10;;;;1
2026-05-17 05:29:04;18.49;10;;;;1
2026-05-17 05:30:10;18.58;10;;;;1
2026-05-17 05:31:22;18.54;10;;;;0
2026-05-17 05:32:33;18.42;10;;;;1
2026-05-17 05:33:39;18.45;10;;;;0
2026-05-17 05:34:44;18.49;10;;;;1
2026-05-17 05:35:56;18.47;10;;;;1
2026-05-17 05:37:07;18.62;10;;;;0
2026-05-17 05:38:13;18.99;10;;;;1
2026-05-17 05:39:23;19.79;10;;;;0
2026-05-17 05:40:29;19.08;10;;;;1
2026-05-17 05:41:39;18.28;10;;;;1
2026-05-17 05:42:45;18.72;10;;;;0
2026-05-17 05:43:55;18.46;10;;;;0
2026-05-17 05:45:01;18.43;10;;;;1
2026-05-17 05:46:11;18.32;10;;;;0
2026-05-17 05:47:17;18.7;10;;;;0
2026-05-17 05:48:28;18.26;10;;;;1
2026-05-17 05:49:34;18.45;10;;;;0
2026-05-17 05:50:35;;;;;18.59;
2026-05-17 05:50:43;18.87;10;;;;1
2026-05-17 05:51:49;19.79;10;;;;0
2026-05-17 05:53:05;19.0;10;;;;1
2026-05-17 05:54:20;18.39;10;;;;0
2026-05-17 05:55:26;19.52;10;;;;0
2026-05-17 05:56:41;18.76;10;;;;1
2026-05-17 05:57:52;18.74;10;;;;0
2026-05-17 05:58:58;19.04;10;;;;0
2026-05-17 06:00:08;19.59;10;;;;0
2026-05-17 06:01:14;18.95;10;;;;1
2026-05-17 06:02:24;18.39;10;;;;0
2026-05-17 06:03:30;18.66;10;;;;0
2026-05-17 06:04:40;18.69;10;;;;1
2026-05-17 06:05:56;18.81;10;;;;0
2026-05-17 06:07:01;19.61;10;;;;0
2026-05-17 06:08:13;18.32;10;;;;1
2026-05-17 06:09:19;18.24;10;;;;0
2026-05-17 06:10:29;18.23;10;;;;1
2026-05-17 06:11:35;18.38;10;;;;0
2026-05-17 06:12:45;18.65;10;;;;0
2026-05-17 06:13:51;18.65;10;;;;1
2026-05-17 06:15:01;18.84;10;;;;0
2026-05-17 06:16:07;18.55;10;;;;0
2026-05-17 06:17:12;18.02;10;;;;1
2026-05-17 06:18:23;18.17;10;;;;0
2026-05-17 06:19:34;19.16;10;;;;0
2026-05-17 06:20:40;19.25;10;;;;1
2026-05-17 06:21:45;19.77;10;;;;0
2026-05-17 06:22:56;19.39;10;;;;1
2026-05-17 06:24:07;18.41;10;;;;0
2026-05-17 06:25:13;18.26;10;;;;0
2026-05-17 06:26:23;18.19;10;;;;1
2026-05-17 06:27:28;18.14;10;;;;0
2026-05-17 06:28:39;18.12;10;;;;0
2026-05-17 06:29:45;18.2;10;;;;0
2026-05-17 06:30:55;18.1;10;;;;1
2026-05-17 06:32:01;18.17;10;;;;0
2026-05-17 06:33:11;18.11;10;;;;0
2026-05-17 06:34:17;18.01;10;;;;1
2026-05-17 06:35:27;18.05;10;;;;0
2026-05-17 06:36:33;18.01;10;;;;0
2026-05-17 06:37:39;17.97;10;;;;1
2026-05-17 06:38:50;18.08;10;;;;0
2026-05-17 06:40:01;17.94;10;;;;1
2026-05-17 06:41:07;17.96;10;;;;0
2026-05-17 06:42:18;17.78;10;;;;0
2026-05-17 06:43:25;17.83;10;;;;1
2026-05-17 06:44:34;17.84;10;;;;0
2026-05-17 06:45:39;18.93;10;;;;0
2026-05-17 06:46:50;20.71;10;;;;1
2026-05-17 06:47:56;18.63;10;;;;0
2026-05-17 06:49:11;18.56;10;;;;1
2026-05-17 06:50:17;17.97;10;;;;0
2026-05-17 06:51:28;17.96;10;;;;0
2026-05-17 06:52:39;17.89;10;;;;1
2026-05-17 06:53:45;17.91;10;;;;0
2026-05-17 06:54:55;18.04;10;;;;0
2026-05-17 06:56:01;18.02;10;;;;1
2026-05-17 06:58:25;18.07;10;;;;0
2026-05-17 06:59:31;18.23;10;;;;1
2026-05-17 07:00:38;18.16;10;;;;0
2026-05-17 07:01:44;17.99;10;;;;0
2026-05-17 07:03:59;18.04;10;;;;0
2026-05-17 07:05:05;18.11;10;;;;0
2026-05-17 07:06:12;18.02;10;;;;1
2026-05-17 07:07:17;18.1;10;;;;0
2026-05-17 07:08:27;18.07;10;;;;0
2026-05-17 07:09:33;17.92;10;;;;1
2026-05-17 07:10:49;17.99;10;;;;0
2026-05-17 07:11:55;17.97;10;;;;0
2026-05-17 07:13:06;18.07;10;;;;1
2026-05-17 07:14:17;18.04;10;;;;0
2026-05-17 07:15:23;17.92;10;;;;0
2026-05-17 07:16:38;17.87;10;;;;1
2026-05-17 07:17:48;17.76;10;;;;0
2026-05-17 07:18:54;17.76;10;;;;0
2026-05-17 07:20:05;17.78;10;;;;0
2026-05-17 07:21:11;17.77;10;;;;0
2026-05-17 07:22:20;17.65;10;;;;0
2026-05-17 07:23:26;17.63;10;;;;1
2026-05-17 07:24:32;17.85;10;;;;0
2026-05-17 07:25:43;17.39;10;;;;0
2026-05-17 07:26:49;17.35;10;;;;1
2026-05-17 07:27:56;69.0;-10;;;;0
2026-05-17 07:29:02;90.64;-10;;;;3
2026-05-17 07:30:12;45.56;-10;;;;1
2026-05-17 07:31:19;66.08;-10;;;;2
2026-05-17 07:32:29;84.15;-10;;;;3
2026-05-17 07:33:35;35.77;-10;;;;1
2026-05-17 07:34:46;18.45;10;;;;2
2026-05-17 07:35:52;19.67;10;;;;6
2026-05-17 07:37:02;18.15;10;;;;3
2026-05-17 07:38:08;18.47;10;;;;3
2026-05-17 07:39:19;46.24;-10;;;;3
2026-05-17 07:40:25;81.22;-10;;;;4
2026-05-17 07:41:36;87.65;-10;;;;3
2026-05-17 07:42:42;71.69;-10;;;;3
2026-05-17 07:43:52;28.53;10;;;;4
2026-05-17 07:44:59;26.8;10;;;;3
2026-05-17 07:46:09;37.31;-10;;;;3
2026-05-17 07:47:14;33.27;10;;;;8
2026-05-17 07:48:26;25.05;-10;;;;7
2026-05-17 07:49:32;0;-10;;;;6
2026-05-17 07:50:42;0;-10;;;;3
2026-05-17 07:51:47;0;-10;;;;0
2026-05-17 07:52:57;0;-10;;;;0
2026-05-17 07:54:03;0;-10;;;;0
2026-05-17 07:55:12;0;-10;;;;0
2026-05-17 07:56:18;0;-10;;;;0
2026-05-17 07:57:36;0;-10;;;;0
2026-05-17 07:58:33;;;0;0;;
2026-05-17 07:58:52;0;-10;;;;0
2026-05-17 08:00:02;0;-10;;;;0
2026-05-17 08:01:07;0;-10;;;;0
2026-05-17 08:02:18;0;-10;;;;0
2026-05-17 08:03:23;0;-10;;;;0
2026-05-17 08:04:33;0;-10;;;;0
2026-05-17 08:05:38;0;-10;;;;0
2026-05-17 08:06:48;0;-10;;;;0
2026-05-17 08:07:53;0;-10;;;;0
2026-05-17 08:09:03;0;-10;;;;0
2026-05-17 08:10:09;0;-10;;;;0
2026-05-17 08:11:18;18.65;-10;;;;0
2026-05-17 08:12:24;0;-10;;;;0
2026-05-17 08:13:33;17.43;-10;;;;0
2026-05-17 08:14:39;0;-10;;;;0
2026-05-17 08:15:48;0;-10;;;;0
2026-05-17 08:16:54;0;-10;;;;0
2026-05-17 08:18:04;0;-10;;;;0
2026-05-17 08:19:09;0;-10;;;;0
2026-05-17 08:20:18;0;-10;;;;0
2026-05-17 08:21:24;0;-10;;;;0
2026-05-17 08:22:34;0;-10;;;;0
2026-05-17 08:23:40;0;-10;;;;0
2026-05-17 08:24:49;0;-10;;;;0
2026-05-17 08:26:04;0;-10;;;;0
2026-05-17 08:27:10;0;-10;;;;0
2026-05-17 08:28:19;0;-10;;;;0
2026-05-17 08:29:25;0;-10;;;;0
2026-05-17 08:30:35;0;-10;;;;0
2026-05-17 08:31:40;0;-10;;;;0
2026-05-17 08:32:50;0;-10;;;;0
2026-05-17 08:33:55;0;-10;;;;0
2026-05-17 08:35:05;0;-10;;;;0
2026-05-17 08:36:10;0;-10;;;;0
2026-05-17 08:37:25;0;-10;;;;0
2026-05-17 08:38:35;0;-10;;;;0
2026-05-17 08:39:41;0;-10;;;;0
2026-05-17 08:40:51;0;-10;;;;0
2026-05-17 08:41:56;0;-10;;;;0
2026-05-17 08:43:06;0;-10;;;;0
2026-05-17 08:44:11;0;-10;;;;0
2026-05-17 08:45:21;0;-10;;;;0
2026-05-17 08:46:27;0;-10;;;;0
2026-05-17 08:47:36;0;-10;;;;0
2026-05-17 08:48:42;0;-10;;;;0
2026-05-17 08:49:51;0;-10;;;;0
2026-05-17 08:50:57;0;-10;;;;0
2026-05-17 08:52:07;0;-10;;;;0
2026-05-17 08:53:12;0;-10;;;;0
2026-05-17 08:54:22;0;-10;;;;0
2026-05-17 08:55:27;0;-10;;;;0
2026-05-17 08:56:37;0;-10;;;;0
2026-05-17 08:57:42;0;-10;;;;0
2026-05-17 08:58:52;0;-10;;;;0
2026-05-17 08:59:57;0;-10;;;;0
2026-05-17 09:01:07;1.09;-10;;;;0
2026-05-17 09:02:12;0;-10;;;;0
2026-05-17 09:03:22;0;-10;;;;0
2026-05-17 09:04:27;0;-10;;;;0
2026-05-17 09:05:42;0;-10;;;;0
2026-05-17 09:06:52;0;-10;;;;0
2026-05-17 09:07:58;0;-10;;;;0
2026-05-17 09:09:13;0;-10;;;;0
2026-05-17 09:10:23;0;-10;;;;0
2026-05-17 09:11:28;0;-10;;;;0
2026-05-17 09:12:38;0;-10;;;;0
2026-05-17 09:13:44;0;-10;;;;0
2026-05-17 09:14:59;0;-10;;;;0
2026-05-17 09:16:10;0;-10;;;;0
2026-05-17 09:17:15;0;-10;;;;0
2026-05-17 09:18:26;0;-10;;;;0
2026-05-17 09:19:35;0;-10;;;;0
2026-05-17 09:20:45;0;-10;;;;0
2026-05-17 09:21:55;0;-10;;;;0
2026-05-17 09:23:01;0;-10;;;;0
2026-05-17 09:24:11;1.23;-10;;;;0
2026-05-17 09:25:17;0;-10;;;;0
2026-05-17 09:26:26;0;-10;;;;0
2026-05-17 09:27:32;0;-10;;;;0
2026-05-17 09:28:41;0.58;-10;;;;0
2026-05-17 09:29:47;0.48;-10;;;;0
2026-05-17 09:31:02;0;-10;;;;0
2026-05-17 09:32:13;0;-10;;;;0
2026-05-17 09:33:18;0;-10;;;;0
2026-05-17 09:34:28;0;-10;;;;0
2026-05-17 09:35:33;0;-10;;;;0
2026-05-17 09:36:43;0;-10;;;;0
2026-05-17 09:37:49;0;-10;;;;0
2026-05-17 09:39:04;0;-10;;;;0
2026-05-17 09:40:14;0;-10;;;;0
2026-05-17 09:41:20;0.16;-10;;;;0
2026-05-17 09:42:29;0;-10;;;;0
2026-05-17 09:43:35;0;-10;;;;0
2026-05-17 09:44:44;0;-10;;;;0
2026-05-17 09:45:50;0;-10;;;;0
2026-05-17 09:46:59;0;-10;;;;0
2026-05-17 09:48:05;0;-10;;;;0
2026-05-17 09:49:15;1.25;-10;;;;0
2026-05-17 09:50:20;1.26;-10;;;;0
2026-05-17 09:51:30;0;-10;;;;0
2026-05-17 09:52:35;0;-10;;;;0
2026-05-17 09:53:45;0;-10;;;;0
2026-05-17 09:54:51;0;-10;;;;0
2026-05-17 09:56:00;0;-10;;;;0
2026-05-17 09:57:06;0;-10;;;;0
2026-05-17 09:58:16;0;-10;;;;0
2026-05-17 09:59:21;0;-10;;;;0
2026-05-17 10:00:36;0;-10;;;;0
2026-05-17 10:01:46;0;-10;;;;0
2026-05-17 10:02:51;0;-10;;;;0
2026-05-17 10:04:01;0;-10;;;;0
2026-05-17 10:05:07;0;-10;;;;0
2026-05-17 10:06:16;0;-10;;;;0
2026-05-17 10:07:22;0;-10;;;;0
2026-05-17 10:08:31;0;-10;;;;0
2026-05-17 10:09:37;0;-10;;;;0
2026-05-17 10:10:47;0;-10;;;;0
2026-05-17 10:12:02;0;-10;;;;0
2026-05-17 10:13:17;0;-10;;;;0
2026-05-17 10:14:22;0;-10;;;;0
2026-05-17 10:15:32;0;-10;;;;0
2026-05-17 10:16:37;0;-10;;;;0
2026-05-17 10:17:52;0;-10;;;;0
2026-05-17 10:19:02;0;-10;;;;0
2026-05-17 10:20:08;0;-10;;;;0
2026-05-17 10:21:17;0;-10;;;;0
2026-05-17 10:22:23;0;-10;;;;0
2026-05-17 10:23:32;0;-10;;;;0
2026-05-17 10:24:38;0;-10;;;;0
2026-05-17 10:25:48;0;-10;;;;0
2026-05-17 10:26:53;0;-10;;;;0
2026-05-17 10:28:03;0;-10;;;;0
2026-05-17 10:29:08;0;-10;;;;0
2026-05-17 10:30:18;0;-10;;;;0
2026-05-17 10:31:23;0;-10;;;;0
2026-05-17 10:32:33;0;-10;;;;0
2026-05-17 10:33:38;0;-10;;;;0
2026-05-17 10:34:48;0;-10;;;;0
2026-05-17 10:35:54;0;-10;;;;0
2026-05-17 10:37:04;0;-10;;;;0
2026-05-17 10:38:09;0;-10;;;;0
2026-05-17 10:39:19;0;-10;;;;0
2026-05-17 10:40:24;0;-10;;;;0
2026-05-17 10:41:34;0;-10;;;;0
2026-05-17 10:42:39;0;-10;;;;0
2026-05-17 10:43:49;0;-10;;;;0
2026-05-17 10:44:54;0;-10;;;;0
2026-05-17 10:46:04;0;-10;;;;0
2026-05-17 10:47:09;0;-10;;;;0
2026-05-17 10:48:19;0;-10;;;;0
2026-05-17 10:49:25;0;-10;;;;0
2026-05-17 10:50:34;4.34;10;;;;0
2026-05-17 10:51:40;19.86;-10;;;;1
2026-05-17 10:52:50;31.14;-10;;;;2
2026-05-17 10:53:56;0;-10;;;;1
2026-05-17 10:55:06;0;-10;;;;0
2026-05-17 10:56:12;0;-10;;;;0
2026-05-17 10:57:27;0;-10;;;;0
2026-05-17 10:58:37;0;-10;;;;0
2026-05-17 10:59:44;0;-10;;;;0
2026-05-17 11:00:53;0;-10;;;;0
2026-05-17 11:01:58;0;-10;;;;0
2026-05-17 11:03:08;0;-10;;;;0
2026-05-17 11:04:13;0;-10;;;;0
2026-05-17 11:05:23;0;-10;;;;0
2026-05-17 11:06:29;0;-10;;;;0
2026-05-17 11:07:38;0;-10;;;;0
2026-05-17 11:08:44;0;-10;;;;0
2026-05-17 11:09:54;0;-10;;;;0
2026-05-17 11:10:59;0;-10;;;;0
2026-05-17 11:12:14;0;-10;;;;0
2026-05-17 11:13:25;0;-10;;;;0
2026-05-17 11:14:30;0;-10;;;;0
2026-05-17 11:15:40;0;-10;;;;0
2026-05-17 11:16:45;0;-10;;;;0
2026-05-17 11:17:55;0;-10;;;;0
2026-05-17 11:19:01;0;-10;;;;0
2026-05-17 11:20:11;0;-10;;;;0
2026-05-17 11:21:16;0;-10;;;;0
2026-05-17 11:22:32;0;-10;;;;0
2026-05-17 11:23:42;0;-10;;;;0
2026-05-17 11:24:47;0;-10;;;;0
2026-05-17 11:25:57;0;-10;;;;0
2026-05-17 11:27:12;0;-10;;;;0
2026-05-17 11:28:17;0;-10;;;;0
2026-05-17 11:29:26;0;-10;;;;0
2026-05-17 11:30:32;0;-10;;;;0
2026-05-17 11:31:42;0;-10;;;;0
2026-05-17 11:32:47;0;-10;;;;0
2026-05-17 11:33:58;0;-10;;;;0
2026-05-17 11:35:03;0;-10;;;;0
2026-05-17 11:36:12;0;-10;;;;0
2026-05-17 11:37:18;0;-10;;;;0
2026-05-17 11:38:27;0;-10;;;;0
2026-05-17 11:39:33;0.9;-10;;;;0
2026-05-17 11:40:43;0;-10;;;;0
2026-05-17 11:41:48;0;-10;;;;0
2026-05-17 11:42:58;0;-10;;;;0
2026-05-17 11:44:04;0;-10;;;;0
2026-05-17 11:45:13;0;-10;;;;0
2026-05-17 11:46:19;0;-10;;;;0
2026-05-17 11:47:28;0;-10;;;;0
2026-05-17 11:48:34;0;-10;;;;0
2026-05-17 11:49:44;0;-10;;;;0
2026-05-17 11:50:49;0;-10;;;;0
2026-05-17 11:51:58;0;-10;;;;0
2026-05-17 11:53:04;0;-10;;;;0
2026-05-17 11:54:14;0;-10;;;;0
2026-05-17 11:55:19;0;-10;;;;0
2026-05-17 11:56:29;0;-10;;;;0
2026-05-17 11:57:35;0;-10;;;;0
2026-05-17 11:58:45;0;-10;;;;0
2026-05-17 11:59:50;0;-10;;;;0
2026-05-17 12:01:00;0;-10;;;;0
2026-05-17 12:02:05;0;-10;;;;0
2026-05-17 12:03:15;0;-10;;;;0
2026-05-17 12:04:20;0;-10;;;;0
2026-05-17 12:05:30;0;-10;;;;0
2026-05-17 12:06:36;0;-10;;;;0
2026-05-17 12:07:45;0;-10;;;;0
2026-05-17 12:08:50;0;-10;;;;0
2026-05-17 12:10:00;0;-10;;;;0
2026-05-17 12:11:06;0;-10;;;;0
2026-05-17 12:12:15;0;-10;;;;0
2026-05-17 12:13:21;0;-10;;;;0
2026-05-17 12:14:30;0;-10;;;;0
2026-05-17 12:15:36;0;-10;;;;0
2026-05-17 12:16:50;0;-10;;;;0
2026-05-17 12:18:06;0;-10;;;;0
2026-05-17 12:19:21;0;-10;;;;0
2026-05-17 12:20:30;0;-10;;;;0
2026-05-17 12:21:36;0;-10;;;;0
2026-05-17 12:22:46;0;-10;;;;0
2026-05-17 12:23:51;1.09;-10;;;;0
2026-05-17 12:25:01;0;-10;;;;0
2026-05-17 12:26:07;0;-10;;;;0
2026-05-17 12:27:17;0;-10;;;;0
2026-05-17 12:28:22;0;-10;;;;0
2026-05-17 12:29:33;0;-10;;;;0
2026-05-17 12:30:39;0;-10;;;;0
2026-05-17 12:31:47;0;-10;;;;0
2026-05-17 12:32:52;0.79;-10;;;;1
2026-05-17 12:33:58;16.94;10;;;;0
2026-05-17 12:35:08;19.29;10;;;;1
2026-05-17 12:36:14;19.59;10;;;;1
2026-05-17 12:37:26;19.37;10;;;;0
2026-05-17 12:38:42;19.11;10;;;;1
2026-05-17 12:39:52;19.04;10;;;;0
2026-05-17 12:40:58;19.21;10;;;;1
2026-05-17 12:42:08;18.76;10;;;;1
2026-05-17 12:43:14;18.82;10;;;;0
2026-05-17 12:44:24;18.71;10;;;;1
2026-05-17 12:45:30;18.67;10;;;;0
2026-05-17 12:46:41;18.78;10;;;;0
2026-05-17 12:47:47;19.58;10;;;;4
2026-05-17 12:48:57;20.46;10;;;;4
2026-05-17 12:50:03;21.87;10;;;;0
2026-05-17 12:51:13;46.73;10;;;;0
2026-05-17 12:52:19;38.42;10;;;;3
2026-05-17 12:53:31;18.81;10;;;;1
2026-05-17 12:54:36;18.21;10;;;;0
2026-05-17 12:55:46;18.14;10;;;;1
2026-05-17 12:56:53;18.22;10;;;;0
2026-05-17 12:58:02;18.36;10;;;;0
2026-05-17 12:59:08;18.28;10;;;;1
2026-05-17 13:00:19;18.35;10;;;;0
2026-05-17 13:01:25;18.31;10;;;;0
2026-05-17 13:02:40;18.3;10;;;;0
2026-05-17 13:03:56;19.08;10;;;;0
2026-05-17 13:05:02;19.87;10;;;;0
2026-05-17 13:06:13;18.41;10;;;;0
2026-05-17 13:07:23;18.1;10;;;;1
2026-05-17 13:08:29;17.66;10;;;;0
2026-05-17 13:09:42;18.25;10;;;;0
2026-05-17 13:10:48;18.42;10;;;;1
2026-05-17 13:11:57;18.43;10;;;;1
2026-05-17 13:13:04;18.16;10;;;;0
2026-05-17 13:14:12;18.13;10;;;;1
2026-05-17 13:14:17;;;;;18.3;
2026-05-17 13:15:28;17.98;10;;;;1
2026-05-17 13:16:34;18.08;10;;;;1
2026-05-17 13:17:44;18.23;10;;;;1
2026-05-17 13:18:50;17.96;10;;;;1
2026-05-17 13:20:00;17.97;10;;;;0
2026-05-17 13:21:06;17.98;10;;;;1
2026-05-17 13:22:21;18.29;10;;;;1
2026-05-17 13:23:32;18.49;10;;;;1
2026-05-17 13:24:38;18.16;10;;;;1
2026-05-17 13:25:48;17.87;10;;;;1
2026-05-17 13:26:54;18.39;10;;;;1
2026-05-17 13:28:04;19.13;10;;;;1
2026-05-17 13:29:11;19.79;10;;;;1
2026-05-17 13:30:20;18.28;10;;;;1
2026-05-17 13:31:26;18.11;10;;;;1
2026-05-17 13:32:37;17.84;10;;;;1
2026-05-17 13:33:43;18.16;10;;;;1
2026-05-17 13:34:52;17.85;10;;;;1
2026-05-17 13:35:58;17.88;10;;;;1
2026-05-17 13:37:09;17.7;10;;;;0
2026-05-17 13:38:14;17.44;10;;;;1
2026-05-17 13:39:30;17.38;10;;;;1
2026-05-17 13:40:41;17.4;10;;;;1
2026-05-17 13:41:47;17.42;10;;;;1
2026-05-17 13:42:57;17.17;10;;;;1
2026-05-17 13:44:03;18.05;10;;;;1
2026-05-17 13:45:14;17.72;10;;;;1
2026-05-17 13:46:20;17.99;10;;;;0
2026-05-17 13:47:30;18.15;10;;;;1
2026-05-17 13:48:37;18.68;10;;;;1
2026-05-17 13:49:46;17.99;10;;;;1
2026-05-17 13:50:52;17.2;10;;;;1
2026-05-17 13:52:08;17.41;10;;;;1
2026-05-17 13:53:19;17.19;10;;;;1
2026-05-17 13:54:25;18.62;10;;;;0
2026-05-17 13:55:36;17.73;10;;;;1
2026-05-17 13:56:42;17.98;10;;;;1
2026-05-17 13:57:52;17.44;10;;;;1
2026-05-17 13:58:57;17.04;10;;;;1
2026-05-17 14:00:14;26.03;10;;;;4
2026-05-17 14:01:26;24.57;10;;;;1
2026-05-17 14:02:31;16.97;10;;;;3
2026-05-17 14:03:42;16.8;10;;;;3
2026-05-17 14:04:48;17.1;10;;;;2
2026-05-17 14:05:58;17.31;10;;;;3
2026-05-17 14:07:05;17.63;10;;;;2
2026-05-17 14:08:15;17.27;10;;;;3
2026-05-17 14:09:22;17.13;10;;;;3
2026-05-17 14:10:32;17.32;10;;;;2
2026-05-17 14:11:42;17.31;10;;;;3
2026-05-17 14:12:53;17.9;10;;;;3
2026-05-17 14:13:59;17.61;10;;;;2
2026-05-17 14:15:10;17.35;10;;;;3
2026-05-17 14:16:22;18.35;10;;;;3
2026-05-17 14:17:28;18.71;10;;;;2
2026-05-17 14:18:38;53.89;10;;;;5
2026-05-17 14:19:44;49.68;-10;;;;4
2026-05-17 14:20:54;31.96;10;;;;0
2026-05-17 14:22:00;32.33;10;;;;3
2026-05-17 14:23:06;20.94;10;;;;3
2026-05-17 14:24:18;20.29;10;;;;3
2026-05-17 14:25:29;46.35;-10;;;;2
2026-05-17 14:26:35;24.52;10;;;;2
2026-05-17 14:27:45;20.17;10;;;;3
2026-05-17 14:28:51;38.21;-10;;;;2
2026-05-17 14:30:02;64.8;-10;;;;3
2026-05-17 14:31:08;20.09;10;;;;3
2026-05-17 14:32:19;69.34;10;;;;3
2026-05-17 14:33:25;43.72;10;;;;4
2026-05-17 14:34:40;18.0;10;;;;1
2026-05-17 14:35:51;17.97;10;;;;1
2026-05-17 14:36:57;17.95;10;;;;1
2026-05-17 14:38:07;52.14;-10;;;;1
2026-05-17 14:39:13;54.14;-10;;;;2
2026-05-17 14:40:23;60.1;-10;;;;1
2026-05-17 14:41:29;72.72;-10;;;;4
2026-05-17 14:42:40;19.72;-10;;;;0
2026-05-17 14:43:47;19.25;10;;;;0
2026-05-17 14:44:57;48.01;-10;;;;1
2026-05-17 14:46:04;61.3;-10;;;;4
2026-05-17 14:47:13;18.55;10;;;;1
2026-05-17 14:48:20;44.69;10;;;;5
2026-05-17 14:49:30;19.21;10;;;;2
2026-05-17 14:50:36;24.1;-10;;;;2
2026-05-17 14:51:46;29.81;-10;;;;2
2026-05-17 14:52:53;29.01;-10;;;;4
2026-05-17 14:54:04;22.7;10;;;;4
2026-05-17 14:55:10;18.32;10;;;;2
2026-05-17 14:56:19;15.57;10;;;;2
2026-05-17 14:57:25;0;10;;;;0
2026-05-17 14:58:36;0;10;;;;0
2026-05-17 14:59:41;2.88;10;;;;0
2026-05-17 15:00:50;0.47;10;;;;0
2026-05-17 15:01:56;0;10;;;;0
2026-05-17 15:03:05;0;10;;;;0
2026-05-17 15:04:10;0;10;;;;0
2026-05-17 15:04:40;;;0;0;;
2026-05-17 15:05:21;0;10;;;;0
2026-05-17 15:06:26;0;10;;;;0
2026-05-17 15:07:36;0;10;;;;0
2026-05-17 15:08:41;0;10;;;;0
2026-05-17 15:09:51;0.46;10;;;;0
2026-05-17 15:10:57;0;10;;;;0
2026-05-17 15:12:07;0;10;;;;0
2026-05-17 15:13:12;0;10;;;;0
2026-05-17 15:14:22;0;10;;;;0
2026-05-17 15:15:27;0;10;;;;0
2026-05-17 15:16:38;0;10;;;;0
2026-05-17 15:17:44;0;10;;;;0
2026-05-17 15:18:53;0;10;;;;0
2026-05-17 15:19:59;0;10;;;;0
2026-05-17 15:21:07;0;10;;;;0
2026-05-17 15:22:13;0;10;;;;0
2026-05-17 15:23:22;0;10;;;;0
2026-05-17 15:24:28;0;10;;;;0
2026-05-17 15:25:38;0;10;;;;0
2026-05-17 15:26:44;0;10;;;;0
2026-05-17 15:27:53;0;10;;;;0
2026-05-17 15:28:58;0;10;;;;0
2026-05-17 15:30:08;0;10;;;;0
2026-05-17 15:31:14;13.96;10;;;;0
2026-05-17 15:32:23;0;10;;;;0
2026-05-17 15:33:29;0;10;;;;0
2026-05-17 15:34:39;0;10;;;;0
2026-05-17 15:35:44;0;10;;;;0
2026-05-17 15:36:55;0;10;;;;0
2026-05-17 15:38:00;0;10;;;;0
2026-05-17 15:39:15;0;10;;;;0
2026-05-17 15:40:25;0;10;;;;0
2026-05-17 15:41:40;0;10;;;;0
2026-05-17 15:42:46;0;10;;;;0
2026-05-17 15:43:56;0;10;;;;0
2026-05-17 15:45:01;0;10;;;;0
2026-05-17 15:46:11;0;10;;;;0
2026-05-17 15:47:17;16.65;10;;;;1
2026-05-17 15:48:23;25.16;-10;;;;3
2026-05-17 15:49:33;25.27;10;;;;5
2026-05-17 15:50:40;23.84;-10;;;;9
2026-05-17 15:51:50;26.13;-10;;;;7
2026-05-17 15:53:01;0;-10;;;;0
2026-05-17 15:54:06;0;-10;;;;0
2026-05-17 15:55:17;0;-10;;;;0
2026-05-17 15:56:22;0;-10;;;;0
2026-05-17 15:57:32;0;-10;;;;0
2026-05-17 15:58:38;0;-10;;;;0
2026-05-17 15:59:53;0;-10;;;;0
2026-05-17 16:01:03;0;-10;;;;0
2026-05-17 16:02:09;0;-10;;;;0
2026-05-17 16:03:19;0;-10;;;;0
2026-05-17 16:04:25;0;-10;;;;0
2026-05-17 16:05:34;0;-10;;;;0
2026-05-17 16:06:49;0;-10;;;;0
2026-05-17 16:07:54;0;-10;;;;0
2026-05-17 16:09:04;0;-10;;;;0
2026-05-17 16:10:09;0;-10;;;;0
2026-05-17 16:11:19;0;-10;;;;0
2026-05-17 16:12:24;0;-10;;;;0
2026-05-17 16:13:39;0;-10;;;;0
2026-05-17 16:14:49;0;-10;;;;0
2026-05-17 16:15:55;0;-10;;;;0
2026-05-17 16:17:05;0;-10;;;;0
2026-05-17 16:18:13;0;-10;;;;0
2026-05-17 16:19:20;0;-10;;;;0
2026-05-17 16:20:26;0;-10;;;;0
2026-05-17 16:21:35;0;-10;;;;0
2026-05-17 16:22:51;0;-10;;;;0
2026-05-17 16:23:56;0;-10;;;;0
2026-05-17 16:25:06;0;-10;;;;0
2026-05-17 16:26:11;0;-10;;;;0
2026-05-17 16:27:21;0;-10;;;;0
2026-05-17 16:29:36;0;-10;;;;0
2026-05-17 16:30:42;0;-10;;;;0
2026-05-17 16:31:51;0;-10;;;;0
2026-05-17 16:32:57;0;-10;;;;0
2026-05-17 16:34:07;0;-10;;;;0
2026-05-17 16:35:12;0;-10;;;;0
2026-05-17 16:36:24;0;-10;;;;0
2026-05-17 16:37:29;0;-10;;;;0
2026-05-17 16:38:38;0;-10;;;;0
2026-05-17 16:39:44;0;-10;;;;0
2026-05-17 16:40:52;0;-10;;;;0
2026-05-17 16:41:58;0;-10;;;;0
2026-05-17 16:43:07;0;-10;;;;0
2026-05-17 16:44:13;0;-10;;;;0
2026-05-17 16:45:23;0;-10;;;;0
2026-05-17 16:46:28;0;-10;;;;0
2026-05-17 16:47:38;0;-10;;;;0
2026-05-17 16:48:43;0;-10;;;;0
2026-05-17 16:49:53;0;-10;;;;0
2026-05-17 16:50:59;0;-10;;;;0
2026-05-17 16:52:09;0;-10;;;;0
2026-05-17 16:53:14;0;-10;;;;0
2026-05-17 16:54:24;0;-10;;;;0
2026-05-17 16:55:29;0;-10;;;;0
2026-05-17 16:56:39;0;-10;;;;0
2026-05-17 16:57:45;0;-10;;;;0
2026-05-17 16:58:54;0;-10;;;;0
2026-05-17 17:00:00;0;-10;;;;0
2026-05-17 17:01:09;0;-10;;;;0
2026-05-17 17:02:15;0;-10;;;;0
2026-05-17 17:03:25;0;-10;;;;0
2026-05-17 17:04:30;0;-10;;;;0
2026-05-17 17:05:40;0;-10;;;;0
2026-05-17 17:06:45;0.1;-10;;;;0
2026-05-17 17:07:55;0;-10;;;;0
2026-05-17 17:09:00;0;-10;;;;0
2026-05-17 17:10:10;0;-10;;;;0
2026-05-17 17:11:16;0;-10;;;;0
2026-05-17 17:12:26;0;-10;;;;0
2026-05-17 17:13:31;0;-10;;;;0
2026-05-17 17:14:41;0;-10;;;;0
2026-05-17 17:15:46;0;-10;;;;0
2026-05-17 17:16:56;0;-10;;;;0
2026-05-17 17:18:01;0;-10;;;;0
2026-05-17 17:19:11;0;-10;;;;0
2026-05-17 17:20:16;0;-10;;;;0
2026-05-17 17:21:27;0;-10;;;;0
2026-05-17 17:22:32;0;-10;;;;0
2026-05-17 17:23:41;0;-10;;;;0
2026-05-17 17:24:47;0;-10;;;;0
2026-05-17 17:25:56;0;-10;;;;0
2026-05-17 17:27:02;0;-10;;;;0
2026-05-17 17:28:12;0;-10;;;;0
2026-05-17 17:29:17;0;-10;;;;0
2026-05-17 17:30:27;0;-10;;;;0
2026-05-17 17:31:32;0;-10;;;;0
2026-05-17 17:32:42;0;-10;;;;0
2026-05-17 17:33:47;0;-10;;;;0
2026-05-17 17:34:57;0;-10;;;;0
2026-05-17 17:36:03;0;-10;;;;0
2026-05-17 17:37:12;0;-10;;;;0
2026-05-17 17:38:18;0;-10;;;;0
2026-05-17 17:39:28;0;-10;;;;0
2026-05-17 17:40:33;0;-10;;;;0
2026-05-17 17:41:43;0;-10;;;;0
2026-05-17 17:42:48;0;-10;;;;0
2026-05-17 17:43:58;0;-10;;;;0
2026-05-17 17:45:03;0;-10;;;;0
2026-05-17 17:46:13;0;-10;;;;0
2026-05-17 17:47:19;0;-10;;;;0
2026-05-17 17:48:28;0;-10;;;;0
2026-05-17 17:49:34;0;-10;;;;0
2026-05-17 17:50:43;0;-10;;;;0
2026-05-17 17:51:49;0;-10;;;;0
2026-05-17 17:52:59;0;-10;;;;0
2026-05-17 17:54:04;0;-10;;;;0
2026-05-17 17:55:14;0;-10;;;;0
2026-05-17 17:56:19;0;-10;;;;0
2026-05-17 17:57:29;0;-10;;;;0
2026-05-17 17:58:34;0;-10;;;;0
2026-05-17 17:59:44;0;-10;;;;0
2026-05-17 18:00:50;0;-10;;;;0
2026-05-17 18:02:04;0;-10;;;;0
2026-05-17 18:03:15;0;-10;;;;0
2026-05-17 18:04:30;0;-10;;;;0
2026-05-17 18:05:35;0;-10;;;;0
2026-05-17 18:06:45;0;-10;;;;0
2026-05-17 18:07:51;0;-10;;;;0
2026-05-17 18:09:00;0;-10;;;;0
2026-05-17 18:10:06;0;-10;;;;0
2026-05-17 18:11:15;0;-10;;;;0
2026-05-17 18:12:21;0;-10;;;;0
2026-05-17 18:13:30;0;-10;;;;0
2026-05-17 18:14:36;0;-10;;;;0
2026-05-17 18:15:46;0;-10;;;;0
2026-05-17 18:16:51;0;-10;;;;0
2026-05-17 18:18:02;0;-10;;;;0
2026-05-17 18:19:07;0;-10;;;;0
2026-05-17 18:20:17;0;-10;;;;0
2026-05-17 18:21:22;0;-10;;;;0
2026-05-17 18:22:32;0;-10;;;;0
2026-05-17 18:23:37;0;-10;;;;0
2026-05-17 18:24:47;0;-10;;;;0
2026-05-17 18:25:53;0;-10;;;;0
2026-05-17 18:27:02;0;-10;;;;0
2026-05-17 18:28:08;0;-10;;;;0
2026-05-17 18:29:17;0;-10;;;;0
2026-05-17 18:30:23;0;-10;;;;0
2026-05-17 18:31:32;0;-10;;;;0
2026-05-17 18:32:38;0;-10;;;;0
2026-05-17 18:33:48;0;-10;;;;0
2026-05-17 18:34:53;0;-10;;;;0
2026-05-17 18:36:03;0;-10;;;;0
2026-05-17 18:37:08;0;-10;;;;0
2026-05-17 18:38:18;0;-10;;;;0
2026-05-17 18:39:23;0;-10;;;;0
2026-05-17 18:40:33;0;-10;;;;0
2026-05-17 18:41:39;0;-10;;;;0
2026-05-17 18:42:48;0;-10;;;;0
2026-05-17 18:43:54;0;-10;;;;0
2026-05-17 18:45:04;0;-10;;;;0
2026-05-17 18:46:09;0;-10;;;;0
2026-05-17 18:47:19;0;-10;;;;0
2026-05-17 18:48:25;0;-10;;;;0
2026-05-17 18:49:34;0;-10;;;;0
2026-05-17 18:50:39;0;-10;;;;0
2026-05-17 18:51:49;0;-10;;;;0
2026-05-17 18:52:54;0;-10;;;;0
2026-05-17 18:54:09;0;-10;;;;0
2026-05-17 18:55:19;0;-10;;;;0
2026-05-17 18:56:25;0;-10;;;;0
2026-05-17 18:57:39;0;-10;;;;0
2026-05-17 18:58:49;0;-10;;;;0
2026-05-17 18:59:55;0;-10;;;;0
2026-05-17 19:01:04;0;-10;;;;0
2026-05-17 19:02:10;0;-10;;;;0
2026-05-17 19:03:20;0;-10;;;;0
2026-05-17 19:04:25;0;-10;;;;0
2026-05-17 19:05:35;0;-10;;;;0
2026-05-17 19:06:40;0;-10;;;;0
2026-05-17 19:07:50;0;-10;;;;0
2026-05-17 19:08:56;0;-10;;;;0
2026-05-17 19:10:05;0;-10;;;;0
2026-05-17 19:11:11;0;-10;;;;0
2026-05-17 19:12:21;0;-10;;;;0
2026-05-17 19:13:26;0;-10;;;;0
2026-05-17 19:14:36;0;-10;;;;0
2026-05-17 19:15:42;0;-10;;;;0
2026-05-17 19:16:51;0;-10;;;;0
2026-05-17 19:17:57;0;-10;;;;0
2026-05-17 19:19:07;0;-10;;;;0
2026-05-17 19:20:12;0;-10;;;;0
2026-05-17 19:21:22;0;-10;;;;0
2026-05-17 19:22:27;0;-10;;;;0
2026-05-17 19:23:43;0;-10;;;;0
2026-05-17 19:24:53;0;-10;;;;0
2026-05-17 19:25:59;0;-10;;;;0
2026-05-17 19:27:08;0;-10;;;;0
2026-05-17 19:28:14;0;-10;;;;0
2026-05-17 19:29:23;0;-10;;;;0
2026-05-17 19:30:29;0;-10;;;;0
2026-05-17 19:31:39;0;-10;;;;0
2026-05-17 19:32:45;0;-10;;;;0
2026-05-17 19:33:54;0;-10;;;;0
2026-05-17 19:34:59;0;-10;;;;0
2026-05-17 19:36:09;0;-10;;;;0
2026-05-17 19:37:14;0;-10;;;;0
2026-05-17 19:38:24;0;-10;;;;0
2026-05-17 19:39:30;0;-10;;;;0
2026-05-17 19:40:39;0;-10;;;;0
2026-05-17 19:41:44;0;-10;;;;0
2026-05-17 19:42:54;0;-10;;;;0
2026-05-17 19:44:00;0;-10;;;;0
2026-05-17 19:45:09;0;-10;;;;0
2026-05-17 19:46:15;0;-10;;;;0
2026-05-17 19:47:30;0;-10;;;;0
2026-05-17 19:48:40;0.08;-10;;;;0
2026-05-17 19:49:45;0;-10;;;;0
2026-05-17 19:50:56;0;-10;;;;0
2026-05-17 19:52:01;0;-10;;;;0
2026-05-17 19:53:11;0;-10;;;;0
2026-05-17 19:54:16;0;-10;;;;0
2026-05-17 19:55:26;0;-10;;;;0
2026-05-17 19:56:32;0;-10;;;;0
2026-05-17 19:57:41;0;-10;;;;0
2026-05-17 19:58:47;0;-10;;;;0
2026-05-17 19:59:57;0;-10;;;;0
2026-05-17 20:01:02;0;-10;;;;0
2026-05-17 20:02:12;0;-10;;;;0
2026-05-17 20:03:17;0;-10;;;;0
2026-05-17 20:04:27;0;-10;;;;0
2026-05-17 20:05:32;0;-10;;;;0
2026-05-17 20:06:42;0;-10;;;;0
2026-05-17 20:07:48;0;-10;;;;0
2026-05-17 20:08:57;0;-10;;;;0
2026-05-17 20:10:03;0;-10;;;;0
2026-05-17 20:11:12;0;-10;;;;0
2026-05-17 20:12:18;0;-10;;;;0
2026-05-17 20:13:27;0;-10;;;;0
2026-05-17 20:14:33;0;-10;;;;0
2026-05-17 20:15:43;0;-10;;;;0
2026-05-17 20:16:48;0;-10;;;;0
2026-05-17 20:17:58;0;-10;;;;0
2026-05-17 20:19:04;0;-10;;;;0
2026-05-17 20:20:13;0;-10;;;;0
2026-05-17 20:21:19;0;-10;;;;0
2026-05-17 20:22:29;0;-10;;;;0
2026-05-17 20:23:34;0;-10;;;;0
2026-05-17 20:24:44;0;-10;;;;0
2026-05-17 20:25:49;0;-10;;;;0
2026-05-17 20:26:59;0;-10;;;;0
2026-05-17 20:28:14;0;-10;;;;0
2026-05-17 20:29:20;0;-10;;;;0
2026-05-17 20:30:29;0;-10;;;;0
2026-05-17 20:31:35;0;-10;;;;0
2026-05-17 20:32:44;0;-10;;;;0
2026-05-17 20:33:50;0;-10;;;;0
2026-05-17 20:34:59;0;-10;;;;0
2026-05-17 20:36:05;0;-10;;;;0
2026-05-17 20:37:15;0;-10;;;;0
2026-05-17 20:38:20;0;-10;;;;0
2026-05-17 20:39:30;0;-10;;;;0
2026-05-17 20:40:35;0;-10;;;;0
2026-05-17 20:41:51;0;-10;;;;0
2026-05-17 20:43:01;0;-10;;;;0
2026-05-17 20:44:06;0;-10;;;;0
2026-05-17 20:45:16;0;-10;;;;0
2026-05-17 20:46:21;0;-10;;;;0
2026-05-17 20:47:31;0;-10;;;;0
2026-05-17 20:48:37;0;-10;;;;0
2026-05-17 20:49:46;0;-10;;;;0
2026-05-17 20:50:52;0;-10;;;;0
2026-05-17 20:52:02;0;-10;;;;0
2026-05-17 20:53:08;0;-10;;;;0
2026-05-17 20:54:17;0;-10;;;;0
2026-05-17 20:55:22;0;-10;;;;0
2026-05-17 20:56:32;0;-10;;;;0
2026-05-17 20:57:37;0;-10;;;;0
2026-05-17 20:58:47;0;-10;;;;0
2026-05-17 20:59:53;0;-10;;;;0
2026-05-17 21:01:02;0;-10;;;;0
2026-05-17 21:02:08;0;-10;;;;0
2026-05-17 21:03:17;0;-10;;;;0
2026-05-17 21:04:22;0;-10;;;;0
2026-05-17 21:05:32;0;-10;;;;0
2026-05-17 21:06:38;0;-10;;;;0
2026-05-17 21:07:47;0;-10;;;;0
2026-05-17 21:08:53;0;-10;;;;0
2026-05-17 21:10:03;0;-10;;;;0
2026-05-17 21:11:08;0;-10;;;;0
2026-05-17 21:12:18;0;-10;;;;0
2026-05-17 21:13:23;0;-10;;;;0
2026-05-17 21:14:33;0;-10;;;;0
2026-05-17 21:15:39;0;-10;;;;0
2026-05-17 21:16:48;0;-10;;;;0
2026-05-17 21:17:54;0;-10;;;;0
2026-05-17 21:19:04;0;-10;;;;0
2026-05-17 21:20:09;0;-10;;;;0
2026-05-17 21:21:19;0;-10;;;;0
2026-05-17 21:22:24;0;-10;;;;0
2026-05-17 21:23:34;0;-10;;;;0
2026-05-17 21:24:39;0;-10;;;;0
2026-05-17 21:25:49;0;-10;;;;0
2026-05-17 21:26:55;0;-10;;;;0
2026-05-17 21:28:04;0;-10;;;;0
2026-05-17 21:29:10;0;-10;;;;0
2026-05-17 21:30:19;0;-10;;;;0
2026-05-17 21:31:25;0;-10;;;;0
2026-05-17 21:32:34;0;-10;;;;0
2026-05-17 21:33:40;0;-10;;;;0
2026-05-17 21:34:50;0;-10;;;;0
2026-05-17 21:35:55;0;-10;;;;0
2026-05-17 21:37:05;0;-10;;;;0
2026-05-17 21:38:11;0;-10;;;;0
2026-05-17 21:39:20;0;-10;;;;0
2026-05-17 21:40:26;0;-10;;;;0
2026-05-17 21:41:36;0;-10;;;;0
2026-05-17 21:42:41;0;-10;;;;0
2026-05-17 21:43:51;0;-10;;;;0
2026-05-17 21:44:57;0;-10;;;;0
2026-05-17 21:46:06;0;-10;;;;0
2026-05-17 21:47:11;0;-10;;;;0
2026-05-17 21:48:21;0;-10;;;;0
2026-05-17 21:49:27;0;-10;;;;0
2026-05-17 21:50:37;0;-10;;;;0
2026-05-17 21:51:42;0;-10;;;;0
2026-05-17 21:52:52;0;-10;;;;0
2026-05-17 21:53:57;0;-10;;;;0
2026-05-17 21:55:07;0;-10;;;;0
2026-05-17 21:56:13;0;-10;;;;0
2026-05-17 21:57:22;0;-10;;;;0
2026-05-17 21:58:28;0;-10;;;;0
2026-05-17 21:59:43;0;-10;;;;0
2026-05-17 22:00:53;0;-10;;;;0
2026-05-17 22:03:12;0;-10;;;;0
2026-05-17 22:04:18;0;-10;;;;0
2026-05-17 22:05:35;0;-10;;;;0
2026-05-17 22:06:44;0;-10;;;;0
2026-05-17 22:07:49;0;-10;;;;0
2026-05-17 22:08:58;0;-10;;;;0
2026-05-17 22:10:04;0;-10;;;;0
2026-05-17 22:11:18;0;-10;;;;0
2026-05-17 22:12:33;0;-10;;;;0
2026-05-17 22:13:44;0;-10;;;;0
2026-05-17 22:14:49;0;-10;;;;0
2026-05-17 22:16:00;0;-10;;;;0
2026-05-17 22:17:06;0;-10;;;;0
2026-05-17 22:18:14;0;-10;;;;0
2026-05-17 22:19:20;0;-10;;;;0
2026-05-17 22:20:29;0;-10;;;;0
2026-05-17 22:21:35;0;-10;;;;0
2026-05-17 22:22:44;0;-10;;;;0
2026-05-17 22:23:51;0;-10;;;;0
2026-05-17 22:26:05;0;-10;;;;0
2026-05-17 22:27:15;0;-10;;;;0
2026-05-17 22:28:20;0;-10;;;;0
2026-05-17 22:29:30;0;-10;;;;0
2026-05-17 22:30:36;0;-10;;;;0
2026-05-17 22:31:45;0;-10;;;;0
2026-05-17 22:32:51;0;-10;;;;0
2026-05-17 22:34:00;0;-10;;;;0
2026-05-17 22:35:06;0;-10;;;;0
2026-05-17 22:36:16;0;-10;;;;0
2026-05-17 22:37:21;0;-10;;;;0
2026-05-17 22:38:32;0;-10;;;;0
2026-05-17 22:39:37;0;-10;;;;0
2026-05-17 22:40:46;0;-10;;;;0
2026-05-17 22:41:51;0;-10;;;;0
2026-05-17 22:43:01;0;-10;;;;0
2026-05-17 22:44:06;0;-10;;;;0
2026-05-17 22:45:21;0;-10;;;;0
2026-05-17 22:46:31;0;-10;;;;0
2026-05-17 22:47:37;0;-10;;;;0
2026-05-17 22:48:46;0;-10;;;;0
2026-05-17 22:49:51;0;-10;;;;0
2026-05-17 22:51:03;0;-10;;;;0
2026-05-17 22:52:08;0;-10;;;;0
2026-05-17 22:53:19;0;-10;;;;0
2026-05-17 22:54:25;0;-10;;;;0
2026-05-17 22:55:32;0;-10;;;;0
2026-05-17 22:56:37;0;-10;;;;0
2026-05-17 22:58:53;0;-10;;;;0
2026-05-17 23:00:02;0;-10;;;;0
2026-05-17 23:01:08;0;-10;;;;0
2026-05-17 23:03:21;0;-10;;;;0
2026-05-17 23:04:32;0;-10;;;;0
2026-05-17 23:05:37;0;-10;;;;0
2026-05-17 23:06:47;0;-10;;;;0
2026-05-17 23:07:53;0;-10;;;;0
2026-05-17 23:09:03;0;-10;;;;0
2026-05-17 23:10:09;0;-10;;;;0
2026-05-17 23:11:18;0;-10;;;;0
2026-05-17 23:12:23;0;-10;;;;0
2026-05-17 23:13:34;0;-10;;;;0
2026-05-17 23:14:40;0;-10;;;;0
2026-05-17 23:15:48;0;-10;;;;0
2026-05-17 23:16:54;0;-10;;;;0
2026-05-17 23:18:05;0;-10;;;;0
2026-05-17 23:19:11;0;-10;;;;0
2026-05-17 23:20:18;0;-10;;;;0
2026-05-17 23:21:25;0;-10;;;;0
2026-05-17 23:22:34;0;-10;;;;0
2026-05-17 23:23:39;0;-10;;;;0
2026-05-17 23:24:49;0;-10;;;;0
2026-05-17 23:25:54;0;-10;;;;0
2026-05-17 23:27:04;0;-10;;;;0
2026-05-17 23:28:24;0;-10;;;;0
2026-05-17 23:29:34;0;-10;;;;0
2026-05-17 23:30:40;0;-10;;;;0
2026-05-17 23:31:50;0;-10;;;;0
2026-05-17 23:32:55;0;-10;;;;0
2026-05-17 23:34:05;0;-10;;;;0
2026-05-17 23:35:10;0;-10;;;;0
2026-05-17 23:36:25;0;-10;;;;0
2026-05-17 23:37:35;0;-10;;;;0
2026-05-17 23:38:41;0;-10;;;;0
2026-05-17 23:39:51;0;-10;;;;0
2026-05-17 23:40:56;0;-10;;;;0
2026-05-17 23:42:06;0;-10;;;;0
2026-05-17 23:43:11;0;-10;;;;0
2026-05-17 23:44:21;0;-10;;;;0
2026-05-17 23:45:27;0;-10;;;;0
2026-05-17 23:46:37;0;-10;;;;0
2026-05-17 23:47:42;0;-10;;;;0
2026-05-17 23:48:52;0;-10;;;;0
2026-05-17 23:49:57;0;-10;;;;0
2026-05-17 23:51:07;0;-10;;;;0
2026-05-17 23:52:13;0;-10;;;;0
2026-05-17 23:53:22;0;-10;;;;0
2026-05-17 23:54:29;0;-10;;;;0
2026-05-17 23:55:37;0;-10;;;;0
2026-05-17 23:56:43;0;-10;;;;0
2026-05-17 23:57:53;0;-10;;;;0
2026-05-17 23:58:59;0;-10;;;;0
2026-05-18 00:00:08;0;-10;;;;0
2026-05-18 00:01:14;0;-10;;;;0
2026-05-18 00:02:24;0;-10;;;;0
2026-05-18 00:03:29;0;-10;;;;0
2026-05-18 00:04:42;0;-10;;;;0
2026-05-18 00:05:47;0;-10;;;;0
2026-05-18 00:06:54;0;-10;;;;0
2026-05-18 00:08:00;0;-10;;;;0
2026-05-18 00:09:14;0;-10;;;;0
2026-05-18 00:10:24;0;-10;;;;0
2026-05-18 00:11:30;0;-10;;;;0
2026-05-18 00:12:40;0;-10;;;;0
2026-05-18 00:13:45;0;-10;;;;0
2026-05-18 00:14:55;0;-10;;;;0
2026-05-18 00:16:01;0;-10;;;;0
2026-05-18 00:17:10;0;-10;;;;0
2026-05-18 00:18:15;0;-10;;;;0
2026-05-18 00:19:25;0;-10;;;;0
2026-05-18 00:20:30;0;-10;;;;0
2026-05-18 00:21:40;0;-10;;;;0
2026-05-18 00:22:46;0;-10;;;;0
2026-05-18 00:23:55;0;-10;;;;0
2026-05-18 00:25:01;0;-10;;;;0
2026-05-18 00:26:10;0;-10;;;;0
2026-05-18 00:27:19;0;-10;;;;0
2026-05-18 00:28:26;0;-10;;;;0
2026-05-18 00:29:31;0;-10;;;;0
2026-05-18 00:30:41;0;-10;;;;0
2026-05-18 00:31:47;0;-10;;;;0
2026-05-18 00:32:56;0;-10;;;;0
2026-05-18 00:34:02;0;-10;;;;0
2026-05-18 00:35:11;0;-10;;;;0
2026-05-18 00:36:17;0;-10;;;;0
2026-05-18 00:37:27;0;-10;;;;0
2026-05-18 00:38:32;0;-10;;;;0
2026-05-18 00:39:42;0;-10;;;;0
2026-05-18 00:40:47;0;-10;;;;0
2026-05-18 00:42:08;0;-10;;;;0
2026-05-18 00:43:18;0;-10;;;;0
2026-05-18 00:44:28;0;-10;;;;0
2026-05-18 00:45:34;0;-10;;;;0
2026-05-18 00:46:43;0;-10;;;;0
2026-05-18 00:47:49;0;-10;;;;0
2026-05-18 00:49:04;0;-10;;;;0
2026-05-18 00:50:14;0;-10;;;;0
2026-05-18 00:51:20;0;-10;;;;0
2026-05-18 00:52:30;0;-10;;;;0
2026-05-18 00:53:35;0;-10;;;;0
2026-05-18 00:54:45;0;-10;;;;0
2026-05-18 00:55:50;0;-10;;;;0
2026-05-18 00:57:01;0;-10;;;;0
2026-05-18 00:58:06;0;-10;;;;0
2026-05-18 00:59:15;0;-10;;;;0
2026-05-18 01:00:20;0;-10;;;;0
2026-05-18 01:01:30;0;-10;;;;0
2026-05-18 01:02:35;0;-10;;;;0
2026-05-18 01:03:45;0;-10;;;;0
2026-05-18 01:04:51;0;-10;;;;0
2026-05-18 01:06:01;0;-10;;;;0
2026-05-18 01:07:06;0;-10;;;;0
2026-05-18 01:08:16;0;-10;;;;0
2026-05-18 01:09:21;0;-10;;;;0
2026-05-18 01:10:31;0;-10;;;;0
2026-05-18 01:11:36;0;-10;;;;0
2026-05-18 01:12:51;0;-10;;;;0
2026-05-18 01:14:01;0;-10;;;;0
2026-05-18 01:15:07;0;-10;;;;0
2026-05-18 01:16:16;0;-10;;;;0
2026-05-18 01:17:22;0;-10;;;;0
2026-05-18 01:18:32;0;-10;;;;0
2026-05-18 01:19:37;0;-10;;;;0
2026-05-18 01:20:47;0;-10;;;;0
2026-05-18 01:21:52;0;-10;;;;0
2026-05-18 01:23:02;0;-10;;;;0
2026-05-18 01:24:07;0;-10;;;;0
2026-05-18 01:25:17;0;-10;;;;0
2026-05-18 01:26:23;0;-10;;;;0
2026-05-18 01:27:32;0;-10;;;;0
2026-05-18 01:28:38;0;-10;;;;0
2026-05-18 01:29:48;0;-10;;;;0
2026-05-18 01:30:54;0;-10;;;;0
2026-05-18 01:32:03;0;-10;;;;0
2026-05-18 01:33:09;0;-10;;;;0
2026-05-18 01:34:23;0;-10;;;;0
2026-05-18 01:35:33;0;-10;;;;0
2026-05-18 01:36:39;0;-10;;;;0
2026-05-18 01:37:48;0;-10;;;;0
2026-05-18 01:38:54;0;-10;;;;0
2026-05-18 01:40:03;0;-10;;;;0
2026-05-18 01:41:09;0;-10;;;;0
2026-05-18 01:42:18;0;-10;;;;0
2026-05-18 01:43:24;0;-10;;;;0
2026-05-18 01:44:34;0;-10;;;;0
2026-05-18 01:45:39;0;-10;;;;0
2026-05-18 01:46:49;0;-10;;;;0
2026-05-18 01:47:54;0;-10;;;;0
2026-05-18 01:49:04;0;-10;;;;0
2026-05-18 01:50:09;0;-10;;;;0
2026-05-18 01:51:19;0;-10;;;;0
2026-05-18 01:52:25;0;-10;;;;0
2026-05-18 01:53:35;0;-10;;;;0
2026-05-18 01:54:40;0;-10;;;;0
2026-05-18 01:55:50;0;-10;;;;0
2026-05-18 01:56:55;0;-10;;;;0
2026-05-18 01:58:05;0;-10;;;;0
2026-05-18 01:59:20;0;-10;;;;0
2026-05-18 02:00:26;0;-10;;;;0
2026-05-18 02:01:35;0;-10;;;;0
2026-05-18 02:02:41;0;-10;;;;0
2026-05-18 02:03:51;0;-10;;;;0
2026-05-18 02:04:57;0;-10;;;;0
2026-05-18 02:06:06;0;-10;;;;0
2026-05-18 02:07:12;0;-10;;;;0
2026-05-18 02:08:21;0;-10;;;;0
2026-05-18 02:09:27;0;-10;;;;0
2026-05-18 02:10:37;0;-10;;;;0
2026-05-18 02:11:42;0;-10;;;;0
2026-05-18 02:12:51;0;-10;;;;0
2026-05-18 02:13:57;0;-10;;;;0
2026-05-18 02:15:07;0;-10;;;;0
2026-05-18 02:16:12;0;-10;;;;0
2026-05-18 02:17:22;0;-10;;;;0
2026-05-18 02:18:27;0;-10;;;;0
2026-05-18 02:19:37;0;-10;;;;0
2026-05-18 02:20:42;0;-10;;;;0
2026-05-18 02:21:52;0;-10;;;;0
2026-05-18 02:22:58;0;-10;;;;0
2026-05-18 02:24:07;0;-10;;;;0
2026-05-18 02:25:13;0;-10;;;;0
2026-05-18 02:26:22;0;-10;;;;0
2026-05-18 02:27:28;0;-10;;;;0
2026-05-18 02:28:37;0;-10;;;;0
2026-05-18 02:29:43;0;-10;;;;0
2026-05-18 02:30:53;0;-10;;;;0
2026-05-18 02:31:58;0;-10;;;;0
2026-05-18 02:33:08;0;-10;;;;0
2026-05-18 02:34:13;0;-10;;;;0
2026-05-18 02:35:23;0;-10;;;;0
2026-05-18 02:36:28;0;-10;;;;0
2026-05-18 02:37:38;0;-10;;;;0
2026-05-18 02:38:54;0;-10;;;;0
2026-05-18 02:40:00;0;-10;;;;0
2026-05-18 02:41:09;0;-10;;;;0
2026-05-18 02:42:14;0;-10;;;;0
2026-05-18 02:43:24;0;-10;;;;0
2026-05-18 02:44:29;0;-10;;;;0
2026-05-18 02:45:39;0;-10;;;;0
2026-05-18 02:46:45;0;-10;;;;0
2026-05-18 02:47:54;0;-10;;;;0
2026-05-18 02:49:10;0;-10;;;;0
2026-05-18 02:50:15;0;-10;;;;0
2026-05-18 02:51:30;0;-10;;;;0
2026-05-18 02:52:36;0;-10;;;;0
2026-05-18 02:53:46;0;-10;;;;0
2026-05-18 02:54:56;0;-10;;;;0
2026-05-18 02:56:01;0;-10;;;;0
2026-05-18 02:57:17;0;-10;;;;0
2026-05-18 02:58:22;0;-10;;;;0
2026-05-18 02:59:32;0;-10;;;;0
2026-05-18 03:00:42;0;-10;;;;0
2026-05-18 03:01:48;0;-10;;;;0
2026-05-18 03:02:57;0;-10;;;;0
2026-05-18 03:04:03;0;-10;;;;0
2026-05-18 03:05:12;0;-10;;;;0
2026-05-18 03:06:18;0;-10;;;;0
2026-05-18 03:07:28;0;-10;;;;0
2026-05-18 03:08:33;0;-10;;;;0
2026-05-18 03:09:43;0;-10;;;;0
2026-05-18 03:10:49;0;-10;;;;0
2026-05-18 03:11:58;0;-10;;;;0
2026-05-18 03:13:04;0;-10;;;;0
2026-05-18 03:14:14;0;-10;;;;0
2026-05-18 03:15:19;0;-10;;;;0
2026-05-18 03:16:29;0;-10;;;;0
2026-05-18 03:17:34;0;-10;;;;0
2026-05-18 03:18:44;0;-10;;;;0
2026-05-18 03:19:50;0;-10;;;;0
2026-05-18 03:20:59;0;-10;;;;0
2026-05-18 03:22:04;0;-10;;;;0
2026-05-18 03:23:14;0;-10;;;;0
2026-05-18 03:24:20;0;-10;;;;0
2026-05-18 03:25:29;0;-10;;;;0
2026-05-18 03:26:35;0;-10;;;;0
2026-05-18 03:27:45;0;-10;;;;0
2026-05-18 03:28:50;0;-10;;;;0
2026-05-18 03:30:00;0;-10;;;;0
2026-05-18 03:31:05;0;-10;;;;0
2026-05-18 03:32:15;0;-10;;;;0
2026-05-18 03:33:20;0;-10;;;;0
2026-05-18 03:34:30;0;-10;;;;0
2026-05-18 03:35:35;0;-10;;;;0
2026-05-18 03:36:45;0;-10;;;;0
2026-05-18 03:37:51;0;-10;;;;0
2026-05-18 03:39:00;0;-10;;;;0
2026-05-18 03:40:16;0;-10;;;;0
2026-05-18 03:41:21;0;-10;;;;0
2026-05-18 03:42:31;0;-10;;;;0
2026-05-18 03:43:36;0;-10;;;;0
2026-05-18 03:44:46;0;-10;;;;0
2026-05-18 03:45:51;0;-10;;;;0
2026-05-18 03:47:01;0;-10;;;;0
2026-05-18 03:48:06;0;-10;;;;0
2026-05-18 03:49:16;0;-10;;;;0
2026-05-18 03:50:22;0;-10;;;;0
2026-05-18 03:51:31;0;-10;;;;0
2026-05-18 03:52:37;0;-10;;;;0
2026-05-18 03:53:47;0;-10;;;;0
2026-05-18 03:54:52;0;-10;;;;0
2026-05-18 03:56:02;0;-10;;;;0
2026-05-18 03:57:07;0;-10;;;;0
2026-05-18 03:58:17;0;-10;;;;0
2026-05-18 03:59:23;0;-10;;;;0
2026-05-18 04:00:32;0;-10;;;;0
2026-05-18 04:01:37;0;-10;;;;0
2026-05-18 04:02:48;0;-10;;;;0
2026-05-18 04:03:53;0;-10;;;;0
2026-05-18 04:05:03;0;-10;;;;0
2026-05-18 04:06:08;0;-10;;;;0
2026-05-18 04:07:24;0;-10;;;;0
2026-05-18 04:08:34;0;-10;;;;0
2026-05-18 04:09:40;0;-10;;;;0
2026-05-18 04:10:54;0;-10;;;;0
2026-05-18 04:12:10;0;-10;;;;0
2026-05-18 04:13:20;0;-10;;;;0
2026-05-18 04:14:25;0;-10;;;;0
2026-05-18 04:15:35;0;-10;;;;0
2026-05-18 04:16:40;0;-10;;;;0
2026-05-18 04:17:50;0;-10;;;;0
2026-05-18 04:18:55;0;-10;;;;0
2026-05-18 04:20:05;0;-10;;;;0
2026-05-18 04:21:11;0;-10;;;;0
2026-05-18 04:22:20;0;-10;;;;0
2026-05-18 04:23:26;0;-10;;;;0
2026-05-18 04:24:36;0;-10;;;;0
2026-05-18 04:25:42;0;-10;;;;0
2026-05-18 04:26:51;0;-10;;;;0
2026-05-18 04:27:56;0;-10;;;;0
2026-05-18 04:29:06;0;-10;;;;0
2026-05-18 04:30:12;0;-10;;;;0
2026-05-18 04:31:22;0;-10;;;;0
2026-05-18 04:32:27;0;-10;;;;0
2026-05-18 04:33:37;0;-10;;;;0
2026-05-18 04:34:42;0;-10;;;;0
2026-05-18 04:35:58;0;-10;;;;0
2026-05-18 04:37:08;0;-10;;;;0
2026-05-18 04:38:13;0;-10;;;;0
2026-05-18 04:39:23;0;-10;;;;0
2026-05-18 04:40:28;0;-10;;;;0
2026-05-18 04:41:38;0;-10;;;;0
2026-05-18 04:42:43;0;-10;;;;0
2026-05-18 04:43:53;0;-10;;;;0
2026-05-18 04:44:58;0;-10;;;;0
2026-05-18 04:46:08;0;-10;;;;0
2026-05-18 04:47:15;0;-10;;;;0
2026-05-18 04:48:23;0;-10;;;;0
2026-05-18 04:49:29;0;-10;;;;0
2026-05-18 04:50:38;0;-10;;;;0
2026-05-18 04:51:44;0;-10;;;;0
2026-05-18 04:52:53;0;-10;;;;0
2026-05-18 04:53:59;0;-10;;;;0
2026-05-18 04:55:08;0;-10;;;;0
2026-05-18 04:56:14;0;-10;;;;0
2026-05-18 04:57:23;0;-10;;;;0
2026-05-18 04:58:29;0;-10;;;;0
2026-05-18 04:59:38;0;-10;;;;0
2026-05-18 05:00:44;0;-10;;;;0
2026-05-18 05:01:54;0;-10;;;;0
2026-05-18 05:03:09;0;-10;;;;0
2026-05-18 05:04:14;0;-10;;;;0
2026-05-18 05:05:24;0;-10;;;;0
2026-05-18 05:06:29;0;-10;;;;0
2026-05-18 05:07:39;0;-10;;;;0
2026-05-18 05:08:45;0;-10;;;;0
2026-05-18 05:09:54;0;-10;;;;0
2026-05-18 05:11:00;0;-10;;;;0
2026-05-18 05:12:10;0;-10;;;;0
2026-05-18 05:13:15;0;-10;;;;0
2026-05-18 05:14:25;0;-10;;;;0
2026-05-18 05:15:30;0;-10;;;;0
2026-05-18 05:16:40;0;-10;;;;0
2026-05-18 05:17:45;0;-10;;;;0
2026-05-18 05:18:55;0;-10;;;;0
2026-05-18 05:20:00;0;-10;;;;0
2026-05-18 05:21:10;0;-10;;;;0
2026-05-18 05:22:15;0;-10;;;;0
2026-05-18 05:23:25;0;-10;;;;0
2026-05-18 05:24:31;0;-10;;;;0
2026-05-18 05:25:41;0;-10;;;;0
2026-05-18 05:26:46;0;-10;;;;0
2026-05-18 05:27:56;0;-10;;;;0
2026-05-18 05:29:01;0;-10;;;;0
2026-05-18 05:30:11;0;-10;;;;0
2026-05-18 05:31:16;0;-10;;;;0
2026-05-18 05:32:26;0;-10;;;;0
2026-05-18 05:33:31;0;-10;;;;0
2026-05-18 05:34:41;0;-10;;;;0
2026-05-18 05:35:47;0;-10;;;;0
2026-05-18 05:36:56;0;-10;;;;0
2026-05-18 05:38:02;0;-10;;;;0
2026-05-18 05:39:12;0;-10;;;;0
2026-05-18 05:40:17;0;-10;;;;0
2026-05-18 05:41:31;0;-10;;;;0
2026-05-18 05:42:37;0;-10;;;;0
2026-05-18 05:43:47;0;-10;;;;0
2026-05-18 05:45:02;0;-10;;;;0
2026-05-18 05:46:13;0;-10;;;;0
2026-05-18 05:47:18;0;-10;;;;0
2026-05-18 05:48:28;0;-10;;;;0
2026-05-18 05:49:43;0;-10;;;;0
2026-05-18 05:50:48;0;-10;;;;0
2026-05-18 05:51:58;0;-10;;;;0
2026-05-18 05:53:04;0;-10;;;;0
2026-05-18 05:54:13;0;-10;;;;0
2026-05-18 05:55:19;0;-10;;;;0
2026-05-18 05:56:29;0;-10;;;;0
2026-05-18 05:57:34;0;-10;;;;0
2026-05-18 05:58:44;0;-10;;;;0
2026-05-18 05:59:49;0;-10;;;;0
2026-05-18 06:00:59;0;-10;;;;0
2026-05-18 06:02:04;0;-10;;;;0
2026-05-18 06:03:14;0;-10;;;;0
2026-05-18 06:04:19;0;-10;;;;0
2026-05-18 06:05:30;0;-10;;;;0
2026-05-18 06:06:35;0;-10;;;;0
2026-05-18 06:07:45;0;-10;;;;0
2026-05-18 06:08:50;0;-10;;;;0
2026-05-18 06:10:00;0;-10;;;;0
2026-05-18 06:11:05;0;-10;;;;0
2026-05-18 06:12:15;0;-10;;;;0
2026-05-18 06:13:21;0;-10;;;;0
2026-05-18 06:14:31;0;-10;;;;0
2026-05-18 06:15:36;0;-10;;;;0
2026-05-18 06:16:46;0;-10;;;;0
2026-05-18 06:17:51;0;-10;;;;0
2026-05-18 06:19:01;0;-10;;;;0
2026-05-18 06:20:06;0;-10;;;;0
2026-05-18 06:21:16;0;-10;;;;0
2026-05-18 06:22:22;0;-10;;;;0
2026-05-18 06:23:31;0;-10;;;;0
2026-05-18 06:24:37;0;-10;;;;0
2026-05-18 06:25:47;0;-10;;;;0
2026-05-18 06:26:53;0;-10;;;;0
2026-05-18 06:28:02;0;-10;;;;0
2026-05-18 06:29:08;0;-10;;;;0
2026-05-18 06:30:17;0;-10;;;;0
2026-05-18 06:31:22;0;-10;;;;0
2026-05-18 06:32:32;0;-10;;;;0
2026-05-18 06:33:37;0;-10;;;;0
2026-05-18 06:34:47;0;-10;;;;0
2026-05-18 06:35:52;0;-10;;;;0
2026-05-18 06:37:03;0;-10;;;;0
2026-05-18 06:38:08;0;-10;;;;0
2026-05-18 06:39:18;0;-10;;;;0
2026-05-18 06:40:23;0;-10;;;;0
2026-05-18 06:41:33;0;-10;;;;0
2026-05-18 06:42:38;0;-10;;;;0
2026-05-18 06:43:48;0;-10;;;;0
2026-05-18 06:44:53;0;-10;;;;0
2026-05-18 06:46:03;0;-10;;;;0
2026-05-18 06:47:08;0;-10;;;;0
2026-05-18 06:48:18;0;-10;;;;0
2026-05-18 06:49:24;0;-10;;;;0
2026-05-18 06:50:34;0;-10;;;;0
2026-05-18 06:51:39;0;-10;;;;0
2026-05-18 06:52:48;0;-10;;;;0
2026-05-18 06:53:54;0;-10;;;;0
2026-05-18 06:55:04;0;-10;;;;0
2026-05-18 06:56:09;0;-10;;;;0
2026-05-18 06:57:19;0;-10;;;;0
2026-05-18 06:58:24;0;-10;;;;0
2026-05-18 06:59:34;0;-10;;;;0
2026-05-18 07:00:39;0;-10;;;;0
2026-05-18 07:01:49;0;-10;;;;0
2026-05-18 07:02:55;0;-10;;;;0
2026-05-18 07:04:05;0;-10;;;;0
2026-05-18 07:05:10;0;-10;;;;0
2026-05-18 07:06:20;0;-10;;;;0
2026-05-18 07:07:25;0;-10;;;;0
2026-05-18 07:08:35;0;-10;;;;0
2026-05-18 07:09:40;0;-10;;;;0
2026-05-18 07:10:50;0;-10;;;;0
2026-05-18 07:11:56;0;-10;;;;0
2026-05-18 07:13:05;0;-10;;;;0
2026-05-18 07:14:10;0;-10;;;;0
2026-05-18 07:15:20;0;-10;;;;0
2026-05-18 07:16:26;0;-10;;;;0
2026-05-18 07:17:36;0;-10;;;;0
2026-05-18 07:18:41;0;-10;;;;0
2026-05-18 07:19:51;0;-10;;;;0
2026-05-18 07:20:56;0;-10;;;;0
2026-05-18 07:22:06;0;-10;;;;0
2026-05-18 07:23:12;0;-10;;;;0
2026-05-18 07:24:21;0;-10;;;;0
2026-05-18 07:25:27;0;-10;;;;0
2026-05-18 07:26:36;0;-10;;;;0
2026-05-18 07:27:42;0;-10;;;;0
2026-05-18 07:28:57;0;-10;;;;0
2026-05-18 07:30:07;0;-10;;;;0
2026-05-18 07:31:13;0;-10;;;;0
2026-05-18 07:32:23;0;-10;;;;0
2026-05-18 07:33:28;0;-10;;;;0
2026-05-18 07:34:38;0;-10;;;;0
2026-05-18 07:35:43;0;-10;;;;0
2026-05-18 07:36:53;0;-10;;;;0
2026-05-18 07:37:58;0;-10;;;;0
2026-05-18 07:39:08;0;-10;;;;0
2026-05-18 07:40:14;0;-10;;;;0
2026-05-18 07:41:23;0;-10;;;;0
2026-05-18 07:42:29;0;-10;;;;0
2026-05-18 07:43:38;0;-10;;;;0
2026-05-18 07:44:44;0;-10;;;;0
2026-05-18 07:45:54;0;-10;;;;0
2026-05-18 07:46:59;0;-10;;;;0
2026-05-18 07:48:14;0;-10;;;;0
2026-05-18 07:49:24;0;-10;;;;0
2026-05-18 07:50:29;0;-10;;;;0
2026-05-18 07:51:39;0;-10;;;;0
2026-05-18 07:52:48;0;-10;;;;0
2026-05-18 07:53:59;0;-10;;;;0
2026-05-18 07:55:09;0;-10;;;;0
2026-05-18 07:56:15;0;-10;;;;0
2026-05-18 07:57:30;0;-10;;;;0
2026-05-18 07:58:41;0;-10;;;;0
2026-05-18 07:59:47;0;-10;;;;0
2026-05-18 08:02:03;0;-10;;;;0
2026-05-18 08:03:16;0;-10;;;;0
2026-05-18 08:04:26;0;-10;;;;0
2026-05-18 08:05:32;0;-10;;;;0
2026-05-18 08:06:41;0;-10;;;;0
2026-05-18 08:07:47;0;-10;;;;0
2026-05-18 08:08:56;0;-10;;;;0
2026-05-18 08:10:03;0;-10;;;;0
2026-05-18 08:11:12;0;-10;;;;0
2026-05-18 08:12:17;0;-10;;;;0
2026-05-18 08:13:28;0;-10;;;;0
2026-05-18 08:14:33;0;-10;;;;0
2026-05-18 08:15:42;0;-10;;;;0
2026-05-18 08:16:47;0;-10;;;;0
2026-05-18 08:17:57;0;-10;;;;0
2026-05-18 08:19:03;0;-10;;;;0
2026-05-18 08:20:12;0;-10;;;;0
2026-05-18 08:21:18;0;-10;;;;0
2026-05-18 08:22:28;0;-10;;;;0
2026-05-18 08:23:33;0;-10;;;;0
2026-05-18 08:24:43;0;-10;;;;0
2026-05-18 08:25:48;0;-10;;;;0
2026-05-18 08:26:58;0;-10;;;;0
2026-05-18 08:28:03;0;-10;;;;0
2026-05-18 08:29:13;0;-10;;;;0
2026-05-18 08:30:18;0;-10;;;;0
2026-05-18 08:31:28;0;-10;;;;0
2026-05-18 08:32:34;0;-10;;;;0
2026-05-18 08:33:44;0;-10;;;;0
2026-05-18 08:34:49;0;-10;;;;0
2026-05-18 08:35:59;0;-10;;;;0
2026-05-18 08:37:04;0;-10;;;;0
2026-05-18 08:38:14;0;-10;;;;0
2026-05-18 08:39:29;0;-10;;;;0
2026-05-18 08:40:35;0;-10;;;;0
2026-05-18 08:41:44;0;-10;;;;0
2026-05-18 08:42:50;0;-10;;;;0
2026-05-18 08:43:59;0;-10;;;;0
2026-05-18 08:45:05;0;-10;;;;0
2026-05-18 08:46:15;0;-10;;;;0
2026-05-18 08:47:20;0;-10;;;;0
2026-05-18 08:48:30;0;-10;;;;0
2026-05-18 08:49:35;0;-10;;;;0
2026-05-18 08:50:45;0;-10;;;;0
2026-05-18 08:51:50;0;-10;;;;0
2026-05-18 08:53:00;0;-10;;;;0
2026-05-18 08:54:06;0;-10;;;;0
2026-05-18 08:55:15;0;-10;;;;0
2026-05-18 08:56:20;0;-10;;;;0
2026-05-18 08:57:31;0;-10;;;;0
2026-05-18 08:58:37;0;-10;;;;0
2026-05-18 08:59:46;0;-10;;;;0
2026-05-18 09:00:51;0;-10;;;;0
2026-05-18 09:02:01;0;-10;;;;0
2026-05-18 09:03:07;0;-10;;;;0
2026-05-18 09:04:17;0;-10;;;;0
2026-05-18 09:05:22;0;-10;;;;0
2026-05-18 09:06:32;0;-10;;;;0
2026-05-18 09:07:38;0;-10;;;;0
2026-05-18 09:08:47;0;-10;;;;0
2026-05-18 09:09:53;0;-10;;;;0
2026-05-18 09:11:02;0;-10;;;;0
2026-05-18 09:12:08;0;-10;;;;0
2026-05-18 09:13:18;0;-10;;;;0
2026-05-18 09:14:23;0;-10;;;;0
2026-05-18 09:15:38;0;-10;;;;0
2026-05-18 09:16:48;0;-10;;;;0
2026-05-18 09:17:54;0;-10;;;;0
2026-05-18 09:19:03;0;-10;;;;0
2026-05-18 09:20:09;0;-10;;;;0
2026-05-18 09:21:18;0;-10;;;;0
2026-05-18 09:22:24;0;-10;;;;0
2026-05-18 09:23:34;0;-10;;;;0
2026-05-18 09:24:49;0;-10;;;;0
2026-05-18 09:25:54;0;-10;;;;0
2026-05-18 09:27:04;0;-10;;;;0
2026-05-18 09:28:10;0;-10;;;;0
2026-05-18 09:29:19;0;-10;;;;0
2026-05-18 09:30:26;0;-10;;;;0
2026-05-18 09:31:34;0;-10;;;;0
2026-05-18 09:32:40;0;-10;;;;0
2026-05-18 09:33:49;0;-10;;;;0
2026-05-18 09:34:55;0;-10;;;;0
2026-05-18 09:36:05;0;-10;;;;0
2026-05-18 09:37:10;0;-10;;;;0
2026-05-18 09:38:20;0;-10;;;;0
2026-05-18 09:39:25;0;-10;;;;0
2026-05-18 09:40:35;0;-10;;;;0
2026-05-18 09:41:40;0;-10;;;;0
2026-05-18 09:42:50;0;-10;;;;0
2026-05-18 09:43:55;0;-10;;;;0
2026-05-18 09:45:05;0;-10;;;;0
2026-05-18 09:46:10;0;-10;;;;0
2026-05-18 09:47:20;0;-10;;;;0
2026-05-18 09:48:26;0;-10;;;;0
2026-05-18 09:49:35;0;-10;;;;0
2026-05-18 09:50:41;0;-10;;;;0
2026-05-18 09:51:50;0;-10;;;;0
2026-05-18 09:52:56;0;-10;;;;0
2026-05-18 09:54:06;0;-10;;;;0
2026-05-18 09:55:11;0;-10;;;;0
2026-05-18 09:56:20;0;-10;;;;0
2026-05-18 09:57:26;0;-10;;;;0
2026-05-18 09:58:35;0;-10;;;;0
2026-05-18 09:59:41;0;-10;;;;0
2026-05-18 10:00:51;0;-10;;;;0
2026-05-18 10:01:56;0;-10;;;;0
2026-05-18 10:03:06;0;-10;;;;0
2026-05-18 10:04:11;0;-10;;;;0
2026-05-18 10:05:21;0;-10;;;;0
2026-05-18 10:06:27;0;-10;;;;0
2026-05-18 10:07:37;0;-10;;;;0
2026-05-18 10:08:42;0;-10;;;;0
2026-05-18 10:09:52;0;-10;;;;0
2026-05-18 10:10:57;0;-10;;;;0
2026-05-18 10:12:07;0;-10;;;;0
2026-05-18 10:13:13;0;-10;;;;0
2026-05-18 10:14:25;0;-10;;;;0
2026-05-18 10:15:30;0;-10;;;;0
2026-05-18 10:16:37;0;-10;;;;0
2026-05-18 10:17:43;0;-10;;;;0
2026-05-18 10:18:52;0;-10;;;;0
2026-05-18 10:19:58;0;-10;;;;0
2026-05-18 10:21:13;0;-10;;;;0
2026-05-18 10:22:24;0;-10;;;;0
2026-05-18 10:23:29;0;-10;;;;0
2026-05-18 10:24:39;0;-10;;;;0
2026-05-18 10:25:44;0;-10;;;;0
2026-05-18 10:26:54;0;-10;;;;0
2026-05-18 10:27:59;0;-10;;;;0
2026-05-18 10:29:09;0;-10;;;;0
2026-05-18 10:30:15;0;-10;;;;0
2026-05-18 10:31:26;0;-10;;;;0
2026-05-18 10:32:39;0;-10;;;;0
2026-05-18 10:33:44;0;-10;;;;0
2026-05-18 10:34:55;0;-10;;;;0
2026-05-18 10:36:00;0;-10;;;;0
2026-05-18 10:37:10;0;-10;;;;0
2026-05-18 10:38:15;0;-10;;;;0
2026-05-18 10:39:30;0;-10;;;;0
2026-05-18 10:40:45;0;-10;;;;0
2026-05-18 10:41:55;0;-10;;;;0
2026-05-18 10:43:01;0;-10;;;;0
2026-05-18 10:44:11;0;-10;;;;0
2026-05-18 10:45:16;0;-10;;;;0
2026-05-18 10:46:26;0;-10;;;;0
2026-05-18 10:47:31;0;-10;;;;0
2026-05-18 10:48:41;0;-10;;;;0
2026-05-18 10:49:46;0;-10;;;;0
2026-05-18 10:50:56;0;-10;;;;0
2026-05-18 10:52:03;0;-10;;;;0
2026-05-18 10:53:12;0;-10;;;;0
2026-05-18 10:54:17;0;-10;;;;0
2026-05-18 10:55:27;0;-10;;;;0
2026-05-18 10:56:32;0;-10;;;;0
2026-05-18 10:57:42;0;-10;;;;0
2026-05-18 10:58:47;0;-10;;;;0
2026-05-18 10:59:57;0;-10;;;;0
2026-05-18 11:01:02;0;-10;;;;0
2026-05-18 11:02:12;0;-10;;;;0
2026-05-18 11:03:18;0;-10;;;;0
2026-05-18 11:04:27;0;-10;;;;0
2026-05-18 11:05:33;0;-10;;;;0
2026-05-18 11:06:43;0;-10;;;;0
2026-05-18 11:07:48;0;-10;;;;0
2026-05-18 11:08:58;0;-10;;;;0
2026-05-18 11:10:07;0;-10;;;;0
2026-05-18 11:11:13;0;-10;;;;0
2026-05-18 11:12:18;0;-10;;;;0
2026-05-18 11:13:28;0;-10;;;;0
2026-05-18 11:14:34;0;-10;;;;0
2026-05-18 11:15:43;0;-10;;;;0
2026-05-18 11:16:52;0;-10;;;;0
2026-05-18 11:17:59;0;-10;;;;0
2026-05-18 11:19:05;0;-10;;;;0
2026-05-18 11:20:13;0;-10;;;;0
2026-05-18 11:21:19;0;-10;;;;0
2026-05-18 11:22:29;0;-10;;;;0
2026-05-18 11:23:34;0;-10;;;;0
2026-05-18 11:24:44;0;-10;;;;0
2026-05-18 11:25:49;0;-10;;;;0
2026-05-18 11:26:59;0;-10;;;;0
2026-05-18 11:28:04;0;-10;;;;0
2026-05-18 11:29:15;0;-10;;;;0
2026-05-18 11:30:21;0;-10;;;;0
2026-05-18 11:31:29;0;-10;;;;0
2026-05-18 11:32:35;0;-10;;;;0
2026-05-18 11:33:44;0;-10;;;;0
2026-05-18 11:34:50;0;-10;;;;0
2026-05-18 11:36:00;0;-10;;;;0
2026-05-18 11:37:05;0;-10;;;;0
2026-05-18 11:38:15;0;-10;;;;0
2026-05-18 11:39:20;0;-10;;;;0
2026-05-18 11:40:30;0;-10;;;;0
2026-05-18 11:41:35;0;-10;;;;0
2026-05-18 11:42:46;0;-10;;;;0
2026-05-18 11:43:52;0;-10;;;;0
2026-05-18 11:45:08;0;-10;;;;0
2026-05-18 11:46:18;0;-10;;;;0
2026-05-18 11:47:23;0;-10;;;;0
2026-05-18 11:48:33;0;-10;;;;0
2026-05-18 11:49:39;0;-10;;;;0
2026-05-18 11:50:48;0;-10;;;;0
2026-05-18 11:51:54;0;-10;;;;0
2026-05-18 11:53:10;0;-10;;;;0
2026-05-18 11:54:20;0;-10;;;;0
2026-05-18 11:55:25;0;-10;;;;0
2026-05-18 11:56:35;0;-10;;;;0
2026-05-18 11:57:40;0;-10;;;;0
2026-05-18 11:58:51;0;-10;;;;0
2026-05-18 11:59:56;0;-10;;;;0
2026-05-18 12:01:12;0;-10;;;;0
2026-05-18 12:02:22;0;-10;;;;0
2026-05-18 12:03:27;0;-10;;;;0
2026-05-18 12:04:42;0;-10;;;;0
2026-05-18 12:05:52;0;-10;;;;0
2026-05-18 12:06:57;0;-10;;;;0
2026-05-18 12:08:07;0;-10;;;;0
2026-05-18 12:09:13;0;-10;;;;0
2026-05-18 12:10:23;0;-10;;;;0
2026-05-18 12:11:29;0;-10;;;;0
2026-05-18 12:12:38;0;-10;;;;0
2026-05-18 12:13:43;0;-10;;;;0
2026-05-18 12:14:53;0;-10;;;;0
2026-05-18 12:15:59;0;-10;;;;0
2026-05-18 12:17:08;0;-10;;;;0
2026-05-18 12:18:14;0;-10;;;;0
2026-05-18 12:19:23;0;-10;;;;0
2026-05-18 12:20:29;0;-10;;;;0
2026-05-18 12:21:39;0;-10;;;;0
2026-05-18 12:22:44;0;-10;;;;0
2026-05-18 12:23:54;0;-10;;;;0
2026-05-18 12:24:59;0;-10;;;;0
2026-05-18 12:26:09;0;-10;;;;0
2026-05-18 12:27:15;0;-10;;;;0
2026-05-18 12:28:25;0;-10;;;;0
2026-05-18 12:29:30;0;-10;;;;0
2026-05-18 12:30:40;0;-10;;;;0
2026-05-18 12:31:46;0;-10;;;;0
2026-05-18 12:33:01;0;-10;;;;0
2026-05-18 12:34:14;0;-10;;;;0
2026-05-18 12:35:25;0;-10;;;;0
2026-05-18 12:36:31;0;-10;;;;0
2026-05-18 12:37:40;0;-10;;;;0
2026-05-18 12:38:46;0;-10;;;;0
2026-05-18 12:39:56;0;-10;;;;0
2026-05-18 12:41:01;0;-10;;;;0
2026-05-18 12:42:11;0;-10;;;;0
2026-05-18 12:43:16;0;-10;;;;0
2026-05-18 12:44:25;0;-10;;;;0
2026-05-18 12:45:31;0;-10;;;;0
2026-05-18 12:46:41;0;-10;;;;0
2026-05-18 12:47:46;0;-10;;;;0
2026-05-18 12:48:56;0;-10;;;;0
2026-05-18 12:50:01;0;-10;;;;0
2026-05-18 12:51:11;0;-10;;;;0
2026-05-18 12:52:17;0;-10;;;;0
2026-05-18 12:53:26;0;-10;;;;0
2026-05-18 12:54:31;0;-10;;;;0
2026-05-18 12:55:41;0;-10;;;;0
2026-05-18 12:56:47;0;-10;;;;0
2026-05-18 12:57:56;0;-10;;;;0
2026-05-18 12:59:02;0;-10;;;;0
2026-05-18 13:00:11;0;-10;;;;0
2026-05-18 13:01:17;0;-10;;;;0
2026-05-18 13:02:27;0;-10;;;;0
2026-05-18 13:03:32;0;-10;;;;0
2026-05-18 13:04:42;0;-10;;;;0
2026-05-18 13:05:48;0;-10;;;;0
2026-05-18 13:06:57;0;-10;;;;0
2026-05-18 13:08:03;0;-10;;;;0
2026-05-18 13:09:12;0;-10;;;;0
2026-05-18 13:10:18;0;-10;;;;0
2026-05-18 13:11:27;0;-10;;;;0
2026-05-18 13:12:33;0;-10;;;;0
2026-05-18 13:13:43;0;-10;;;;0
2026-05-18 13:14:48;0;-10;;;;0
2026-05-18 13:15:59;0;-10;;;;0
2026-05-18 13:17:04;0;-10;;;;0
2026-05-18 13:18:13;0;-10;;;;0
2026-05-18 13:19:18;0;-10;;;;0
2026-05-18 13:20:28;0;-10;;;;0
2026-05-18 13:21:33;0;-10;;;;0
2026-05-18 13:22:44;0;-10;;;;0
2026-05-18 13:23:50;0;-10;;;;0
2026-05-18 13:24:58;0;-10;;;;0
2026-05-18 13:26:04;0;-10;;;;0
2026-05-18 13:27:13;0;-10;;;;0
2026-05-18 13:28:19;0;-10;;;;0
2026-05-18 13:29:28;0;-10;;;;0
2026-05-18 13:30:34;14.81;10;;;;1
2026-05-18 13:31:40;21.38;10;;;;2
2026-05-18 13:32:55;23.47;10;;;;2
2026-05-18 13:34:07;20.08;10;;;;1
2026-05-18 13:35:13;18.9;10;;;;1
2026-05-18 13:36:23;19.15;10;;;;2
2026-05-18 13:37:29;20.05;10;;;;1
2026-05-18 13:38:35;19.81;10;;;;2
2026-05-18 13:39:45;19.16;10;;;;1
2026-05-18 13:40:51;18.53;10;;;;2
2026-05-18 13:42:02;18.52;10;;;;1
2026-05-18 13:43:08;18.49;10;;;;1
2026-05-18 13:44:18;18.46;10;;;;2
2026-05-18 13:45:30;18.55;10;;;;1
2026-05-18 13:46:36;18.78;10;;;;2
2026-05-18 13:47:46;34.09;10;;;;4
2026-05-18 13:48:53;34.33;10;;;;3
2026-05-18 13:50:04;19.5;10;;;;3
2026-05-18 13:51:10;19.18;10;;;;3
2026-05-18 13:52:21;18.34;10;;;;1
2026-05-18 13:53:27;18.33;10;;;;0
2026-05-18 13:54:37;18.27;10;;;;1
2026-05-18 13:55:42;18.22;10;;;;0
2026-05-18 13:56:48;18.31;10;;;;1
2026-05-18 13:57:59;18.29;10;;;;1
2026-05-18 13:59:05;19.46;10;;;;0
2026-05-18 14:00:16;20.01;10;;;;1
2026-05-18 14:01:27;18.53;10;;;;0
2026-05-18 14:02:32;18.81;10;;;;1
2026-05-18 14:03:43;18.51;10;;;;0
2026-05-18 14:04:49;18.03;10;;;;1
2026-05-18 14:05:55;17.92;10;;;;1
2026-05-18 14:07:05;17.88;10;;;;0
2026-05-18 14:08:16;18.2;10;;;;1
2026-05-18 14:09:22;18.39;10;;;;0
2026-05-18 14:10:34;17.74;10;;;;0
2026-05-18 14:11:08;;;;;18.0;
2026-05-18 14:11:40;17.72;10;;;;1
2026-05-18 14:12:49;17.77;10;;;;1
2026-05-18 14:13:55;17.9;10;;;;0
2026-05-18 14:15:08;17.67;10;;;;1
2026-05-18 14:16:15;17.41;10;;;;0
2026-05-18 14:17:22;17.61;10;;;;1
2026-05-18 14:18:28;17.81;10;;;;1
2026-05-18 14:19:34;17.6;10;;;;0
2026-05-18 14:20:47;17.92;10;;;;0
2026-05-18 14:21:58;17.94;10;;;;1
2026-05-18 14:23:04;18.97;10;;;;1
2026-05-18 14:24:14;18.54;10;;;;0
2026-05-18 14:25:20;18.38;10;;;;1
2026-05-18 14:26:30;17.59;10;;;;0
2026-05-18 14:27:37;18.83;10;;;;1
2026-05-18 14:28:48;18.67;10;;;;1
2026-05-18 14:29:53;19.46;10;;;;0
2026-05-18 14:31:03;18.2;10;;;;0
2026-05-18 14:32:10;18.14;10;;;;1
2026-05-18 14:33:19;17.39;10;;;;0
2026-05-18 14:34:30;17.26;10;;;;1
2026-05-18 14:35:42;17.37;10;;;;1
2026-05-18 14:36:55;18.36;10;;;;0
2026-05-18 14:38:00;18.34;10;;;;1
2026-05-18 14:39:16;17.22;10;;;;0
2026-05-18 14:41:51;17.15;10;;;;1
2026-05-18 14:43:13;17.09;10;;;;1
2026-05-18 14:44:21;17.02;10;;;;0
2026-05-18 14:46:44;17.11;10;;;;1
2026-05-18 14:47:51;17.01;10;;;;0
2026-05-18 14:49:02;17.03;10;;;;1
2026-05-18 14:50:09;17.18;10;;;;0
2026-05-18 14:51:19;17.18;10;;;;1
2026-05-18 14:52:26;17.3;10;;;;0
2026-05-18 14:53:41;17.15;10;;;;1
2026-05-18 14:54:54;17.21;10;;;;0
2026-05-18 14:57:26;17.12;10;;;;0
2026-05-18 14:58:58;17.17;10;;;;0
2026-05-18 15:00:04;17.11;10;;;;1
2026-05-18 15:01:13;17.03;10;;;;1