timestamp,avg_pressure,current_pressure,master_pressure,rpm,tank_level,dosing_amount,pump_status,direction
2025-04-21 00:00:00,-14.23,-14.23,6.35,0.0,25.0,0.0,0,0
2025-04-21 00:30:00,-2.46,5.39,4.92,0.0,25.0,0.0,0,0
2025-04-21 01:00:00,3.71,10.57,7.24,0.0,25.0,0.0,0,0
2025-04-21 01:30:00,2.26,0.21,7.4,0.0,25.0,0.0,0,0
2025-04-21 02:00:00,9.79,21.87,4.53,0.0,25.0,0.0,0,0
2025-04-21 02:30:00,5.24,-2.65,3.66,0.0,25.0,0.0,0,0
2025-04-21 03:00:00,11.24,22.18,5.55,0.0,25.0,0.0,0,0
2025-04-21 03:30:00,13.04,16.43,7.47,0.0,25.0,0.0,0,0
2025-04-21 04:00:00,14.45,17.16,3.26,0.0,25.0,0.0,0,0
2025-04-21 04:30:00,5.9,-10.74,5.74,0.0,25.0,0.0,0,0
2025-04-21 05:00:00,6.36,7.26,5.79,0.0,25.0,0.0,0,0
2025-04-21 05:30:00,6.11,5.61,6.4,0.0,25.0,0.0,0,0
2025-04-21 06:00:00,-2.15,-18.54,2.79,0.0,25.0,0.0,0,0
2025-04-21 06:30:00,6.22,22.87,6.29,0.0,25.0,0.0,0,0
2025-04-21 07:00:00,2.54,-4.81,7.45,0.0,25.0,0.0,0,0
2025-04-21 07:30:00,-0.34,-6.07,3.08,0.0,25.0,0.0,0,0
2025-04-21 08:00:00,-4.15,-11.77,3.43,0.0,25.0,0.0,0,0
2025-04-21 08:30:00,3.35,18.35,7.83,0.0,25.0,0.0,0,0
2025-04-21 09:00:00,-4.37,-19.8,3.09,0.0,25.0,0.0,0,0
2025-04-21 09:30:00,2.55,16.39,7.13,0.0,25.0,0.0,0,0
2025-04-21 10:00:00,8.58,20.62,4.95,0.0,25.0,0.0,0,0
2025-04-21 10:30:00,9.57,11.54,3.48,0.0,25.0,0.0,0,0
2025-04-21 11:00:00,12.35,17.91,7.22,0.0,25.0,0.0,0,0
2025-04-21 11:30:00,13.59,16.07,4.67,0.0,25.0,0.0,0,0
2025-04-21 12:00:00,6.01,-9.15,5.09,0.0,25.0,0.0,0,0
2025-04-21 12:30:00,12.56,25.68,4.16,0.0,25.0,0.0,0,0
2025-04-21 13:00:00,7.93,-1.34,5.56,0.0,25.0,0.0,0,0
2025-04-21 13:30:00,5.95,1.99,2.98,0.0,25.0,0.0,0,0
2025-04-21 14:00:00,3.75,-0.64,4.35,0.0,25.0,0.0,0,0
2025-04-21 14:30:00,7.56,15.19,7.82,0.0,25.0,0.0,0,0
2025-04-21 15:00:00,3.54,-4.52,3.55,0.0,25.0,0.0,0,0
2025-04-21 15:30:00,4.67,6.94,5.94,0.0,25.0,0.0,0,0
2025-04-21 16:00:00,-1.75,-14.58,3.95,0.0,25.0,0.0,0,0
2025-04-21 16:30:00,6.87,24.11,6.64,0.0,25.0,0.0,0,0
2025-04-21 17:00:00,8.86,12.85,2.79,0.0,25.0,0.0,0,0
2025-04-21 17:30:00,7.05,3.44,7.82,0.0,25.0,0.0,0,0
2025-04-21 18:00:00,3.93,-2.31,4.72,0.0,25.0,0.0,0,0
2025-04-21 18:30:00,6.98,13.09,3.42,0.0,25.0,0.0,0,0
2025-04-21 19:00:00,1.93,-8.17,2.44,0.0,25.0,0.0,0,0
2025-04-21 19:30:00,2.92,4.9,3.02,0.0,25.0,0.0,0,0
2025-04-21 20:00:00,9.46,22.54,5.12,0.37,25.0,0.0,0,0
2025-04-21 20:30:00,3.59,-8.15,4.02,1.56,25.0,0.0,0,0
2025-04-21 21:00:00,6.56,12.5,6.97,1.19,25.0,0.0,0,0
2025-04-21 21:30:00,7.48,9.32,4.59,0.89,25.0,0.0,0,0
2025-04-21 22:00:00,5.67,2.03,3.49,0.2,25.0,0.0,0,0
2025-04-21 22:30:00,3.16,-1.85,5.7,0.92,25.0,0.0,0,0
2025-04-21 23:00:00,10.26,24.46,6.24,0.67,25.0,0.0,0,0
2025-04-21 23:30:00,4.85,-5.96,3.0,0.29,25.0,0.0,0,0
2025-04-22 00:00:00,-4.82,-24.17,3.01,1.3,25.0,0.0,0,0
2025-04-22 00:30:00,0.73,11.83,2.22,0.11,25.0,0.0,0,0
2025-04-22 01:00:00,-3.38,-11.6,6.42,1.44,25.0,0.0,0,0
2025-04-22 01:30:00,3.2,16.36,5.98,1.88,25.0,0.0,0,0
2025-04-22 02:00:00,10.42,24.87,4.85,0.0,25.0,0.0,0,0
2025-04-22 02:30:00,12.45,16.51,7.07,1.98,25.0,0.0,0,0
2025-04-22 03:00:00,15.94,22.91,6.83,1.23,25.0,0.0,0,0
2025-04-22 03:30:00,22.56,35.81,5.51,1.22,25.0,0.0,0,0
2025-04-22 04:00:00,22.28,21.71,7.21,0.01,25.0,0.0,0,0
2025-04-22 04:30:00,17.58,8.19,3.24,0.05,25.0,0.0,0,0
2025-04-22 05:00:00,20.78,27.18,2.67,1.05,25.0,0.0,0,0
2025-04-22 05:30:00,23.84,29.94,3.62,0.8,25.0,0.0,0,0
2025-04-22 06:00:00,25.51,28.87,2.34,0.09,25.0,0.0,0,0
2025-04-22 06:30:00,16.28,-2.2,5.19,1.95,25.0,0.0,0,0
2025-04-22 07:00:00,6.62,-12.69,7.62,0.47,25.0,0.0,0,0
2025-04-22 07:30:00,2.39,-6.06,2.24,0.18,25.0,0.0,0,0
2025-04-22 08:00:00,6.03,13.29,2.73,1.24,25.0,0.0,0,0
2025-04-22 08:30:00,6.38,7.1,4.71,0.76,25.0,0.0,0,0
2025-04-22 09:00:00,5.76,4.51,7.6,1.97,25.0,0.0,0,0
2025-04-22 09:30:00,7.94,12.3,3.9,0.93,25.0,0.0,0,0
2025-04-22 10:00:00,-0.38,-17.02,5.04,1.72,25.0,0.0,0,0
2025-04-22 10:30:00,1.2,4.37,2.25,1.36,25.0,0.0,0,0
2025-04-22 11:00:00,7.36,19.67,2.89,0.9,25.0,0.0,0,0
2025-04-22 11:30:00,10.29,16.16,7.92,0.03,25.0,0.0,0,0
2025-04-22 12:00:00,12.92,18.17,7.79,1.88,25.0,0.0,0,0
2025-04-22 12:30:00,17.27,25.99,2.03,1.13,25.0,0.0,0,0
2025-04-22 13:00:00,13.76,6.72,7.71,0.77,25.0,0.0,0,0
2025-04-22 13:30:00,7.85,-3.96,5.83,0.03,25.0,0.0,0,0
2025-04-22 14:00:00,13.58,25.05,7.21,0.46,25.0,0.0,0,0
2025-04-22 14:30:00,16.49,22.3,4.73,0.48,25.0,0.0,0,0
2025-04-22 15:00:00,15.48,13.47,5.09,1.37,25.0,0.0,0,0
2025-04-22 15:30:00,11.16,2.53,4.93,1.22,25.0,0.0,0,0
2025-04-22 16:00:00,9.45,6.02,6.0,0.0,25.0,0.0,0,0
2025-04-22 16:30:00,0.86,-16.31,2.84,0.0,25.0,0.0,0,0
2025-04-22 17:00:00,6.87,18.87,2.18,0.0,25.0,0.0,0,0
2025-04-22 17:30:00,11.25,20.01,3.85,0.0,25.0,0.0,0,0
2025-04-22 18:00:00,3.02,-13.45,6.23,0.0,25.0,0.0,0,0
2025-04-22 18:30:00,7.42,16.23,3.21,0.0,25.0,0.0,0,0
2025-04-22 19:00:00,8.98,12.1,6.04,0.0,25.0,0.0,0,0
2025-04-22 19:30:00,3.48,-7.51,7.82,0.0,25.0,0.0,0,0
2025-04-22 20:00:00,-2.85,-15.53,2.56,0.0,25.0,0.0,0,0
2025-04-22 20:30:00,1.98,11.64,6.04,0.0,25.0,0.0,0,0
2025-04-22 21:00:00,0.88,-1.3,4.66,0.0,25.0,0.0,0,0
2025-04-22 21:30:00,12.09,34.51,7.21,0.0,25.0,0.0,0,0
2025-04-22 22:00:00,13.85,17.35,3.06,0.0,25.0,0.0,0,0
2025-04-22 22:30:00,13.65,13.26,6.16,0.0,25.0,0.0,0,0
2025-04-22 23:00:00,14.06,14.87,7.03,0.0,25.0,0.0,0,0
2025-04-22 23:30:00,18.58,27.63,7.67,0.0,25.0,0.0,0,0
2025-04-23 00:00:00,18.65,18.8,6.1,0.0,25.0,0.0,0,0
2025-04-23 00:30:00,16.6,12.48,4.98,0.0,25.0,0.0,0,0
2025-04-23 01:00:00,8.07,-9.0,5.71,0.0,25.0,0.0,0,0
2025-04-23 01:30:00,23.09,53.14,7.21,0.0,25.0,0.0,0,0
2025-04-23 02:00:00,11.69,-11.12,5.42,0.0,25.0,0.0,0,0
2025-04-23 02:30:00,6.96,-2.51,2.18,0.0,25.0,0.0,0,0
2025-04-23 03:00:00,-1.11,-17.24,7.59,0.0,25.0,0.0,0,0
2025-04-23 03:30:00,4.0,14.22,6.14,0.0,25.0,0.0,0,0
2025-04-23 04:00:00,5.44,8.33,6.06,0.0,25.0,0.0,0,0
2025-04-23 04:30:00,8.55,14.77,3.29,0.0,25.0,0.0,0,0
2025-04-23 05:00:00,-1.01,-20.13,5.95,0.0,25.0,0.0,0,0
2025-04-23 05:30:00,6.35,21.06,4.36,0.0,25.0,0.0,0,0
2025-04-23 06:00:00,2.16,-6.2,5.91,0.0,25.0,0.0,0,0
2025-04-23 06:30:00,1.58,0.4,2.64,0.0,25.0,0.0,0,0
2025-04-23 07:00:00,7.69,19.92,5.95,0.0,25.0,0.0,0,0
2025-04-23 07:30:00,9.1,11.92,8.0,0.0,25.0,0.0,0,0
2025-04-23 08:00:00,8.49,7.27,2.29,0.0,25.0,0.0,0,0
2025-04-23 08:30:00,12.28,19.85,7.86,0.0,25.0,0.0,0,0
2025-04-23 09:00:00,11.81,10.87,4.44,0.0,25.0,0.0,0,0
2025-04-23 09:30:00,8.58,2.11,7.22,0.0,25.0,0.0,0,0
2025-04-23 10:00:00,7.12,4.2,6.69,0.0,25.0,0.0,0,0
2025-04-23 10:30:00,7.6,8.58,5.4,0.0,25.0,0.0,0,0
2025-04-23 11:00:00,2.74,-7.0,6.43,0.0,25.0,0.0,0,0
2025-04-23 11:30:00,9.23,22.21,7.27,0.0,25.0,0.0,0,0
2025-04-23 12:00:00,9.07,8.75,4.42,0.0,25.0,0.0,0,0
2025-04-23 12:30:00,7.74,5.08,3.96,0.0,25.0,0.0,0,0
2025-04-23 13:00:00,13.13,23.89,6.01,0.0,25.0,0.0,0,0
2025-04-23 13:30:00,10.43,5.05,6.85,0.0,25.0,0.0,0,0
2025-04-23 14:00:00,8.23,3.84,6.57,0.0,25.0,0.0,0,0
2025-04-23 14:30:00,5.33,-0.48,6.79,0.0,25.0,0.0,0,0
2025-04-23 15:00:00,6.81,9.76,4.61,0.0,25.0,0.0,0,0
2025-04-23 15:30:00,8.38,11.53,6.91,0.0,25.0,0.0,0,0
2025-04-23 16:00:00,3.16,-7.27,2.72,0.0,25.0,0.0,0,0
2025-04-23 16:30:00,2.98,2.6,5.27,0.0,25.0,0.0,0,0
2025-04-23 17:00:00,-0.64,-7.86,2.03,0.0,25.0,0.0,0,0
2025-04-23 17:30:00,-2.63,-6.63,3.95,0.0,25.0,0.0,0,0
2025-04-23 18:00:00,-9.0,-21.75,4.2,0.0,25.0,0.0,0,0
2025-04-23 18:30:00,-5.7,0.91,4.38,0.0,25.0,0.0,0,0
2025-04-23 19:00:00,-10.25,-19.36,6.17,0.0,25.0,0.0,0,0
2025-04-23 19:30:00,-7.71,-2.61,4.33,0.0,25.0,0.0,0,0
2025-04-23 20:00:00,-6.64,-4.5,4.69,0.0,25.0,0.0,0,0
2025-04-23 20:30:00,1.98,19.2,3.43,0.0,25.0,0.0,0,0
2025-04-23 21:00:00,-2.34,-10.98,4.24,0.0,25.0,0.0,0,0
2025-04-23 21:30:00,-4.25,-8.05,3.36,0.0,25.0,0.0,0,0
2025-04-23 22:00:00,-3.93,-3.28,2.44,0.0,25.0,0.0,0,0
2025-04-23 22:30:00,-3.64,-3.08,5.62,0.0,25.0,0.0,0,0
2025-04-23 23:00:00,6.42,26.55,6.01,0.0,25.0,0.0,0,0
2025-04-23 23:30:00,0.49,-11.36,5.72,0.0,25.0,0.0,0,0
2025-04-24 00:00:00,0.03,-0.91,4.78,0.0,25.0,0.0,0,0
2025-04-24 00:30:00,3.1,9.26,4.28,0.0,25.0,0.0,0,0
2025-04-24 01:00:00,8.87,20.4,7.18,0.0,25.0,0.0,0,0
2025-04-24 01:30:00,5.72,-0.59,5.11,0.0,25.0,0.0,0,0
2025-04-24 02:00:00,-4.16,-23.9,4.88,0.0,25.0,0.0,0,0
2025-04-24 02:30:00,-2.8,-0.1,2.15,0.0,25.0,0.0,0,0
2025-04-24 03:00:00,6.24,24.33,4.05,0.0,25.0,0.0,0,0
2025-04-24 03:30:00,7.0,8.51,4.28,0.0,25.0,0.0,0,0
2025-04-24 04:00:00,7.31,7.94,4.39,0.0,25.0,0.0,0,0
2025-04-24 04:30:00,1.39,-10.46,5.48,0.0,25.0,0.0,0,0
2025-04-24 05:00:00,-3.17,-12.28,5.2,0.0,25.0,0.0,0,0
2025-04-24 05:30:00,-0.14,5.92,5.65,0.0,25.0,0.0,0,0
2025-04-24 06:00:00,-5.03,-14.81,6.59,0.0,25.0,0.0,0,0
2025-04-24 06:30:00,2.85,18.6,6.88,0.0,25.0,0.0,0,0
2025-04-24 07:00:00,-0.23,-6.39,6.31,0.0,25.0,0.0,0,0
2025-04-24 07:30:00,2.3,7.36,7.73,0.0,25.0,0.0,0,0
2025-04-24 08:00:00,-7.19,-26.18,2.11,6.52,25.0,0.0,0,1
2025-04-24 08:30:00,-5.71,-2.73,3.17,4.64,25.0,0.0,0,-1
2025-04-24 09:00:00,-9.05,-15.74,2.05,9.8,25.0,0.0,0,1
2025-04-24 09:30:00,-15.68,-28.94,5.88,6.83,25.0,0.0,0,1
2025-04-24 10:00:00,-5.28,15.52,7.39,4.87,25.0,0.0,0,-1
2025-04-24 10:30:00,5.84,28.08,3.46,8.11,25.0,0.0,0,1
2025-04-24 11:00:00,12.06,24.5,7.56,3.28,24.09,0.907,1,-1
2025-04-24 11:30:00,12.24,12.59,2.36,10.58,24.09,0.0,0,1
2025-04-24 12:00:00,8.62,1.39,7.61,7.05,24.09,0.0,0,1
2025-04-24 12:30:00,11.15,16.2,4.11,6.56,24.09,0.0,0,1
2025-04-24 13:00:00,14.42,20.97,2.61,11.34,24.09,0.0,0,-1
2025-04-24 13:30:00,11.94,6.97,4.92,9.55,24.09,0.0,0,1
2025-04-24 14:00:00,3.22,-14.22,3.54,5.94,24.09,0.0,0,1
2025-04-24 14:30:00,0.88,-3.78,3.71,8.13,24.09,0.0,0,1
2025-04-24 15:00:00,10.38,29.38,3.84,7.69,24.09,0.0,0,1
2025-04-24 15:30:00,8.82,5.7,6.82,11.65,24.09,0.0,0,-1
2025-04-24 16:00:00,-9.0,-44.64,5.23,10.6,24.09,0.0,0,-1
2025-04-24 16:30:00,-12.05,-18.17,3.87,9.73,24.09,0.0,0,1
2025-04-24 17:00:00,-8.27,-0.7,5.66,7.86,24.09,0.0,0,1
2025-04-24 17:30:00,1.76,21.83,6.3,8.28,24.09,0.0,0,1
2025-04-24 18:00:00,1.02,-0.46,3.64,11.69,24.09,0.0,0,-1
2025-04-24 18:30:00,7.45,20.3,4.48,8.46,23.51,0.587,1,1
2025-04-24 19:00:00,3.24,-5.16,2.73,5.48,23.51,0.0,0,1
2025-04-24 19:30:00,-6.63,-26.38,3.09,5.67,23.51,0.0,0,-1
2025-04-24 20:00:00,-4.85,-1.29,6.09,4.49,23.51,0.0,0,-1
2025-04-24 20:30:00,-0.48,8.26,3.09,3.14,23.51,0.0,0,-1
2025-04-24 21:00:00,2.71,9.08,5.15,6.81,23.51,0.0,0,1
2025-04-24 21:30:00,-2.39,-12.57,6.25,6.55,23.51,0.0,0,-1
2025-04-24 22:00:00,-2.47,-2.63,2.64,5.64,23.51,0.0,0,-1
2025-04-24 22:30:00,13.58,45.67,5.4,3.13,23.51,0.0,0,1
2025-04-24 23:00:00,4.07,-14.96,3.54,4.79,23.51,0.0,0,-1
2025-04-24 23:30:00,8.61,17.69,7.78,9.4,23.51,0.0,0,1
2025-04-25 00:00:00,-3.11,-26.55,4.9,10.11,23.51,0.0,0,1
2025-04-25 00:30:00,4.52,19.79,6.84,8.45,23.51,0.0,0,-1
2025-04-25 01:00:00,0.32,-8.08,5.3,11.34,23.51,0.0,0,1
2025-04-25 01:30:00,2.98,8.29,2.26,8.86,23.51,0.0,0,-1
2025-04-25 02:00:00,-2.54,-13.57,5.8,11.23,23.51,0.0,0,-1
2025-04-25 02:30:00,2.33,12.07,7.71,10.65,23.51,0.0,0,-1
2025-04-25 03:00:00,-1.12,-8.02,5.61,7.05,23.51,0.0,0,1
2025-04-25 03:30:00,-2.02,-3.81,6.92,3.86,23.51,0.0,0,-1
2025-04-25 04:00:00,3.3,13.94,7.31,0.0,23.51,0.0,0,0
2025-04-25 04:30:00,1.17,-3.09,3.37,0.0,23.51,0.0,0,0
2025-04-25 05:00:00,3.77,8.98,3.27,0.0,23.51,0.0,0,0
2025-04-25 05:30:00,3.45,2.8,5.67,0.0,23.51,0.0,0,0
2025-04-25 06:00:00,4.13,5.48,4.47,0.0,23.51,0.0,0,0
2025-04-25 06:30:00,7.32,13.72,7.04,0.0,23.51,0.0,0,0
2025-04-25 07:00:00,5.6,2.15,7.4,0.0,23.51,0.0,0,0
2025-04-25 07:30:00,0.13,-10.82,4.12,0.0,23.51,0.0,0,0
2025-04-25 08:00:00,-1.44,-4.56,3.42,0.0,23.51,0.0,0,0
2025-04-25 08:30:00,7.25,24.61,6.68,0.0,23.51,0.0,0,0
2025-04-25 09:00:00,6.63,5.39,3.65,0.0,23.51,0.0,0,0
2025-04-25 09:30:00,2.51,-5.74,6.94,0.0,23.51,0.0,0,0
2025-04-25 10:00:00,5.19,10.57,4.54,0.0,23.51,0.0,0,0
2025-04-25 10:30:00,7.8,13.03,6.01,0.0,23.51,0.0,0,0
2025-04-25 11:00:00,8.66,10.37,2.57,0.0,23.51,0.0,0,0
2025-04-25 11:30:00,2.8,-8.92,5.74,0.0,23.51,0.0,0,0
2025-04-25 12:00:00,0.02,-5.53,4.71,0.0,23.51,0.0,0,0
2025-04-25 12:30:00,-1.53,-4.63,5.52,0.0,23.51,0.0,0,0
2025-04-25 13:00:00,-1.82,-2.4,3.01,0.0,23.51,0.0,0,0
2025-04-25 13:30:00,3.62,14.51,6.42,0.0,23.51,0.0,0,0
2025-04-25 14:00:00,6.29,11.62,7.18,0.0,23.51,0.0,0,0
2025-04-25 14:30:00,7.17,8.93,3.3,0.0,23.51,0.0,0,0
2025-04-25 15:00:00,12.41,22.88,2.57,0.0,23.51,0.0,0,0
2025-04-25 15:30:00,12.43,12.48,2.14,0.0,23.51,0.0,0,0
2025-04-25 16:00:00,9.53,3.72,5.85,0.0,23.51,0.0,0,0
2025-04-25 16:30:00,2.31,-12.12,5.64,0.0,23.51,0.0,0,0
2025-04-25 17:00:00,-0.27,-5.44,5.28,0.0,23.51,0.0,0,0
2025-04-25 17:30:00,-0.36,-0.53,3.39,0.0,23.51,0.0,0,0
2025-04-25 18:00:00,5.36,16.78,4.35,0.0,25.0,0.0,0,0
2025-04-25 18:30:00,5.29,5.16,5.57,0.0,25.0,0.0,0,0
2025-04-25 19:00:00,1.91,-4.86,4.98,0.0,25.0,0.0,0,0
2025-04-25 19:30:00,0.25,-3.07,7.93,0.0,25.0,0.0,0,0
2025-04-25 20:00:00,0.76,1.77,2.82,0.0,25.0,0.0,0,0
2025-04-25 20:30:00,7.01,19.52,6.17,0.0,25.0,0.0,0,0
2025-04-25 21:00:00,14.1,28.29,4.43,0.0,25.0,0.0,0,0
2025-04-25 21:30:00,9.9,1.48,4.57,0.0,25.0,0.0,0,0
2025-04-25 22:00:00,8.48,5.63,6.31,0.0,25.0,0.0,0,0
2025-04-25 22:30:00,1.63,-12.05,6.15,0.0,25.0,0.0,0,0
2025-04-25 23:00:00,13.43,37.04,7.95,0.0,25.0,0.0,0,0
2025-04-25 23:30:00,2.87,-18.24,2.77,0.0,25.0,0.0,0,0
2025-04-26 00:00:00,8.65,20.2,2.62,0.0,25.0,0.0,0,0
2025-04-26 00:30:00,6.05,0.87,6.35,0.0,25.0,0.0,0,0
2025-04-26 01:00:00,2.86,-3.52,5.47,0.0,25.0,0.0,0,0
2025-04-26 01:30:00,-2.43,-13.01,3.64,0.0,25.0,0.0,0,0
2025-04-26 02:00:00,11.26,38.63,2.48,0.0,25.0,0.0,0,0
2025-04-26 02:30:00,9.45,5.84,2.51,0.0,25.0,0.0,0,0
2025-04-26 03:00:00,8.86,7.68,7.37,0.0,25.0,0.0,0,0
2025-04-26 03:30:00,11.39,16.45,3.15,0.0,25.0,0.0,0,0
2025-04-26 04:00:00,5.65,-5.82,3.94,0.0,25.0,0.0,0,0
2025-04-26 04:30:00,4.9,3.39,3.36,0.0,25.0,0.0,0,0
2025-04-26 05:00:00,4.92,4.98,4.13,0.0,25.0,0.0,0,0
2025-04-26 05:30:00,1.53,-5.27,2.42,0.0,25.0,0.0,0,0
2025-04-26 06:00:00,8.72,23.11,5.11,0.0,25.0,0.0,0,0
2025-04-26 06:30:00,5.52,-0.87,2.41,0.0,25.0,0.0,0,0
2025-04-26 07:00:00,-1.82,-16.49,6.8,0.0,25.0,0.0,0,0
2025-04-26 07:30:00,-1.58,-1.12,3.4,0.0,25.0,0.0,0,0
2025-04-26 08:00:00,1.94,8.98,5.24,0.0,25.0,0.0,0,0
2025-04-26 08:30:00,-0.75,-6.12,7.28,0.0,25.0,0.0,0,0
2025-04-26 09:00:00,-2.6,-6.31,5.91,0.0,25.0,0.0,0,0
2025-04-26 09:30:00,-2.73,-3.0,5.2,0.0,25.0,0.0,0,0
2025-04-26 10:00:00,5.6,22.26,3.95,0.0,25.0,0.0,0,0
2025-04-26 10:30:00,2.63,-3.31,4.0,0.0,25.0,0.0,0,0
2025-04-26 11:00:00,10.9,27.45,6.02,0.0,25.0,0.0,0,0
2025-04-26 11:30:00,6.85,-1.26,7.96,0.0,25.0,0.0,0,0
2025-04-26 12:00:00,8.18,10.85,5.97,0.0,25.0,0.0,0,0
2025-04-26 12:30:00,5.01,-1.35,5.35,0.0,25.0,0.0,0,0
2025-04-26 13:00:00,9.24,17.7,6.38,0.0,25.0,0.0,0,0
2025-04-26 13:30:00,2.16,-11.98,4.79,0.0,25.0,0.0,0,0
2025-04-26 14:00:00,5.94,13.5,2.36,0.0,25.0,0.0,0,0
2025-04-26 14:30:00,6.32,7.08,5.37,0.0,25.0,0.0,0,0
2025-04-26 15:00:00,3.6,-1.85,7.75,0.0,25.0,0.0,0,0
2025-04-26 15:30:00,2.58,0.56,3.05,0.0,25.0,0.0,0,0
2025-04-26 16:00:00,11.44,29.15,6.14,0.0,25.0,0.0,0,0
2025-04-26 16:30:00,9.38,5.27,3.21,0.0,25.0,0.0,0,0
2025-04-26 17:00:00,4.48,-5.33,5.21,0.0,25.0,0.0,0,0
2025-04-26 17:30:00,-2.18,-15.49,2.58,0.0,25.0,0.0,0,0
2025-04-26 18:00:00,2.64,12.28,4.7,0.0,25.0,0.0,0,0
2025-04-26 18:30:00,4.92,9.47,6.54,0.0,25.0,0.0,0,0
2025-04-26 19:00:00,8.12,14.51,4.09,0.0,25.0,0.0,0,0
2025-04-26 19:30:00,0.1,-15.94,5.99,0.0,25.0,0.0,0,0
2025-04-26 20:00:00,-3.54,-10.81,6.77,5.93,25.0,0.0,0,1
2025-04-26 20:30:00,5.9,24.77,7.56,9.57,25.0,0.0,0,1
2025-04-26 21:00:00,6.72,8.38,3.41,8.74,25.0,0.0,0,1
2025-04-26 21:30:00,8.61,12.4,4.4,10.98,25.0,0.0,0,-1
2025-04-26 22:00:00,1.9,-11.53,2.91,7.25,25.0,0.0,0,1
2025-04-26 22:30:00,-0.99,-6.76,7.95,4.08,25.0,0.0,0,1
2025-04-26 23:00:00,6.82,22.43,7.56,9.42,23.54,1.464,1,-1
2025-04-26 23:30:00,11.48,20.82,5.24,9.85,23.54,0.0,0,-1
2025-04-27 00:00:00,4.57,-9.27,7.05,8.05,23.54,0.0,0,1
2025-04-27 00:30:00,-1.64,-14.06,5.13,9.94,23.54,0.0,0,1
2025-04-27 01:00:00,0.27,4.11,5.74,7.44,23.54,0.0,0,-1
2025-04-27 01:30:00,-2.97,-9.46,2.53,7.7,23.54,0.0,0,1
2025-04-27 02:00:00,-3.9,-5.77,6.53,6.85,23.54,0.0,0,1
2025-04-27 02:30:00,-7.94,-16.0,2.77,3.23,23.54,0.0,0,1
2025-04-27 03:00:00,-5.31,-0.07,6.96,3.97,23.54,0.0,0,1
2025-04-27 03:30:00,-7.09,-10.63,6.69,3.28,23.54,0.0,0,-1
2025-04-27 04:00:00,-8.12,-10.18,6.25,8.73,23.54,0.0,0,1
2025-04-27 04:30:00,-3.18,6.69,2.22,5.83,23.54,0.0,0,-1
2025-04-27 05:00:00,-1.12,2.99,3.82,7.58,23.54,0.0,0,1
2025-04-27 05:30:00,2.87,10.85,3.58,11.17,23.54,0.0,0,-1
2025-04-27 06:00:00,-4.95,-20.57,4.16,5.24,23.54,0.0,0,1
2025-04-27 06:30:00,-2.41,2.67,2.53,6.69,23.54,0.0,0,-1
2025-04-27 07:00:00,11.31,38.76,7.62,9.8,23.54,0.0,0,1
2025-04-27 07:30:00,7.46,-0.26,5.32,5.06,23.54,0.0,0,-1
2025-04-27 08:00:00,10.37,16.2,3.83,3.69,23.54,0.0,0,1
2025-04-27 08:30:00,12.46,16.62,4.38,5.61,23.54,0.0,0,1
2025-04-27 09:00:00,14.19,17.66,4.68,4.45,22.64,0.896,1,-1
2025-04-27 09:30:00,12.16,8.1,5.6,11.37,22.64,0.0,0,-1
2025-04-27 10:00:00,12.64,13.59,5.09,10.27,22.64,0.0,0,-1
2025-04-27 10:30:00,14.42,18.0,7.52,8.7,22.64,0.0,0,-1
2025-04-27 11:00:00,14.45,14.51,4.98,10.84,22.64,0.0,0,-1
2025-04-27 11:30:00,6.7,-8.81,7.95,10.23,22.64,0.0,0,1
2025-04-27 12:00:00,-1.7,-18.5,7.11,4.68,22.64,0.0,0,-1
2025-04-27 12:30:00,-7.82,-20.05,3.25,11.03,22.64,0.0,0,-1
2025-04-27 13:00:00,-4.03,3.53,7.58,7.85,22.64,0.0,0,1
2025-04-27 13:30:00,1.18,11.61,2.7,10.27,22.64,0.0,0,-1
2025-04-27 14:00:00,-2.43,-9.66,6.9,11.06,22.64,0.0,0,-1
2025-04-27 14:30:00,4.42,18.14,4.28,5.86,21.16,1.483,1,-1
2025-04-27 15:00:00,2.86,-0.27,7.27,3.99,21.16,0.0,0,1
2025-04-27 15:30:00,1.85,-0.18,7.21,5.05,21.16,0.0,0,-1
2025-04-27 16:00:00,-0.67,-5.71,6.84,3.0,21.16,0.0,0,1
2025-04-27 16:30:00,-7.62,-21.53,6.74,6.17,21.16,0.0,0,1
2025-04-27 17:00:00,-2.66,7.27,3.83,5.74,21.16,0.0,0,-1
2025-04-27 17:30:00,7.62,28.18,2.49,4.48,21.16,0.0,0,1
2025-04-27 18:00:00,6.24,3.48,4.42,7.81,21.16,0.0,0,-1
2025-04-27 18:30:00,-4.08,-24.72,3.04,7.36,21.16,0.0,0,-1
2025-04-27 19:00:00,3.24,17.87,6.17,9.23,21.16,0.0,0,-1
2025-04-27 19:30:00,-4.61,-20.3,4.08,5.42,21.16,0.0,0,-1
2025-04-27 20:00:00,-6.5,-10.28,7.85,5.2,21.16,0.0,0,-1
2025-04-27 20:30:00,-3.58,2.27,5.85,4.51,21.16,0.0,0,1
2025-04-27 21:00:00,0.54,8.78,6.93,4.97,21.16,0.0,0,1
2025-04-27 21:30:00,-3.75,-12.33,2.8,8.02,21.16,0.0,0,1
2025-04-27 22:00:00,-1.5,3.01,7.17,6.63,21.16,0.0,0,1
2025-04-27 22:30:00,5.09,18.26,7.54,3.58,21.16,0.0,0,-1
2025-04-27 23:00:00,9.3,17.71,4.92,5.29,21.16,0.0,0,-1
2025-04-27 23:30:00,14.33,24.41,5.64,5.22,21.16,0.0,0,1
2025-04-28 00:00:00,21.3,35.23,6.59,9.27,21.16,0.0,0,-1
2025-04-28 00:30:00,19.27,15.2,3.05,9.41,21.16,0.0,0,1
2025-04-28 01:00:00,13.43,1.76,5.02,4.33,21.16,0.0,0,1
2025-04-28 01:30:00,14.71,17.28,4.39,11.98,21.16,0.0,0,1
2025-04-28 02:00:00,13.1,9.88,2.88,5.4,21.16,0.0,0,1
2025-04-28 02:30:00,12.67,11.8,4.21,11.79,21.16,0.0,0,-1
2025-04-28 03:00:00,10.14,5.07,2.41,6.7,21.16,0.0,0,-1
2025-04-28 03:30:00,2.91,-11.53,2.15,3.3,21.16,0.0,0,1
2025-04-28 04:00:00,-2.26,-12.61,2.81,6.11,21.16,0.0,0,1
2025-04-28 04:30:00,0.6,6.32,7.78,8.71,21.16,0.0,0,1
2025-04-28 05:00:00,2.91,7.53,5.3,9.13,21.16,0.0,0,1
2025-04-28 05:30:00,1.14,-2.4,7.79,7.78,21.16,0.0,0,1
2025-04-28 06:00:00,4.41,10.95,4.59,7.03,21.16,0.0,0,-1
2025-04-28 06:30:00,14.63,35.08,3.87,7.98,21.16,0.0,0,1
2025-04-28 07:00:00,2.71,-21.13,5.04,8.33,21.16,0.0,0,1
2025-04-28 07:30:00,6.27,13.37,4.64,3.73,21.16,0.0,0,-1
2025-04-28 08:00:00,4.73,1.64,2.63,6.33,21.16,0.0,0,-1
2025-04-28 08:30:00,7.35,12.6,5.84,5.18,21.16,0.0,0,-1
2025-04-28 09:00:00,3.85,-3.16,3.3,10.23,21.16,0.0,0,-1
2025-04-28 09:30:00,3.74,3.53,5.72,7.23,21.16,0.0,0,-1
2025-04-28 10:00:00,5.11,7.84,5.9,11.85,21.16,0.0,0,-1
2025-04-28 10:30:00,2.87,-1.61,2.91,6.59,21.16,0.0,0,-1
2025-04-28 11:00:00,-4.9,-20.44,2.37,10.35,21.16,0.0,0,-1
2025-04-28 11:30:00,-2.21,3.18,6.68,10.19,21.16,0.0,0,-1
2025-04-28 12:00:00,-6.97,-16.49,4.76,0.64,21.16,0.0,0,0
2025-04-28 12:30:00,-0.6,12.15,2.35,0.37,21.16,0.0,0,0
2025-04-28 13:00:00,-7.07,-20.01,7.97,0.08,21.16,0.0,0,0
2025-04-28 13:30:00,1.21,17.78,2.35,1.18,21.16,0.0,0,0
2025-04-28 14:00:00,5.01,12.61,6.17,1.36,21.16,0.0,0,0
2025-04-28 14:30:00,8.14,14.4,7.9,0.03,21.16,0.0,0,0
2025-04-28 15:00:00,-4.25,-29.03,3.44,1.02,21.16,0.0,0,0
2025-04-28 15:30:00,-3.52,-2.08,2.85,0.45,21.16,0.0,0,0
2025-04-28 16:00:00,4.33,20.03,2.73,1.29,21.16,0.0,0,0
2025-04-28 16:30:00,1.57,-3.96,3.82,0.35,21.16,0.0,0,0
2025-04-28 17:00:00,-3.48,-13.56,2.61,1.38,21.16,0.0,0,0
2025-04-28 17:30:00,-3.45,-3.4,6.15,0.77,21.16,0.0,0,0
2025-04-28 18:00:00,-1.85,1.35,2.37,1.87,21.16,0.0,0,0
2025-04-28 18:30:00,-3.81,-7.71,5.06,0.28,21.16,0.0,0,0
2025-04-28 19:00:00,6.29,26.49,7.98,0.68,21.16,0.0,0,0
2025-04-28 19:30:00,6.17,5.91,6.88,0.23,21.16,0.0,0,0
2025-04-28 20:00:00,3.23,-2.64,5.69,1.85,21.16,0.0,0,0
2025-04-28 20:30:00,-3.07,-15.68,3.84,1.75,21.16,0.0,0,0
2025-04-28 21:00:00,2.29,13.01,5.74,0.52,21.16,0.0,0,0
2025-04-28 21:30:00,5.55,12.09,5.16,1.32,21.16,0.0,0,0
2025-04-28 22:00:00,1.26,-7.33,4.56,1.63,21.16,0.0,0,0
2025-04-28 22:30:00,-9.41,-30.76,2.78,1.11,21.16,0.0,0,0
2025-04-28 23:00:00,-1.78,13.48,7.32,1.06,21.16,0.0,0,0
2025-04-28 23:30:00,-0.56,1.9,4.7,0.48,21.16,0.0,0,0
2025-04-29 00:00:00,2.37,8.21,3.17,0.19,21.16,0.0,0,0
2025-04-29 00:30:00,12.77,33.56,4.21,1.79,21.16,0.0,0,0
2025-04-29 01:00:00,9.87,4.08,4.48,1.8,21.16,0.0,0,0
2025-04-29 01:30:00,6.33,-0.74,6.97,1.27,21.16,0.0,0,0
2025-04-29 02:00:00,0.62,-10.81,6.4,0.68,21.16,0.0,0,0
2025-04-29 02:30:00,1.06,1.93,6.62,0.7,21.16,0.0,0,0
2025-04-29 03:00:00,2.2,4.47,2.07,1.45,21.16,0.0,0,0
2025-04-29 03:30:00,3.23,5.3,4.5,1.79,21.16,0.0,0,0
2025-04-29 04:00:00,12.4,30.74,4.89,1.77,21.16,0.0,0,0
2025-04-29 04:30:00,11.47,9.6,2.12,1.56,21.16,0.0,0,0
2025-04-29 05:00:00,8.16,1.54,3.56,1.28,21.16,0.0,0,0
2025-04-29 05:30:00,4.09,-4.04,6.56,0.17,21.16,0.0,0,0
2025-04-29 06:00:00,5.0,6.82,2.82,0.32,21.16,0.0,0,0
2025-04-29 06:30:00,0.54,-8.39,5.21,1.8,21.16,0.0,0,0
2025-04-29 07:00:00,2.35,5.99,3.29,1.21,21.16,0.0,0,0
2025-04-29 07:30:00,4.7,9.38,2.07,0.02,21.16,0.0,0,0
2025-04-29 08:00:00,3.2,0.2,3.45,11.46,21.16,0.0,0,1
2025-04-29 08:30:00,1.6,-1.6,7.86,11.76,21.16,0.0,0,-1
2025-04-29 09:00:00,-7.59,-25.97,6.81,5.56,21.16,0.0,0,1
2025-04-29 09:30:00,3.24,24.92,7.76,5.75,21.16,0.0,0,1
2025-04-29 10:00:00,5.82,10.98,4.93,7.37,20.0,1.161,1,1
2025-04-29 10:30:00,6.91,9.07,2.66,7.04,20.0,0.0,0,1
2025-04-29 11:00:00,-1.44,-18.13,5.29,11.95,20.0,0.0,0,1
2025-04-29 11:30:00,7.51,25.42,4.73,4.58,20.0,0.0,0,1
2025-04-29 12:00:00,5.04,0.09,7.07,3.16,20.0,0.0,0,1
2025-04-29 12:30:00,2.78,-1.74,2.59,7.45,20.0,0.0,0,1
2025-04-29 13:00:00,-1.85,-11.11,4.93,4.61,20.0,0.0,0,-1
2025-04-29 13:30:00,-9.2,-23.9,2.9,6.3,20.0,0.0,0,1
2025-04-29 14:00:00,0.97,21.31,3.95,9.7,20.0,0.0,0,1
2025-04-29 14:30:00,9.22,25.72,6.42,9.49,20.0,0.0,0,1
2025-04-29 15:00:00,6.94,2.37,4.86,5.77,20.0,0.0,0,1
2025-04-29 15:30:00,2.65,-5.94,4.26,7.88,20.0,0.0,0,-1
2025-04-29 16:00:00,1.33,-1.29,4.37,7.58,20.0,0.0,0,1
2025-04-29 16:30:00,0.73,-0.49,4.76,8.73,20.0,0.0,0,-1
2025-04-29 17:00:00,-3.28,-11.29,6.71,5.25,20.0,0.0,0,-1
2025-04-29 17:30:00,-1.2,2.97,7.35,8.31,20.0,0.0,0,1
2025-04-29 18:00:00,2.55,10.03,7.73,11.81,20.0,0.0,0,1
2025-04-29 18:30:00,9.03,21.99,6.72,7.38,20.0,0.0,0,-1
2025-04-29 19:00:00,7.39,4.11,3.89,11.15,20.0,0.0,0,1
2025-04-29 19:30:00,-0.91,-17.52,6.13,6.91,20.0,0.0,0,1
2025-04-29 20:00:00,2.7,9.93,4.63,6.15,20.0,0.0,0,-1
2025-04-29 20:30:00,1.7,-0.31,3.53,8.81,20.0,0.0,0,-1
2025-04-29 21:00:00,10.33,27.6,7.05,9.02,19.14,0.859,1,1
2025-04-29 21:30:00,14.78,23.67,2.23,10.78,19.14,0.0,0,1
2025-04-29 22:00:00,19.64,29.38,7.41,5.07,19.14,0.0,0,1
2025-04-29 22:30:00,11.88,-3.65,4.77,7.49,19.14,0.0,0,-1
2025-04-29 23:00:00,19.81,35.67,5.82,8.15,19.14,0.0,0,1
2025-04-29 23:30:00,16.95,11.22,5.96,9.92,19.14,0.0,0,-1
2025-04-30 00:00:00,21.89,31.77,7.37,3.39,19.14,0.0,0,-1
2025-04-30 00:30:00,14.02,-1.72,5.82,11.95,19.14,0.0,0,1
2025-04-30 01:00:00,9.75,1.2,5.68,7.23,19.14,0.0,0,-1
2025-04-30 01:30:00,8.67,6.51,2.4,5.52,19.14,0.0,0,1
2025-04-30 02:00:00,8.24,7.39,5.11,10.95,19.14,0.0,0,1
2025-04-30 02:30:00,12.74,21.72,2.9,9.73,19.14,0.0,0,-1
2025-04-30 03:00:00,9.47,2.94,6.42,11.58,19.14,0.0,0,1
2025-04-30 03:30:00,13.83,22.54,5.07,5.98,19.14,0.0,0,-1
2025-04-30 04:00:00,14.91,17.06,6.08,11.7,19.14,0.0,0,-1
2025-04-30 04:30:00,9.62,-0.95,2.25,11.67,19.14,0.0,0,1
2025-04-30 05:00:00,10.52,12.33,2.51,10.68,19.14,0.0,0,1
2025-04-30 05:30:00,6.75,-0.8,6.3,5.65,19.14,0.0,0,1
2025-04-30 06:00:00,17.06,37.69,2.43,6.47,19.14,0.0,0,1
2025-04-30 06:30:00,-1.14,-37.54,2.43,10.66,19.14,0.0,0,-1
2025-04-30 07:00:00,3.3,12.17,2.07,5.85,19.14,0.0,0,-1
2025-04-30 07:30:00,-4.05,-18.73,7.74,4.53,19.14,0.0,0,-1
2025-04-30 08:00:00,-1.68,3.04,6.43,8.01,19.14,0.0,0,1
2025-04-30 08:30:00,-0.18,2.84,4.12,11.43,19.14,0.0,0,-1
2025-04-30 09:00:00,8.68,26.39,3.78,9.26,19.14,0.0,0,-1
2025-04-30 09:30:00,3.69,-6.28,4.1,8.13,19.14,0.0,0,1
2025-04-30 10:00:00,11.22,26.27,6.65,3.87,19.14,0.0,0,1
2025-04-30 10:30:00,3.57,-11.71,5.97,8.54,19.14,0.0,0,1
2025-04-30 11:00:00,10.15,23.31,3.11,11.91,19.14,0.0,0,-1
2025-04-30 11:30:00,5.41,-4.07,3.04,4.26,19.14,0.0,0,1
2025-04-30 12:00:00,4.84,3.69,2.59,7.66,19.14,0.0,0,-1
2025-04-30 12:30:00,3.53,0.92,5.96,10.9,19.14,0.0,0,-1
2025-04-30 13:00:00,10.96,25.82,6.59,9.67,19.14,0.0,0,-1
2025-04-30 13:30:00,13.94,19.91,3.59,9.27,18.41,0.723,1,-1
2025-04-30 14:00:00,12.22,8.78,2.13,9.32,18.41,0.0,0,-1
2025-04-30 14:30:00,3.22,-14.78,2.49,6.24,18.41,0.0,0,1
2025-04-30 15:00:00,1.17,-2.92,7.81,5.64,18.41,0.0,0,-1
2025-04-30 15:30:00,-3.1,-11.66,3.77,10.28,18.41,0.0,0,1
2025-04-30 16:00:00,-11.1,-27.11,6.62,10.29,18.41,0.0,0,-1
2025-04-30 16:30:00,0.82,24.67,5.75,10.8,18.41,0.0,0,-1
2025-04-30 17:00:00,0.34,-0.63,4.29,11.22,18.41,0.0,0,1
2025-04-30 17:30:00,-0.39,-1.84,3.23,7.6,18.41,0.0,0,-1
2025-04-30 18:00:00,8.13,25.17,2.73,7.51,18.41,0.0,0,-1
2025-04-30 18:30:00,4.94,-1.45,5.69,10.18,18.41,0.0,0,1
2025-04-30 19:00:00,1.3,-5.96,6.65,8.85,18.41,0.0,0,1
2025-04-30 19:30:00,1.7,2.49,5.86,9.32,18.41,0.0,0,-1
2025-04-30 20:00:00,-2.8,-11.81,5.18,10.16,18.41,0.0,0,-1
2025-04-30 20:30:00,0.6,7.42,2.25,11.01,18.41,0.0,0,-1
2025-04-30 21:00:00,1.14,2.21,7.81,6.04,18.41,0.0,0,1
2025-04-30 21:30:00,0.49,-0.82,6.79,6.38,18.41,0.0,0,-1
2025-04-30 22:00:00,-1.39,-5.15,3.76,3.85,18.41,0.0,0,1
2025-04-30 22:30:00,1.17,6.29,7.88,8.2,18.41,0.0,0,1
2025-04-30 23:00:00,3.07,6.86,5.61,3.32,18.41,0.0,0,-1
2025-04-30 23:30:00,1.28,-2.31,5.49,7.19,18.41,0.0,0,1
2025-05-01 00:00:00,1.22,1.11,6.49,0.0,18.41,0.0,0,0
2025-05-01 00:30:00,2.7,5.65,6.87,0.0,18.41,0.0,0,0
2025-05-01 01:00:00,2.86,3.2,5.94,0.0,18.41,0.0,0,0
2025-05-01 01:30:00,2.99,3.23,2.77,0.0,18.41,0.0,0,0
2025-05-01 02:00:00,-0.05,-6.12,4.03,0.0,18.41,0.0,0,0
2025-05-01 02:30:00,7.51,22.64,7.57,0.0,18.41,0.0,0,0
2025-05-01 03:00:00,6.61,4.8,3.35,0.0,18.41,0.0,0,0
2025-05-01 03:30:00,3.3,-3.32,4.23,0.0,18.41,0.0,0,0
2025-05-01 04:00:00,5.45,9.76,4.59,0.0,18.41,0.0,0,0
2025-05-01 04:30:00,4.81,3.52,4.64,0.0,18.41,0.0,0,0
2025-05-01 05:00:00,-3.57,-20.33,5.68,0.0,18.41,0.0,0,0
2025-05-01 05:30:00,1.88,12.77,7.66,0.0,18.41,0.0,0,0
2025-05-01 06:00:00,-2.7,-11.85,3.44,0.0,18.41,0.0,0,0
2025-05-01 06:30:00,3.78,16.75,2.73,0.0,18.41,0.0,0,0
2025-05-01 07:00:00,2.37,-0.44,3.18,0.0,18.41,0.0,0,0
2025-05-01 07:30:00,7.92,19.02,7.32,0.0,18.41,0.0,0,0
2025-05-01 08:00:00,4.09,-3.58,5.87,0.0,18.41,0.0,0,0
2025-05-01 08:30:00,4.31,4.76,3.72,0.0,18.41,0.0,0,0
2025-05-01 09:00:00,11.23,25.05,6.9,0.0,18.41,0.0,0,0
2025-05-01 09:30:00,8.53,3.13,7.17,0.0,18.41,0.0,0,0
2025-05-01 10:00:00,5.09,-1.78,7.08,0.0,18.41,0.0,0,0
2025-05-01 10:30:00,9.17,17.34,7.51,0.0,18.41,0.0,0,0
2025-05-01 11:00:00,10.47,13.05,3.51,0.0,18.41,0.0,0,0
2025-05-01 11:30:00,6.41,-1.7,6.53,0.0,18.41,0.0,0,0
2025-05-01 12:00:00,-4.07,-25.02,4.76,0.0,18.41,0.0,0,0
2025-05-01 12:30:00,-3.41,-2.1,7.05,0.0,18.41,0.0,0,0
2025-05-01 13:00:00,3.24,16.53,6.37,0.0,18.41,0.0,0,0
2025-05-01 13:30:00,0.5,-4.97,6.66,0.0,18.41,0.0,0,0
2025-05-01 14:00:00,2.26,5.77,5.94,0.0,18.41,0.0,0,0
2025-05-01 14:30:00,-0.76,-6.8,3.06,0.0,18.41,0.0,0,0
2025-05-01 15:00:00,-8.41,-23.71,5.27,0.0,18.41,0.0,0,0
2025-05-01 15:30:00,-6.35,-2.22,7.91,0.0,18.41,0.0,0,0
2025-05-01 16:00:00,1.67,17.72,7.62,0.0,18.41,0.0,0,0
2025-05-01 16:30:00,-9.98,-33.29,2.26,0.0,18.41,0.0,0,0
2025-05-01 17:00:00,-4.4,6.77,2.99,0.0,18.41,0.0,0,0
2025-05-01 17:30:00,-7.93,-15.0,2.79,0.0,18.41,0.0,0,0
2025-05-01 18:00:00,-0.13,15.48,6.36,0.0,18.41,0.0,0,0
2025-05-01 18:30:00,5.79,17.62,6.91,0.0,18.41,0.0,0,0
2025-05-01 19:00:00,4.09,0.7,3.28,0.0,18.41,0.0,0,0
2025-05-01 19:30:00,3.56,2.49,5.04,0.0,18.41,0.0,0,0
2025-05-01 20:00:00,0.69,-5.05,7.04,5.58,18.41,0.0,0,-1
2025-05-01 20:30:00,-4.14,-13.79,6.4,8.32,18.41,0.0,0,-1
2025-05-01 21:00:00,7.48,30.72,5.25,3.27,17.4,1.011,1,1
2025-05-01 21:30:00,2.51,-7.43,5.54,3.34,17.4,0.0,0,1
2025-05-01 22:00:00,11.2,28.57,5.05,10.4,16.87,0.534,1,1
2025-05-01 22:30:00,4.43,-9.11,3.79,6.24,16.87,0.0,0,1
2025-05-01 23:00:00,7.38,13.27,5.39,4.14,16.87,0.0,0,1
2025-05-01 23:30:00,1.27,-10.93,6.13,7.7,16.87,0.0,0,1
2025-05-02 00:00:00,5.88,15.09,7.24,9.93,16.87,0.0,0,-1
2025-05-02 00:30:00,4.23,0.93,5.82,4.94,16.87,0.0,0,-1
2025-05-02 01:00:00,3.45,1.88,6.57,8.61,16.87,0.0,0,-1
2025-05-02 01:30:00,6.33,12.11,2.96,3.77,16.87,0.0,0,1
2025-05-02 02:00:00,3.47,-2.27,4.77,3.47,16.87,0.0,0,1
2025-05-02 02:30:00,-4.14,-19.37,2.06,7.78,16.87,0.0,0,1
2025-05-02 03:00:00,2.2,14.9,3.48,7.87,16.87,0.0,0,-1
2025-05-02 03:30:00,-2.14,-10.83,6.36,8.74,16.87,0.0,0,-1
2025-05-02 04:00:00,3.81,15.7,7.95,9.53,16.0,0.869,1,1
2025-05-02 04:30:00,8.27,17.19,2.6,11.78,14.73,1.269,1,1
2025-05-02 05:00:00,5.1,-1.22,4.41,7.65,14.73,0.0,0,1
2025-05-02 05:30:00,11.58,24.54,6.8,5.91,14.73,0.0,0,1
2025-05-02 06:00:00,11.2,10.45,3.22,10.16,13.49,1.239,1,-1
2025-05-02 06:30:00,5.77,-5.11,5.33,5.44,13.49,0.0,0,-1
2025-05-02 07:00:00,12.98,27.42,6.4,6.95,13.49,0.0,0,-1
2025-05-02 07:30:00,4.85,-11.43,5.7,3.71,13.49,0.0,0,1
2025-05-02 08:00:00,2.39,-2.52,3.13,3.23,13.49,0.0,0,-1
2025-05-02 08:30:00,1.94,1.04,4.13,11.66,13.49,0.0,0,1
2025-05-02 09:00:00,6.55,15.78,6.7,10.52,13.49,0.0,0,1
2025-05-02 09:30:00,11.72,22.06,5.33,9.26,13.49,0.0,0,1
2025-05-02 10:00:00,13.76,17.82,2.03,6.68,13.49,0.0,0,-1
2025-05-02 10:30:00,12.48,9.92,6.57,4.56,13.49,0.0,0,-1
2025-05-02 11:00:00,7.65,-1.99,2.21,4.41,13.49,0.0,0,1
2025-05-02 11:30:00,-1.87,-20.92,6.47,5.25,13.49,0.0,0,-1
2025-05-02 12:00:00,-6.75,-16.5,3.21,7.94,13.49,0.0,0,1
2025-05-02 12:30:00,6.92,34.25,7.75,9.43,13.49,0.0,0,1
2025-05-02 13:00:00,-3.16,-23.33,4.21,8.94,13.49,0.0,0,1
2025-05-02 13:30:00,-4.71,-7.81,3.96,5.52,13.49,0.0,0,-1
2025-05-02 14:00:00,3.55,20.06,2.89,11.59,13.1,0.39,1,-1
2025-05-02 14:30:00,4.69,6.98,3.83,9.64,13.1,0.0,0,1
2025-05-02 15:00:00,10.19,21.18,7.26,7.99,13.1,0.0,0,-1
2025-05-02 15:30:00,12.16,16.12,7.98,8.51,13.1,0.0,0,-1
2025-05-02 16:00:00,16.86,26.25,4.21,0.0,13.1,0.0,0,0
2025-05-02 16:30:00,14.28,9.12,4.69,0.0,13.1,0.0,0,0
2025-05-02 17:00:00,14.95,16.28,6.33,0.0,13.1,0.0,0,0
2025-05-02 17:30:00,8.78,-3.55,7.32,0.0,13.1,0.0,0,0
2025-05-02 18:00:00,10.64,14.35,5.56,0.0,13.1,0.0,0,0
2025-05-02 18:30:00,6.56,-1.59,4.35,0.0,13.1,0.0,0,0
2025-05-02 19:00:00,3.6,-2.32,4.48,0.0,13.1,0.0,0,0
2025-05-02 19:30:00,8.93,19.59,6.17,0.0,13.1,0.0,0,0
2025-05-02 20:00:00,11.14,15.54,2.02,0.0,13.1,0.0,0,0
2025-05-02 20:30:00,17.77,31.04,5.72,0.0,13.1,0.0,0,0
2025-05-02 21:00:00,21.34,28.48,4.13,0.0,13.1,0.0,0,0
2025-05-02 21:30:00,21.07,20.52,6.77,0.0,13.1,0.0,0,0
2025-05-02 22:00:00,6.3,-23.25,2.56,0.0,13.1,0.0,0,0
2025-05-02 22:30:00,15.18,32.94,5.53,0.0,13.1,0.0,0,0
2025-05-02 23:00:00,16.34,18.66,4.89,0.0,13.1,0.0,0,0
2025-05-02 23:30:00,9.01,-5.63,5.85,0.0,13.1,0.0,0,0
2025-05-03 00:00:00,10.45,13.32,2.39,0.0,13.1,0.0,0,0
2025-05-03 00:30:00,3.61,-10.08,5.48,0.0,13.1,0.0,0,0
2025-05-03 01:00:00,7.29,14.65,5.37,0.0,13.1,0.0,0,0
2025-05-03 01:30:00,0.07,-14.38,5.36,0.0,13.1,0.0,0,0
2025-05-03 02:00:00,-2.12,-6.5,5.62,0.0,13.1,0.0,0,0
2025-05-03 02:30:00,4.15,16.71,6.06,0.0,13.1,0.0,0,0
2025-05-03 03:00:00,10.41,22.92,6.83,0.0,13.1,0.0,0,0
2025-05-03 03:30:00,9.77,8.5,3.62,0.0,13.1,0.0,0,0
2025-05-03 04:00:00,7.4,2.66,6.95,0.0,13.1,0.0,0,0
2025-05-03 04:30:00,-3.98,-26.73,4.99,0.0,13.1,0.0,0,0
2025-05-03 05:00:00,-2.88,-0.67,2.46,0.0,13.1,0.0,0,0
2025-05-03 05:30:00,1.53,10.35,2.35,0.0,13.1,0.0,0,0
2025-05-03 06:00:00,0.77,-0.75,4.01,0.0,13.1,0.0,0,0
2025-05-03 06:30:00,2.64,6.37,6.71,0.0,13.1,0.0,0,0
2025-05-03 07:00:00,2.91,3.46,6.25,0.0,13.1,0.0,0,0
2025-05-03 07:30:00,2.58,1.91,6.73,0.0,13.1,0.0,0,0
2025-05-03 08:00:00,3.8,6.24,5.1,0.0,13.1,0.0,0,0
2025-05-03 08:30:00,2.72,0.55,4.64,0.0,13.1,0.0,0,0
2025-05-03 09:00:00,9.99,24.53,2.88,0.0,13.1,0.0,0,0
2025-05-03 09:30:00,-3.05,-29.13,3.97,0.0,13.1,0.0,0,0
2025-05-03 10:00:00,-3.23,-3.58,4.6,0.0,13.1,0.0,0,0
2025-05-03 10:30:00,-5.66,-10.52,2.53,0.0,13.1,0.0,0,0
2025-05-03 11:00:00,-1.57,6.61,3.32,0.0,13.1,0.0,0,0
2025-05-03 11:30:00,1.2,6.75,5.59,0.0,13.1,0.0,0,0
2025-05-03 12:00:00,11.05,30.75,6.41,0.0,13.1,0.0,0,0
2025-05-03 12:30:00,19.79,37.26,7.99,0.0,13.1,0.0,0,0
2025-05-03 13:00:00,11.86,-4.0,7.6,0.0,13.1,0.0,0,0
2025-05-03 13:30:00,9.86,5.86,5.86,0.0,13.1,0.0,0,0
2025-05-03 14:00:00,9.06,7.47,4.53,0.0,13.1,0.0,0,0
2025-05-03 14:30:00,3.99,-6.15,5.82,0.0,13.1,0.0,0,0
2025-05-03 15:00:00,8.04,16.14,6.71,0.0,13.1,0.0,0,0
2025-05-03 15:30:00,5.07,-0.88,2.71,0.0,13.1,0.0,0,0
2025-05-03 16:00:00,-0.47,-11.56,4.46,0.0,13.1,0.0,0,0
2025-05-03 16:30:00,0.63,2.85,7.04,0.0,13.1,0.0,0,0
2025-05-03 17:00:00,-3.13,-10.66,4.3,0.0,13.1,0.0,0,0
2025-05-03 17:30:00,4.91,20.98,5.43,0.0,13.1,0.0,0,0
2025-05-03 18:00:00,14.62,34.05,5.53,0.0,13.1,0.0,0,0
2025-05-03 18:30:00,12.01,6.78,3.11,0.0,13.1,0.0,0,0
2025-05-03 19:00:00,9.95,5.84,4.17,0.0,13.1,0.0,0,0
2025-05-03 19:30:00,8.73,6.29,4.01,0.0,13.1,0.0,0,0
2025-05-03 20:00:00,12.45,19.89,2.16,0.0,13.1,0.0,0,0
2025-05-03 20:30:00,14.82,19.56,2.15,0.0,13.1,0.0,0,0
2025-05-03 21:00:00,11.63,5.26,6.99,0.0,13.1,0.0,0,0
2025-05-03 21:30:00,10.23,7.43,3.64,0.0,13.1,0.0,0,0
2025-05-03 22:00:00,11.79,14.9,5.11,0.0,13.1,0.0,0,0
2025-05-03 22:30:00,3.43,-13.27,3.79,0.0,13.1,0.0,0,0
2025-05-03 23:00:00,10.9,25.83,7.64,0.0,13.1,0.0,0,0
2025-05-03 23:30:00,17.13,29.58,3.56,0.0,13.1,0.0,0,0
2025-05-04 00:00:00,18.77,22.05,4.58,0.0,13.1,0.0,0,0
2025-05-04 00:30:00,8.7,-11.45,7.24,0.0,13.1,0.0,0,0
2025-05-04 01:00:00,-1.7,-22.5,7.05,0.0,13.1,0.0,0,0
2025-05-04 01:30:00,3.45,13.75,3.12,0.0,13.1,0.0,0,0
2025-05-04 02:00:00,0.77,-4.59,6.82,0.0,13.1,0.0,0,0
2025-05-04 02:30:00,3.53,9.06,4.75,0.0,13.1,0.0,0,0
2025-05-04 03:00:00,11.66,27.93,4.9,0.0,13.1,0.0,0,0
2025-05-04 03:30:00,5.42,-7.05,2.8,0.0,13.1,0.0,0,0
2025-05-04 04:00:00,2.56,-3.18,2.48,0.0,13.1,0.0,0,0
2025-05-04 04:30:00,5.21,10.52,6.37,0.0,13.1,0.0,0,0
2025-05-04 05:00:00,-1.35,-14.48,4.98,0.0,13.1,0.0,0,0
2025-05-04 05:30:00,-3.15,-6.75,4.62,0.0,13.1,0.0,0,0
2025-05-04 06:00:00,0.15,6.75,6.38,0.0,13.1,0.0,0,0
2025-05-04 06:30:00,0.79,2.09,6.59,0.0,13.1,0.0,0,0
2025-05-04 07:00:00,4.56,12.08,2.95,0.0,13.1,0.0,0,0
2025-05-04 07:30:00,18.75,47.15,5.66,0.0,13.1,0.0,0,0
2025-05-04 08:00:00,13.94,4.3,2.81,6.2,13.1,0.0,0,-1
2025-05-04 08:30:00,7.25,-6.12,6.51,9.82,13.1,0.0,0,-1
2025-05-04 09:00:00,13.91,27.22,5.94,3.13,13.1,0.0,0,1
2025-05-04 09:30:00,3.91,-16.09,7.74,4.04,13.1,0.0,0,-1
2025-05-04 10:00:00,-3.54,-18.42,2.41,3.41,13.1,0.0,0,1
2025-05-04 10:30:00,-4.55,-6.58,2.34,3.37,13.1,0.0,0,1
2025-05-04 11:00:00,-3.22,-0.55,3.69,10.7,13.1,0.0,0,-1
2025-05-04 11:30:00,-4.05,-5.72,3.57,9.33,13.1,0.0,0,1
2025-05-04 12:00:00,-1.7,3.01,3.48,7.27,13.1,0.0,0,1
2025-05-04 12:30:00,2.72,11.56,7.44,3.88,13.1,0.0,0,-1
2025-05-04 13:00:00,8.32,19.53,3.5,7.42,13.1,0.0,0,1
2025-05-04 13:30:00,7.22,5.0,3.63,7.26,13.1,0.0,0,1
2025-05-04 14:00:00,4.19,-1.87,6.56,4.56,13.1,0.0,0,-1
2025-05-04 14:30:00,9.43,19.92,4.7,6.9,13.1,0.0,0,-1
2025-05-04 15:00:00,4.42,-5.61,6.66,6.59,13.1,0.0,0,-1
2025-05-04 15:30:00,-4.42,-22.1,2.39,8.54,13.1,0.0,0,-1
2025-05-04 16:00:00,4.72,23.01,4.93,8.72,13.1,0.0,0,-1
2025-05-04 16:30:00,9.59,19.33,2.2,3.41,13.1,0.0,0,1
2025-05-04 17:00:00,3.23,-9.51,2.38,6.37,13.1,0.0,0,1
2025-05-04 17:30:00,2.63,1.45,7.44,8.63,13.1,0.0,0,-1
2025-05-04 18:00:00,-1.88,-10.92,2.84,7.53,13.1,0.0,0,-1
2025-05-04 18:30:00,2.11,10.09,5.19,10.71,13.1,0.0,0,1
2025-05-04 19:00:00,11.56,30.45,4.47,8.93,13.1,0.0,0,-1
2025-05-04 19:30:00,12.58,14.63,4.08,4.47,11.76,1.338,1,-1
2025-05-04 20:00:00,16.03,22.93,7.4,3.64,11.76,0.0,0,1
2025-05-04 20:30:00,15.5,14.43,2.13,8.78,11.76,0.0,0,1
2025-05-04 21:00:00,12.32,5.98,5.98,3.24,11.76,0.0,0,1
2025-05-04 21:30:00,16.23,24.03,7.78,8.27,11.11,0.655,1,-1
2025-05-04 22:00:00,16.33,16.54,5.36,11.46,11.11,0.0,0,1
2025-05-04 22:30:00,20.62,29.21,7.62,8.18,11.11,0.0,0,-1
2025-05-04 23:00:00,12.22,-4.58,2.31,6.49,11.11,0.0,0,1
2025-05-04 23:30:00,0.96,-21.56,4.51,8.79,11.11,0.0,0,-1
2025-05-05 00:00:00,7.05,19.24,3.56,7.12,11.11,0.0,0,-1
2025-05-05 00:30:00,8.58,11.63,6.38,7.91,10.39,0.715,1,-1
2025-05-05 01:00:00,6.87,3.45,7.89,11.47,10.39,0.0,0,1
2025-05-05 01:30:00,4.56,-0.06,3.54,6.47,10.39,0.0,0,1
2025-05-05 02:00:00,17.79,44.25,5.93,11.65,9.06,1.33,1,1
2025-05-05 02:30:00,9.71,-6.44,3.19,11.15,9.06,0.0,0,-1
2025-05-05 03:00:00,4.0,-7.41,5.39,4.76,9.06,0.0,0,1
2025-05-05 03:30:00,4.69,6.06,4.78,3.62,9.06,0.0,0,1
2025-05-05 04:00:00,11.64,25.54,7.83,0.0,9.06,0.0,0,0
2025-05-05 04:30:00,21.04,39.83,5.65,0.0,9.06,0.0,0,0
2025-05-05 05:00:00,18.68,13.96,4.1,0.0,9.06,0.0,0,0
2025-05-05 05:30:00,6.99,-16.37,2.68,0.0,9.06,0.0,0,0
2025-05-05 06:00:00,15.49,32.47,2.91,0.0,9.06,0.0,0,0
2025-05-05 06:30:00,11.34,3.06,3.35,0.0,9.06,0.0,0,0
2025-05-05 07:00:00,4.54,-9.06,3.51,0.0,9.06,0.0,0,0
2025-05-05 07:30:00,-0.0,-9.09,7.1,0.0,9.06,0.0,0,0
2025-05-05 08:00:00,5.97,17.91,5.37,0.0,9.06,0.0,0,0
2025-05-05 08:30:00,6.89,8.72,5.14,0.0,9.06,0.0,0,0
2025-05-05 09:00:00,7.21,7.86,2.69,0.0,9.06,0.0,0,0
2025-05-05 09:30:00,13.63,26.46,7.16,0.0,9.06,0.0,0,0
2025-05-05 10:00:00,7.19,-5.7,6.34,0.0,9.06,0.0,0,0
2025-05-05 10:30:00,12.42,22.9,2.41,0.0,9.06,0.0,0,0
2025-05-05 11:00:00,7.77,-1.54,6.25,0.0,9.06,0.0,0,0
2025-05-05 11:30:00,17.75,37.72,5.26,0.0,9.06,0.0,0,0
2025-05-05 12:00:00,15.66,11.47,2.49,0.0,9.06,0.0,0,0
2025-05-05 12:30:00,7.42,-9.05,4.75,0.0,9.06,0.0,0,0
2025-05-05 13:00:00,-3.54,-25.47,4.91,0.0,9.06,0.0,0,0
2025-05-05 13:30:00,2.68,15.13,2.99,0.0,9.06,0.0,0,0
2025-05-05 14:00:00,2.47,2.06,7.67,0.0,9.06,0.0,0,0
2025-05-05 14:30:00,3.24,4.77,7.1,0.0,9.06,0.0,0,0
2025-05-05 15:00:00,7.99,17.51,6.01,0.0,9.06,0.0,0,0
2025-05-05 15:30:00,11.97,19.93,4.77,0.0,9.06,0.0,0,0
2025-05-05 16:00:00,15.59,22.83,4.47,0.0,9.06,0.0,0,0
2025-05-05 16:30:00,6.49,-11.72,5.91,0.0,9.06,0.0,0,0
2025-05-05 17:00:00,13.21,26.66,5.27,0.0,9.06,0.0,0,0
2025-05-05 17:30:00,6.7,-6.31,2.37,0.0,9.06,0.0,0,0
2025-05-05 18:00:00,-5.12,-28.77,5.08,0.0,9.06,0.0,0,0
2025-05-05 18:30:00,-7.03,-10.84,6.84,0.0,9.06,0.0,0,0
2025-05-05 19:00:00,-2.01,8.03,4.76,0.0,9.06,0.0,0,0
2025-05-05 19:30:00,-5.46,-12.37,2.31,0.0,9.06,0.0,0,0
2025-05-05 20:00:00,-1.84,5.4,6.72,0.0,9.06,0.0,0,0
2025-05-05 20:30:00,1.53,8.28,3.21,0.0,9.06,0.0,0,0
2025-05-05 21:00:00,1.3,0.83,3.55,0.0,9.06,0.0,0,0
2025-05-05 21:30:00,-0.61,-4.43,2.99,0.0,9.06,0.0,0,0
2025-05-05 22:00:00,-5.33,-14.78,3.98,0.0,9.06,0.0,0,0
2025-05-05 22:30:00,-1.27,6.87,6.54,0.0,9.06,0.0,0,0
2025-05-05 23:00:00,-9.46,-25.86,5.12,0.0,9.06,0.0,0,0
2025-05-05 23:30:00,-8.66,-7.06,3.23,0.0,9.06,0.0,0,0
2025-05-06 00:00:00,-7.99,-6.65,7.27,3.16,9.06,0.0,0,-1
2025-05-06 00:30:00,-4.1,3.69,7.28,3.85,9.06,0.0,0,-1
2025-05-06 01:00:00,-1.39,4.02,7.22,9.15,9.06,0.0,0,1
2025-05-06 01:30:00,5.02,17.83,3.43,3.64,9.06,0.0,0,1
2025-05-06 02:00:00,12.83,28.46,4.71,5.87,8.36,0.705,1,1
2025-05-06 02:30:00,5.6,-8.86,7.91,10.6,8.36,0.0,0,-1
2025-05-06 03:00:00,15.91,36.52,6.63,3.21,8.36,0.0,0,1
2025-05-06 03:30:00,7.43,-9.53,2.16,10.33,8.36,0.0,0,-1
2025-05-06 04:00:00,6.61,4.98,2.39,5.54,8.36,0.0,0,-1
2025-05-06 04:30:00,8.56,12.45,4.78,4.06,8.36,0.0,0,1
2025-05-06 05:00:00,20.41,44.12,7.46,9.27,8.36,0.0,0,1
2025-05-06 05:30:00,12.64,-2.9,5.23,8.66,25.0,0.0,0,-1
2025-05-06 06:00:00,1.11,-21.96,4.99,10.9,25.0,0.0,0,-1
2025-05-06 06:30:00,9.07,24.99,2.63,9.62,25.0,0.0,0,1
2025-05-06 07:00:00,3.86,-6.56,5.94,10.23,25.0,0.0,0,1
2025-05-06 07:30:00,3.07,1.51,6.93,5.54,25.0,0.0,0,1
2025-05-06 08:00:00,-2.11,-12.48,4.28,4.6,25.0,0.0,0,-1
2025-05-06 08:30:00,-0.98,1.27,6.65,9.76,25.0,0.0,0,-1
2025-05-06 09:00:00,-2.26,-4.82,7.79,10.26,25.0,0.0,0,1
2025-05-06 09:30:00,2.95,13.37,3.22,11.91,25.0,0.0,0,-1
2025-05-06 10:00:00,4.08,6.35,5.14,6.71,25.0,0.0,0,-1
2025-05-06 10:30:00,0.56,-6.49,3.72,6.35,25.0,0.0,0,1
2025-05-06 11:00:00,7.6,21.7,6.76,9.99,25.0,0.0,0,-1
2025-05-06 11:30:00,8.17,9.29,5.47,6.07,25.0,0.0,0,1
2025-05-06 12:00:00,-1.85,-21.88,5.81,11.38,25.0,0.0,0,1
2025-05-06 12:30:00,5.63,20.58,6.79,10.73,24.16,0.84,1,-1
2025-05-06 13:00:00,6.13,7.15,4.38,6.86,24.16,0.0,0,-1
2025-05-06 13:30:00,13.54,28.35,7.49,9.76,24.16,0.0,0,1
2025-05-06 14:00:00,11.38,7.06,5.2,9.79,24.16,0.0,0,-1
2025-05-06 14:30:00,4.61,-8.93,2.95,3.93,24.16,0.0,0,1
2025-05-06 15:00:00,4.11,3.11,6.18,11.12,24.16,0.0,0,-1
2025-05-06 15:30:00,9.01,18.82,6.76,7.55,24.16,0.0,0,-1
2025-05-06 16:00:00,3.46,-7.66,3.9,10.44,24.16,0.0,0,-1
2025-05-06 16:30:00,2.48,0.54,7.14,5.88,24.16,0.0,0,1
2025-05-06 17:00:00,3.03,4.11,7.44,11.06,24.16,0.0,0,-1
2025-05-06 17:30:00,-2.51,-13.58,3.66,6.5,24.16,0.0,0,1
2025-05-06 18:00:00,-2.82,-3.44,7.9,3.1,24.16,0.0,0,1
2025-05-06 18:30:00,-0.07,5.43,2.84,11.15,24.16,0.0,0,1
2025-05-06 19:00:00,7.04,21.25,3.21,3.82,24.16,0.0,0,-1
2025-05-06 19:30:00,7.31,7.86,3.11,5.87,24.16,0.0,0,1
2025-05-06 20:00:00,7.1,6.68,7.36,9.09,24.16,0.0,0,1
2025-05-06 20:30:00,2.55,-6.54,5.93,7.34,24.16,0.0,0,-1
2025-05-06 21:00:00,8.15,19.34,2.91,7.44,24.16,0.0,0,1
2025-05-06 21:30:00,9.15,11.14,4.64,3.75,24.16,0.0,0,1
2025-05-06 22:00:00,4.46,-4.91,5.69,3.83,24.16,0.0,0,-1
2025-05-06 22:30:00,8.3,15.98,2.5,8.42,24.16,0.0,0,1
2025-05-06 23:00:00,10.76,15.69,7.29,7.98,24.16,0.0,0,-1
2025-05-06 23:30:00,5.38,-5.38,6.82,4.91,24.16,0.0,0,1
2025-05-07 00:00:00,4.76,3.51,5.03,11.52,24.16,0.0,0,1
2025-05-07 00:30:00,3.31,0.41,7.8,10.03,24.16,0.0,0,-1
2025-05-07 01:00:00,16.88,44.01,4.51,4.02,24.16,0.0,0,1
2025-05-07 01:30:00,16.54,15.88,7.9,11.38,24.16,0.0,0,1
2025-05-07 02:00:00,13.97,8.81,6.01,11.77,24.16,0.0,0,1
2025-05-07 02:30:00,13.61,12.9,5.81,11.96,24.16,0.0,0,-1
2025-05-07 03:00:00,16.97,23.68,3.0,3.5,24.16,0.0,0,-1
2025-05-07 03:30:00,13.33,6.04,7.29,9.63,24.16,0.0,0,-1
2025-05-07 04:00:00,7.46,-4.28,4.56,7.91,24.16,0.0,0,-1
2025-05-07 04:30:00,10.18,15.64,2.97,9.35,24.16,0.0,0,-1
2025-05-07 05:00:00,6.61,-0.55,2.08,11.72,24.16,0.0,0,1
2025-05-07 05:30:00,0.84,-10.69,5.36,9.19,24.16,0.0,0,-1
2025-05-07 06:00:00,-4.04,-13.81,5.16,10.53,24.16,0.0,0,-1
2025-05-07 06:30:00,7.06,29.26,6.32,10.8,24.16,0.0,0,-1
2025-05-07 07:00:00,7.81,9.32,7.34,10.55,24.16,0.0,0,1
2025-05-07 07:30:00,3.08,-6.37,2.48,6.83,24.16,0.0,0,1
2025-05-07 08:00:00,3.01,2.87,6.39,5.0,24.16,0.0,0,-1
2025-05-07 08:30:00,7.09,15.24,3.12,6.57,24.16,0.0,0,1
2025-05-07 09:00:00,5.64,2.75,7.15,11.03,24.16,0.0,0,1
2025-05-07 09:30:00,-1.18,-14.83,6.91,4.32,24.16,0.0,0,1
2025-05-07 10:00:00,2.59,10.13,5.24,7.62,24.16,0.0,0,1
2025-05-07 10:30:00,9.86,24.39,6.26,5.1,24.16,0.0,0,-1
2025-05-07 11:00:00,13.57,21.01,3.89,8.23,24.16,0.0,0,-1
2025-05-07 11:30:00,7.86,-3.56,4.83,10.77,24.16,0.0,0,1
2025-05-07 12:00:00,13.9,25.97,6.93,10.92,24.16,0.0,0,1
2025-05-07 12:30:00,11.91,7.95,4.76,5.13,24.16,0.0,0,1
2025-05-07 13:00:00,15.53,22.76,4.15,11.17,24.16,0.0,0,1
2025-05-07 13:30:00,14.88,13.57,4.97,8.33,24.16,0.0,0,-1
2025-05-07 14:00:00,4.63,-15.85,6.97,6.15,24.16,0.0,0,1
2025-05-07 14:30:00,13.16,30.21,4.01,9.37,24.16,0.0,0,-1
2025-05-07 15:00:00,10.05,3.82,3.04,7.34,24.16,0.0,0,1
2025-05-07 15:30:00,11.67,14.92,6.27,6.4,24.16,0.0,0,-1
2025-05-07 16:00:00,3.38,-13.2,6.96,0.0,24.16,0.0,0,0
2025-05-07 16:30:00,5.65,10.18,2.6,0.0,24.16,0.0,0,0
2025-05-07 17:00:00,10.43,19.98,3.44,0.0,24.16,0.0,0,0
2025-05-07 17:30:00,17.58,31.88,2.85,0.0,24.16,0.0,0,0
2025-05-07 18:00:00,20.08,25.09,4.09,0.0,24.16,0.0,0,0
2025-05-07 18:30:00,17.73,13.02,4.7,0.0,24.16,0.0,0,0
2025-05-07 19:00:00,6.26,-16.67,6.49,0.0,24.16,0.0,0,0
2025-05-07 19:30:00,6.8,7.89,5.91,0.0,24.16,0.0,0,0
2025-05-07 20:00:00,3.48,-3.16,5.73,0.0,24.16,0.0,0,0
2025-05-07 20:30:00,4.87,7.64,4.11,0.0,24.16,0.0,0,0
2025-05-07 21:00:00,-0.49,-11.2,7.05,0.0,24.16,0.0,0,0
2025-05-07 21:30:00,0.23,1.68,4.83,0.0,24.16,0.0,0,0
2025-05-07 22:00:00,0.19,0.12,7.87,0.0,24.16,0.0,0,0
2025-05-07 22:30:00,-0.68,-2.42,5.8,0.0,24.16,0.0,0,0
2025-05-07 23:00:00,-2.22,-5.32,2.76,0.0,24.16,0.0,0,0
2025-05-07 23:30:00,-0.14,4.02,6.06,0.0,24.16,0.0,0,0
2025-05-08 00:00:00,2.65,8.24,3.95,0.0,24.16,0.0,0,0
2025-05-08 00:30:00,-8.68,-31.36,6.12,0.0,24.16,0.0,0,0
2025-05-08 01:00:00,-16.87,-33.23,2.42,0.0,24.16,0.0,0,0
2025-05-08 01:30:00,-11.92,-2.03,3.05,0.0,24.16,0.0,0,0
2025-05-08 02:00:00,-6.56,4.17,7.13,0.0,24.16,0.0,0,0
2025-05-08 02:30:00,-2.31,6.2,3.36,0.0,24.16,0.0,0,0
2025-05-08 03:00:00,-2.83,-3.89,7.02,0.0,24.16,0.0,0,0
2025-05-08 03:30:00,-0.62,3.82,3.68,0.0,24.16,0.0,0,0
2025-05-08 04:00:00,2.17,7.76,5.86,0.0,24.16,0.0,0,0
2025-05-08 04:30:00,-0.17,-4.85,6.16,0.0,24.16,0.0,0,0
2025-05-08 05:00:00,6.65,20.28,5.08,0.0,24.16,0.0,0,0
2025-05-08 05:30:00,6.59,6.49,3.83,0.0,24.16,0.0,0,0
2025-05-08 06:00:00,8.22,11.48,3.28,0.0,24.16,0.0,0,0
2025-05-08 06:30:00,6.56,3.23,2.2,0.0,24.16,0.0,0,0
2025-05-08 07:00:00,16.17,35.38,3.82,0.0,24.16,0.0,0,0
2025-05-08 07:30:00,15.73,14.86,5.92,0.0,24.16,0.0,0,0
2025-05-08 08:00:00,10.59,0.31,7.63,0.0,24.16,0.0,0,0
2025-05-08 08:30:00,13.57,19.54,7.23,0.0,24.16,0.0,0,0
2025-05-08 09:00:00,3.06,-17.97,6.6,0.0,24.16,0.0,0,0
2025-05-08 09:30:00,4.88,8.52,6.73,0.0,24.16,0.0,0,0
2025-05-08 10:00:00,6.85,10.78,5.99,0.0,24.16,0.0,0,0
2025-05-08 10:30:00,6.41,5.53,3.56,0.0,24.16,0.0,0,0
2025-05-08 11:00:00,5.08,2.44,7.44,0.0,24.16,0.0,0,0
2025-05-08 11:30:00,0.34,-9.16,6.02,0.0,24.16,0.0,0,0
2025-05-08 12:00:00,-1.94,-6.48,5.36,0.0,24.16,0.0,0,0
2025-05-08 12:30:00,0.11,4.2,2.67,0.0,24.16,0.0,0,0
2025-05-08 13:00:00,-3.93,-12.02,4.68,0.0,24.16,0.0,0,0
2025-05-08 13:30:00,7.82,31.31,4.76,0.0,24.16,0.0,0,0
2025-05-08 14:00:00,-5.6,-32.43,7.19,0.0,24.16,0.0,0,0
2025-05-08 14:30:00,-3.59,0.43,5.28,0.0,24.16,0.0,0,0
2025-05-08 15:00:00,-0.41,5.94,4.28,0.0,24.16,0.0,0,0
2025-05-08 15:30:00,4.88,15.47,7.86,0.0,24.16,0.0,0,0
2025-05-08 16:00:00,-0.44,-11.07,2.66,0.0,24.16,0.0,0,0
2025-05-08 16:30:00,6.89,21.55,4.54,0.0,24.16,0.0,0,0
2025-05-08 17:00:00,-1.62,-18.66,2.25,0.0,24.16,0.0,0,0
2025-05-08 17:30:00,-1.77,-2.05,6.44,0.0,24.16,0.0,0,0
2025-05-08 18:00:00,4.43,16.82,7.51,0.0,24.16,0.0,0,0
2025-05-08 18:30:00,9.38,19.28,3.68,0.0,24.16,0.0,0,0
2025-05-08 19:00:00,1.62,-13.91,7.15,0.0,24.16,0.0,0,0
2025-05-08 19:30:00,15.55,43.43,3.75,0.0,24.16,0.0,0,0
2025-05-08 20:00:00,8.37,-6.0,7.46,0.0,24.16,0.0,0,0
2025-05-08 20:30:00,1.19,-13.16,6.52,0.0,24.16,0.0,0,0
2025-05-08 21:00:00,5.59,14.37,6.83,0.0,24.16,0.0,0,0
2025-05-08 21:30:00,2.69,-3.12,2.11,0.0,24.16,0.0,0,0
2025-05-08 22:00:00,1.9,0.34,7.78,0.0,24.16,0.0,0,0
2025-05-08 22:30:00,6.37,15.29,6.36,0.0,24.16,0.0,0,0
2025-05-08 23:00:00,-2.12,-19.08,3.83,0.0,24.16,0.0,0,0
2025-05-08 23:30:00,-7.6,-18.56,6.98,0.0,24.16,0.0,0,0
2025-05-09 00:00:00,-6.82,-5.27,3.69,0.0,24.16,0.0,0,0
2025-05-09 00:30:00,3.25,23.41,7.24,0.0,25.0,0.0,0,0
2025-05-09 01:00:00,0.29,-5.64,2.68,0.0,25.0,0.0,0,0
2025-05-09 01:30:00,10.26,30.21,6.22,0.0,25.0,0.0,0,0
2025-05-09 02:00:00,14.6,23.26,5.24,0.0,25.0,0.0,0,0
2025-05-09 02:30:00,12.0,6.82,2.58,0.0,25.0,0.0,0,0
2025-05-09 03:00:00,10.85,8.55,3.45,0.0,25.0,0.0,0,0
2025-05-09 03:30:00,9.34,6.3,2.07,0.0,25.0,0.0,0,0
2025-05-09 04:00:00,8.63,7.21,4.81,0.0,25.0,0.0,0,0
2025-05-09 04:30:00,5.19,-1.69,3.81,0.0,25.0,0.0,0,0
2025-05-09 05:00:00,4.07,1.84,5.59,0.0,25.0,0.0,0,0
2025-05-09 05:30:00,-1.37,-12.27,3.78,0.0,25.0,0.0,0,0
2025-05-09 06:00:00,-10.7,-29.35,3.8,0.0,25.0,0.0,0,0
2025-05-09 06:30:00,0.54,23.02,6.46,0.0,25.0,0.0,0,0
2025-05-09 07:00:00,1.91,4.65,2.29,0.0,25.0,0.0,0,0
2025-05-09 07:30:00,3.78,7.51,7.42,0.0,25.0,0.0,0,0
2025-05-09 08:00:00,6.88,13.09,7.11,11.16,25.0,0.0,0,1
2025-05-09 08:30:00,2.45,-6.42,6.01,4.0,25.0,0.0,0,-1
2025-05-09 09:00:00,-1.52,-9.46,5.56,7.43,25.0,0.0,0,-1
2025-05-09 09:30:00,0.02,3.1,7.35,3.1,25.0,0.0,0,-1
2025-05-09 10:00:00,7.89,23.63,3.11,7.22,25.0,0.0,0,1
2025-05-09 10:30:00,0.24,-15.06,2.47,3.51,25.0,0.0,0,-1
2025-05-09 11:00:00,-11.83,-35.97,3.44,4.07,25.0,0.0,0,1
2025-05-09 11:30:00,-8.24,-1.05,6.77,4.06,25.0,0.0,0,-1
2025-05-09 12:00:00,0.96,19.35,2.21,8.84,25.0,0.0,0,-1
2025-05-09 12:30:00,-6.19,-20.49,5.5,9.71,25.0,0.0,0,1
2025-05-09 13:00:00,-7.37,-9.73,7.97,8.25,25.0,0.0,0,-1
2025-05-09 13:30:00,-1.22,11.09,7.13,11.66,25.0,0.0,0,1
2025-05-09 14:00:00,13.75,43.68,5.13,6.37,25.0,0.0,0,1
2025-05-09 14:30:00,3.17,-17.99,2.38,5.57,25.0,0.0,0,1
2025-05-09 15:00:00,-2.54,-13.97,6.99,10.82,25.0,0.0,0,1
2025-05-09 15:30:00,1.86,10.67,5.59,5.01,24.19,0.813,1,-1
2025-05-09 16:00:00,8.16,20.76,2.69,11.67,24.19,0.0,0,-1
2025-05-09 16:30:00,3.17,-6.8,2.56,3.11,24.19,0.0,0,1
2025-05-09 17:00:00,-3.5,-16.86,7.46,11.73,24.19,0.0,0,-1
2025-05-09 17:30:00,1.84,12.52,6.02,3.39,24.19,0.0,0,-1
2025-05-09 18:00:00,6.62,16.2,6.98,11.02,24.19,0.0,0,1
2025-05-09 18:30:00,15.73,33.95,7.27,7.75,24.19,0.0,0,-1
2025-05-09 19:00:00,15.58,15.28,5.43,11.94,24.19,0.0,0,1
2025-05-09 19:30:00,16.23,17.53,5.1,3.66,23.61,0.574,1,-1
2025-05-09 20:00:00,11.04,0.65,4.58,7.98,23.61,0.0,0,-1
2025-05-09 20:30:00,20.87,40.52,3.9,11.72,23.61,0.0,0,1
2025-05-09 21:00:00,13.46,-1.36,4.61,7.71,23.61,0.0,0,-1
2025-05-09 21:30:00,8.13,-2.54,6.64,8.66,23.61,0.0,0,-1
2025-05-09 22:00:00,16.34,32.75,5.61,9.26,23.61,0.0,0,1
2025-05-09 22:30:00,5.97,-14.76,7.36,7.09,23.61,0.0,0,-1
2025-05-09 23:00:00,-3.7,-23.05,4.66,8.65,23.61,0.0,0,1
2025-05-09 23:30:00,0.01,7.44,5.64,8.26,23.61,0.0,0,-1
2025-05-10 00:00:00,1.93,5.76,5.79,11.11,23.61,0.0,0,1
2025-05-10 00:30:00,2.0,2.13,5.55,3.41,23.61,0.0,0,1
2025-05-10 01:00:00,8.37,21.12,6.22,5.53,23.61,0.0,0,1
2025-05-10 01:30:00,2.18,-10.2,3.42,11.55,23.61,0.0,0,1
2025-05-10 02:00:00,3.47,6.04,5.07,11.01,23.61,0.0,0,1
2025-05-10 02:30:00,1.39,-2.78,2.63,7.1,23.61,0.0,0,-1
2025-05-10 03:00:00,-2.1,-9.06,4.31,8.58,23.61,0.0,0,-1
2025-05-10 03:30:00,-0.06,4.0,4.93,5.5,23.61,0.0,0,1
2025-05-10 04:00:00,6.19,18.7,5.91,6.49,23.61,0.0,0,-1
2025-05-10 04:30:00,17.3,39.51,7.7,5.06,23.61,0.0,0,1
2025-05-10 05:00:00,16.3,14.3,5.6,5.39,22.82,0.796,1,-1
2025-05-10 05:30:00,0.46,-31.2,6.46,6.24,22.82,0.0,0,-1
2025-05-10 06:00:00,1.8,4.47,5.04,5.34,22.82,0.0,0,1
2025-05-10 06:30:00,3.38,6.55,5.8,7.08,22.82,0.0,0,1
2025-05-10 07:00:00,7.74,16.47,2.43,3.29,22.82,0.0,0,-1
2025-05-10 07:30:00,7.26,6.3,3.53,5.52,22.82,0.0,0,-1
2025-05-10 08:00:00,12.5,22.97,4.17,6.7,22.82,0.0,0,1
2025-05-10 08:30:00,11.9,10.71,4.83,8.43,22.82,0.0,0,-1
2025-05-10 09:00:00,16.49,25.66,2.27,5.44,22.82,0.0,0,-1
2025-05-10 09:30:00,9.74,-3.74,2.84,4.2,22.82,0.0,0,1
2025-05-10 10:00:00,8.44,5.83,3.66,3.69,22.82,0.0,0,-1
2025-05-10 10:30:00,12.37,20.23,7.83,11.46,21.38,1.436,1,1
2025-05-10 11:00:00,6.71,-4.59,3.99,6.75,21.38,0.0,0,1
2025-05-10 11:30:00,2.16,-6.96,4.89,8.23,21.38,0.0,0,1
2025-05-10 12:00:00,-0.65,-6.26,3.18,11.27,21.38,0.0,0,-1
2025-05-10 12:30:00,-2.29,-5.57,5.66,3.74,21.38,0.0,0,-1
2025-05-10 13:00:00,2.31,11.52,3.68,10.89,21.38,0.0,0,1
2025-05-10 13:30:00,-6.55,-24.28,3.24,7.96,21.38,0.0,0,1
2025-05-10 14:00:00,-10.45,-18.24,5.1,4.48,21.38,0.0,0,-1
2025-05-10 14:30:00,3.03,29.97,2.03,6.7,20.86,0.524,1,-1
2025-05-10 15:00:00,-0.93,-8.83,2.05,10.0,20.86,0.0,0,-1
2025-05-10 15:30:00,1.49,6.31,3.31,7.32,20.86,0.0,0,1
2025-05-10 16:00:00,-5.71,-20.12,2.22,11.87,20.86,0.0,0,1
2025-05-10 16:30:00,-2.46,4.06,2.65,6.39,20.86,0.0,0,-1
2025-05-10 17:00:00,-3.89,-6.75,4.03,9.75,25.0,0.0,0,-1
2025-05-10 17:30:00,-8.14,-16.63,6.82,6.54,25.0,0.0,0,-1
2025-05-10 18:00:00,3.07,25.49,5.43,10.46,25.0,0.0,0,1
2025-05-10 18:30:00,9.65,22.81,5.08,8.12,25.0,0.0,0,1
2025-05-10 19:00:00,7.15,2.15,3.76,3.57,25.0,0.0,0,-1
2025-05-10 19:30:00,12.3,22.58,7.59,3.33,25.0,0.0,0,-1
2025-05-10 20:00:00,19.17,32.93,4.38,4.2,25.0,0.0,0,1
2025-05-10 20:30:00,17.39,13.83,2.52,3.12,25.0,0.0,0,1
2025-05-10 21:00:00,15.9,12.9,5.7,3.68,25.0,0.0,0,-1
2025-05-10 21:30:00,12.49,5.67,2.68,9.23,25.0,0.0,0,-1
2025-05-10 22:00:00,12.93,13.81,4.07,7.81,25.0,0.0,0,-1
2025-05-10 22:30:00,8.48,-0.41,5.04,9.75,25.0,0.0,0,1
2025-05-10 23:00:00,6.69,3.1,7.25,11.22,25.0,0.0,0,-1
2025-05-10 23:30:00,8.37,11.72,4.96,8.27,25.0,0.0,0,1
2025-05-11 00:00:00,5.28,-0.89,6.21,1.89,25.0,0.0,0,0
2025-05-11 00:30:00,4.34,2.47,7.96,1.7,25.0,0.0,0,0
2025-05-11 01:00:00,3.83,2.79,2.79,0.49,25.0,0.0,0,0
2025-05-11 01:30:00,9.52,20.91,3.65,0.9,25.0,0.0,0,0
2025-05-11 02:00:00,2.14,-12.62,4.37,0.26,25.0,0.0,0,0
2025-05-11 02:30:00,6.73,15.92,4.53,1.91,25.0,0.0,0,0
2025-05-11 03:00:00,9.94,16.34,4.47,1.21,25.0,0.0,0,0
2025-05-11 03:30:00,13.03,19.23,7.45,0.46,25.0,0.0,0,0
2025-05-11 04:00:00,6.75,-5.82,6.28,1.34,25.0,0.0,0,0
2025-05-11 04:30:00,-2.08,-19.74,5.65,1.24,25.0,0.0,0,0
2025-05-11 05:00:00,2.7,12.25,3.86,0.72,25.0,0.0,0,0
2025-05-11 05:30:00,5.05,9.76,6.94,0.23,25.0,0.0,0,0
2025-05-11 06:00:00,10.97,22.8,7.73,1.34,25.0,0.0,0,0
2025-05-11 06:30:00,6.12,-3.58,6.93,1.04,25.0,0.0,0,0
2025-05-11 07:00:00,8.55,13.41,2.01,1.54,25.0,0.0,0,0
2025-05-11 07:30:00,12.91,21.63,5.82,1.04,25.0,0.0,0,0
2025-05-11 08:00:00,8.9,0.88,2.31,1.7,25.0,0.0,0,0
2025-05-11 08:30:00,9.2,9.8,3.55,1.1,25.0,0.0,0,0
2025-05-11 09:00:00,8.83,8.09,2.36,1.12,25.0,0.0,0,0
2025-05-11 09:30:00,3.65,-6.7,5.62,1.75,25.0,0.0,0,0
2025-05-11 10:00:00,7.13,14.09,6.12,0.81,25.0,0.0,0,0
2025-05-11 10:30:00,13.76,27.02,2.69,0.27,25.0,0.0,0,0
2025-05-11 11:00:00,10.72,4.64,4.3,0.06,25.0,0.0,0,0
2025-05-11 11:30:00,1.42,-17.18,4.74,1.51,25.0,0.0,0,0
2025-05-11 12:00:00,-1.08,-6.09,4.21,1.24,25.0,0.0,0,0
2025-05-11 12:30:00,-8.71,-23.97,2.73,1.41,25.0,0.0,0,0
2025-05-11 13:00:00,2.15,23.87,4.51,0.43,25.0,0.0,0,0
2025-05-11 13:30:00,7.42,17.97,6.51,0.27,25.0,0.0,0,0
2025-05-11 14:00:00,3.25,-5.09,2.43,0.03,25.0,0.0,0,0
2025-05-11 14:30:00,-4.1,-18.79,2.48,0.7,25.0,0.0,0,0
2025-05-11 15:00:00,-5.52,-8.37,4.13,1.18,25.0,0.0,0,0
2025-05-11 15:30:00,-4.32,-1.92,7.65,0.78,25.0,0.0,0,0
2025-05-11 16:00:00,-0.33,7.65,6.01,0.87,25.0,0.0,0,0
2025-05-11 16:30:00,2.18,7.21,6.07,1.81,25.0,0.0,0,0
2025-05-11 17:00:00,9.55,24.29,4.17,0.7,25.0,0.0,0,0
2025-05-11 17:30:00,4.76,-4.83,5.56,1.03,25.0,0.0,0,0
2025-05-11 18:00:00,-3.68,-20.56,2.06,1.57,25.0,0.0,0,0
2025-05-11 18:30:00,-6.3,-11.54,5.82,0.79,25.0,0.0,0,0
2025-05-11 19:00:00,-1.82,7.13,7.48,1.24,25.0,0.0,0,0
2025-05-11 19:30:00,-2.97,-5.25,5.68,1.72,25.0,0.0,0,0
2025-05-11 20:00:00,-1.02,2.86,7.24,1.59,25.0,0.0,0,0
2025-05-11 20:30:00,-0.84,-0.47,6.34,0.92,25.0,0.0,0,0
2025-05-11 21:00:00,5.3,17.58,2.72,1.68,25.0,0.0,0,0
2025-05-11 21:30:00,3.07,-1.39,7.41,1.54,25.0,0.0,0,0
2025-05-11 22:00:00,0.96,-3.26,2.4,0.13,25.0,0.0,0,0
2025-05-11 22:30:00,5.96,15.96,5.2,0.09,25.0,0.0,0,0
2025-05-11 23:00:00,2.1,-5.62,2.85,1.24,25.0,0.0,0,0
2025-05-11 23:30:00,4.21,8.42,2.07,0.69,25.0,0.0,0,0
2025-05-12 00:00:00,5.97,9.5,4.53,0.42,25.0,0.0,0,0
2025-05-12 00:30:00,5.95,5.9,3.77,1.16,25.0,0.0,0,0
2025-05-12 01:00:00,-0.07,-12.1,4.92,0.68,25.0,0.0,0,0
2025-05-12 01:30:00,7.92,23.91,5.46,1.07,25.0,0.0,0,0
2025-05-12 02:00:00,17.14,35.57,2.26,0.92,25.0,0.0,0,0
2025-05-12 02:30:00,12.38,2.87,2.74,1.17,25.0,0.0,0,0
2025-05-12 03:00:00,4.81,-10.34,5.35,0.8,25.0,0.0,0,0
2025-05-12 03:30:00,4.7,4.5,4.06,1.4,25.0,0.0,0,0
2025-05-12 04:00:00,10.21,21.22,6.38,0.36,25.0,0.0,0,0
2025-05-12 04:30:00,5.7,-3.31,5.91,1.39,25.0,0.0,0,0
2025-05-12 05:00:00,5.51,5.14,7.07,0.82,25.0,0.0,0,0
2025-05-12 05:30:00,7.43,11.26,6.15,1.75,25.0,0.0,0,0
2025-05-12 06:00:00,12.5,22.63,4.58,1.03,25.0,0.0,0,0
2025-05-12 06:30:00,14.22,17.67,6.04,1.95,25.0,0.0,0,0
2025-05-12 07:00:00,14.78,15.91,3.65,1.2,25.0,0.0,0,0
2025-05-12 07:30:00,9.0,-2.56,3.84,0.45,25.0,0.0,0,0
2025-05-12 08:00:00,10.26,12.76,6.73,1.64,25.0,0.0,0,0
2025-05-12 08:30:00,4.79,-6.15,4.68,0.69,25.0,0.0,0,0
2025-05-12 09:00:00,9.68,19.47,6.79,0.7,25.0,0.0,0,0
2025-05-12 09:30:00,14.52,24.2,6.93,0.06,25.0,0.0,0,0
2025-05-12 10:00:00,14.83,15.45,7.15,1.1,25.0,0.0,0,0
2025-05-12 10:30:00,10.55,1.99,7.5,1.07,25.0,0.0,0,0
2025-05-12 11:00:00,7.54,1.53,4.59,0.71,25.0,0.0,0,0
2025-05-12 11:30:00,15.37,31.01,3.91,1.79,25.0,0.0,0,0
2025-05-12 12:00:00,10.32,0.23,5.49,0.26,25.0,0.0,0,0
2025-05-12 12:30:00,13.54,19.98,4.23,0.66,25.0,0.0,0,0
2025-05-12 13:00:00,12.59,10.69,5.61,0.64,25.0,0.0,0,0
2025-05-12 13:30:00,8.8,1.22,6.23,0.18,25.0,0.0,0,0
2025-05-12 14:00:00,1.19,-14.04,6.13,0.96,25.0,0.0,0,0
2025-05-12 14:30:00,3.27,7.42,4.25,1.38,25.0,0.0,0,0
2025-05-12 15:00:00,3.63,4.37,3.0,1.02,25.0,0.0,0,0
2025-05-12 15:30:00,12.98,31.68,4.58,0.31,25.0,0.0,0,0
2025-05-12 16:00:00,5.31,-10.05,2.86,0.01,25.0,0.0,0,0
2025-05-12 16:30:00,17.46,41.76,7.34,1.74,25.0,0.0,0,0
2025-05-12 17:00:00,14.89,9.76,4.08,0.17,25.0,0.0,0,0
2025-05-12 17:30:00,12.79,8.59,2.93,1.19,25.0,0.0,0,0
2025-05-12 18:00:00,6.28,-6.74,2.15,1.97,25.0,0.0,0,0
2025-05-12 18:30:00,7.72,10.6,5.87,1.07,25.0,0.0,0,0
2025-05-12 19:00:00,9.45,12.92,5.82,1.85,25.0,0.0,0,0
2025-05-12 19:30:00,12.34,18.1,4.04,0.47,25.0,0.0,0,0
2025-05-12 20:00:00,4.14,-12.24,2.43,1.52,25.0,0.0,0,0
2025-05-12 20:30:00,11.28,25.56,4.46,1.06,25.0,0.0,0,0
2025-05-12 21:00:00,10.62,9.29,3.87,1.44,25.0,0.0,0,0
2025-05-12 21:30:00,12.14,15.19,6.06,0.12,25.0,0.0,0,0
2025-05-12 22:00:00,8.87,2.32,5.63,0.3,25.0,0.0,0,0
2025-05-12 22:30:00,2.67,-9.73,4.19,0.27,25.0,0.0,0,0
2025-05-12 23:00:00,3.24,4.4,3.31,1.37,25.0,0.0,0,0
2025-05-12 23:30:00,5.74,10.74,7.93,1.69,25.0,0.0,0,0
2025-05-13 00:00:00,-1.52,-16.06,4.72,1.5,25.0,0.0,0,0
2025-05-13 00:30:00,4.99,18.03,6.13,0.06,25.0,0.0,0,0
2025-05-13 01:00:00,9.26,17.79,2.84,1.73,25.0,0.0,0,0
2025-05-13 01:30:00,4.16,-6.03,4.91,0.71,25.0,0.0,0,0
2025-05-13 02:00:00,-1.62,-13.17,2.17,0.79,25.0,0.0,0,0
2025-05-13 02:30:00,-0.91,0.49,5.03,0.21,25.0,0.0,0,0
2025-05-13 03:00:00,2.1,8.14,7.78,1.47,25.0,0.0,0,0
2025-05-13 03:30:00,1.52,0.34,4.31,0.36,25.0,0.0,0,0
2025-05-13 04:00:00,1.45,1.32,2.23,1.13,25.0,0.0,0,0
2025-05-13 04:30:00,2.8,5.51,2.19,1.68,25.0,0.0,0,0
2025-05-13 05:00:00,-3.53,-16.2,4.33,0.18,25.0,0.0,0,0
2025-05-13 05:30:00,-7.63,-15.84,2.96,1.07,25.0,0.0,0,0
2025-05-13 06:00:00,-17.99,-38.69,2.14,0.47,25.0,0.0,0,0
2025-05-13 06:30:00,-5.1,20.68,6.54,0.69,25.0,0.0,0,0
2025-05-13 07:00:00,-1.74,4.98,4.75,0.95,25.0,0.0,0,0
2025-05-13 07:30:00,5.32,19.45,3.74,0.71,25.0,0.0,0,0
2025-05-13 08:00:00,0.33,-9.67,7.4,1.3,25.0,0.0,0,0
2025-05-13 08:30:00,1.24,3.06,2.7,0.96,25.0,0.0,0,0
2025-05-13 09:00:00,4.48,10.96,7.74,1.17,25.0,0.0,0,0
2025-05-13 09:30:00,1.47,-4.54,3.88,1.47,25.0,0.0,0,0
2025-05-13 10:00:00,-4.34,-15.97,7.33,1.12,25.0,0.0,0,0
2025-05-13 10:30:00,7.71,31.81,5.62,1.17,25.0,0.0,0,0
2025-05-13 11:00:00,14.45,27.95,6.96,1.13,25.0,0.0,0,0
2025-05-13 11:30:00,10.36,2.18,7.9,0.76,25.0,0.0,0,0
2025-05-13 12:00:00,10.7,11.38,3.73,0.73,25.0,0.0,0,0
2025-05-13 12:30:00,7.3,0.49,7.77,1.29,25.0,0.0,0,0
2025-05-13 13:00:00,1.34,-10.59,4.34,1.14,25.0,0.0,0,0
2025-05-13 13:30:00,11.46,31.72,4.31,0.71,25.0,0.0,0,0
2025-05-13 14:00:00,0.71,-20.79,4.04,1.97,25.0,0.0,0,0
2025-05-13 14:30:00,0.8,0.97,5.25,1.21,25.0,0.0,0,0
2025-05-13 15:00:00,1.93,4.19,2.92,0.47,25.0,0.0,0,0
2025-05-13 15:30:00,11.32,30.09,5.32,0.2,25.0,0.0,0,0
2025-05-13 16:00:00,13.78,18.7,5.25,0.31,25.0,0.0,0,0
2025-05-13 16:30:00,3.01,-18.51,6.57,0.49,25.0,0.0,0,0
2025-05-13 17:00:00,4.33,6.96,7.0,0.32,25.0,0.0,0,0
2025-05-13 17:30:00,4.54,4.96,4.64,0.37,25.0,0.0,0,0
2025-05-13 18:00:00,3.16,0.39,3.81,0.57,25.0,0.0,0,0
2025-05-13 18:30:00,6.39,12.85,3.56,0.35,25.0,0.0,0,0
2025-05-13 19:00:00,-1.73,-17.97,3.17,1.79,25.0,0.0,0,0
2025-05-13 19:30:00,-2.42,-3.78,2.35,0.16,25.0,0.0,0,0
2025-05-13 20:00:00,2.14,11.24,4.05,1.05,25.0,0.0,0,0
2025-05-13 20:30:00,6.03,13.82,3.62,0.82,25.0,0.0,0,0
2025-05-13 21:00:00,7.37,10.04,7.8,1.96,25.0,0.0,0,0
2025-05-13 21:30:00,5.25,1.02,5.35,0.22,25.0,0.0,0,0
2025-05-13 22:00:00,4.26,2.28,4.08,0.8,25.0,0.0,0,0
2025-05-13 22:30:00,8.37,16.59,5.48,1.94,25.0,0.0,0,0
2025-05-13 23:00:00,6.7,3.34,2.84,1.73,25.0,0.0,0,0
2025-05-13 23:30:00,0.81,-10.96,4.66,1.63,25.0,0.0,0,0
2025-05-14 00:00:00,-3.71,-12.75,5.76,0.52,25.0,0.0,0,0
2025-05-14 00:30:00,-8.28,-17.41,4.93,0.34,25.0,0.0,0,0
2025-05-14 01:00:00,3.23,26.24,4.41,1.34,25.0,0.0,0,0
2025-05-14 01:30:00,8.85,20.08,7.96,1.86,25.0,0.0,0,0
2025-05-14 02:00:00,7.79,5.68,7.28,1.11,25.0,0.0,0,0
2025-05-14 02:30:00,4.84,-1.07,5.74,1.14,25.0,0.0,0,0
2025-05-14 03:00:00,2.16,-3.19,5.42,0.56,25.0,0.0,0,0
2025-05-14 03:30:00,8.82,22.12,5.72,1.54,25.0,0.0,0,0
2025-05-14 04:00:00,16.47,31.77,3.21,0.37,25.0,0.0,0,0
2025-05-14 04:30:00,9.41,-4.71,4.37,0.65,25.0,0.0,0,0
2025-05-14 05:00:00,12.71,19.31,2.24,0.85,25.0,0.0,0,0
2025-05-14 05:30:00,10.23,5.27,4.85,1.02,25.0,0.0,0,0
2025-05-14 06:00:00,7.51,2.07,5.26,0.48,25.0,0.0,0,0
2025-05-14 06:30:00,13.65,25.93,3.37,0.23,25.0,0.0,0,0
2025-05-14 07:00:00,11.64,7.63,7.78,1.22,25.0,0.0,0,0
2025-05-14 07:30:00,11.73,11.9,7.46,0.58,25.0,0.0,0,0
2025-05-14 08:00:00,11.17,10.06,6.33,1.01,25.0,0.0,0,0
2025-05-14 08:30:00,1.05,-19.18,5.2,1.86,25.0,0.0,0,0
2025-05-14 09:00:00,4.55,11.55,7.22,0.64,25.0,0.0,0,0
2025-05-14 09:30:00,1.15,-5.66,2.78,1.19,25.0,0.0,0,0
2025-05-14 10:00:00,-4.09,-14.57,6.74,0.74,25.0,0.0,0,0
2025-05-14 10:30:00,-4.4,-5.01,2.75,0.91,25.0,0.0,0,0
2025-05-14 11:00:00,-3.3,-1.12,6.77,1.1,25.0,0.0,0,0
2025-05-14 11:30:00,4.17,19.1,3.65,1.1,25.0,0.0,0,0
2025-05-14 12:00:00,-0.12,-8.69,7.26,0.4,25.0,0.0,0,0
2025-05-14 12:30:00,-1.48,-4.18,7.66,1.37,25.0,0.0,0,0
2025-05-14 13:00:00,1.16,6.42,2.89,0.18,25.0,0.0,0,0
2025-05-14 13:30:00,-4.27,-15.11,4.78,0.28,25.0,0.0,0,0
2025-05-14 14:00:00,-3.51,-2.0,7.89,0.01,25.0,0.0,0,0
2025-05-14 14:30:00,-9.03,-20.07,4.9,0.23,25.0,0.0,0,0
2025-05-14 15:00:00,0.97,20.98,7.18,0.95,25.0,0.0,0,0
2025-05-14 15:30:00,0.99,1.01,5.53,1.21,25.0,0.0,0,0
2025-05-14 16:00:00,2.0,4.01,4.25,1.59,25.0,0.0,0,0
2025-05-14 16:30:00,7.15,17.45,3.71,0.21,25.0,0.0,0,0
2025-05-14 17:00:00,2.23,-7.61,3.22,1.7,25.0,0.0,0,0
2025-05-14 17:30:00,2.12,1.89,6.57,1.49,25.0,0.0,0,0
2025-05-14 18:00:00,-2.43,-11.53,4.32,0.82,25.0,0.0,0,0
2025-05-14 18:30:00,-5.22,-10.81,5.07,1.87,25.0,0.0,0,0
2025-05-14 19:00:00,-6.43,-8.85,4.95,1.98,25.0,0.0,0,0
2025-05-14 19:30:00,-4.93,-1.92,5.46,0.41,25.0,0.0,0,0
2025-05-14 20:00:00,-2.81,1.42,7.19,0.76,25.0,0.0,0,0
2025-05-14 20:30:00,2.2,12.21,7.88,1.85,25.0,0.0,0,0
2025-05-14 21:00:00,-1.51,-8.92,4.45,1.44,25.0,0.0,0,0
2025-05-14 21:30:00,2.91,11.76,6.97,0.1,25.0,0.0,0,0
2025-05-14 22:00:00,6.56,13.86,6.59,1.56,25.0,0.0,0,0
2025-05-14 22:30:00,3.85,-1.58,5.44,1.66,25.0,0.0,0,0
2025-05-14 23:00:00,1.12,-4.33,7.74,1.5,25.0,0.0,0,0
2025-05-14 23:30:00,2.24,4.48,3.2,1.6,25.0,0.0,0,0
2025-05-15 00:00:00,1.36,-0.39,2.66,1.65,25.0,0.0,0,0
2025-05-15 00:30:00,4.39,10.43,7.12,0.37,25.0,0.0,0,0
2025-05-15 01:00:00,12.32,28.18,4.63,0.47,25.0,0.0,0,0
2025-05-15 01:30:00,10.92,8.11,7.08,1.27,25.0,0.0,0,0
2025-05-15 02:00:00,6.53,-2.23,7.36,1.82,25.0,0.0,0,0
2025-05-15 02:30:00,0.69,-10.99,2.37,0.63,25.0,0.0,0,0
2025-05-15 03:00:00,-1.37,-5.48,7.3,1.18,25.0,0.0,0,0
2025-05-15 03:30:00,-6.66,-17.25,4.69,1.37,25.0,0.0,0,0
2025-05-15 04:00:00,1.91,19.05,5.06,0.0,25.0,0.0,0,0
2025-05-15 04:30:00,-7.97,-27.74,5.76,0.0,25.0,0.0,0,0
2025-05-15 05:00:00,-0.36,14.88,7.56,0.0,25.0,0.0,0,0
2025-05-15 05:30:00,-3.87,-10.91,2.11,0.0,25.0,0.0,0,0
2025-05-15 06:00:00,-3.52,-2.83,4.86,0.0,25.0,0.0,0,0
2025-05-15 06:30:00,-4.8,-7.34,6.13,0.0,25.0,0.0,0,0
2025-05-15 07:00:00,6.14,28.02,6.34,0.0,25.0,0.0,0,0
2025-05-15 07:30:00,6.23,6.4,6.16,0.0,25.0,0.0,0,0
2025-05-15 08:00:00,9.04,14.66,2.81,0.0,25.0,0.0,0,0
2025-05-15 08:30:00,13.79,23.3,3.8,0.0,25.0,0.0,0,0
2025-05-15 09:00:00,11.4,6.6,4.15,0.0,25.0,0.0,0,0
2025-05-15 09:30:00,3.9,-11.11,6.83,0.0,25.0,0.0,0,0
2025-05-15 10:00:00,2.72,0.36,3.67,0.0,25.0,0.0,0,0
2025-05-15 10:30:00,-0.81,-7.87,3.26,0.0,25.0,0.0,0,0
2025-05-15 11:00:00,-0.48,0.19,7.74,0.0,25.0,0.0,0,0
2025-05-15 11:30:00,-0.11,0.63,2.05,0.0,25.0,0.0,0,0
2025-05-15 12:00:00,1.92,5.97,7.99,0.0,25.0,0.0,0,0
2025-05-15 12:30:00,5.36,12.24,6.06,0.0,25.0,0.0,0,0
2025-05-15 13:00:00,8.68,15.33,6.97,0.0,25.0,0.0,0,0
2025-05-15 13:30:00,6.37,1.76,3.77,0.0,25.0,0.0,0,0
2025-05-15 14:00:00,6.96,8.14,2.09,0.0,25.0,0.0,0,0
2025-05-15 14:30:00,4.04,-1.81,6.43,0.0,25.0,0.0,0,0
2025-05-15 15:00:00,11.6,26.73,7.0,0.0,25.0,0.0,0,0
2025-05-15 15:30:00,7.05,-2.04,6.44,0.0,25.0,0.0,0,0
2025-05-15 16:00:00,11.64,20.81,2.86,0.0,25.0,0.0,0,0
2025-05-15 16:30:00,2.55,-15.62,6.52,0.0,25.0,0.0,0,0
2025-05-15 17:00:00,2.0,0.91,6.61,0.0,25.0,0.0,0,0
2025-05-15 17:30:00,1.67,0.99,5.95,0.0,25.0,0.0,0,0
2025-05-15 18:00:00,4.7,10.78,6.6,0.0,25.0,0.0,0,0
2025-05-15 18:30:00,9.8,20.0,7.08,0.0,25.0,0.0,0,0
2025-05-15 19:00:00,2.18,-13.06,5.68,0.0,25.0,0.0,0,0
2025-05-15 19:30:00,-3.24,-14.09,2.53,0.0,25.0,0.0,0,0
2025-05-15 20:00:00,-7.53,-16.1,4.93,0.0,25.0,0.0,0,0
2025-05-15 20:30:00,2.4,22.27,2.47,0.0,25.0,0.0,0,0
2025-05-15 21:00:00,4.57,8.91,4.45,0.0,25.0,0.0,0,0
2025-05-15 21:30:00,-0.89,-11.82,4.44,0.0,25.0,0.0,0,0
2025-05-15 22:00:00,-2.01,-4.25,2.4,0.0,25.0,0.0,0,0
2025-05-15 22:30:00,5.93,21.82,4.09,0.0,25.0,0.0,0,0
2025-05-15 23:00:00,3.45,-1.51,2.67,0.0,25.0,0.0,0,0
2025-05-15 23:30:00,2.9,1.79,6.85,0.0,25.0,0.0,0,0
2025-05-16 00:00:00,0.59,-4.03,7.69,11.1,25.0,0.0,0,1
2025-05-16 00:30:00,-3.92,-12.94,2.43,8.62,25.0,0.0,0,-1
2025-05-16 01:00:00,5.88,25.48,7.73,7.86,25.0,0.0,0,-1
2025-05-16 01:30:00,14.0,30.24,5.14,6.95,24.18,0.816,1,1
2025-05-16 02:00:00,5.67,-10.98,3.8,8.2,24.18,0.0,0,-1
2025-05-16 02:30:00,11.63,23.54,2.46,6.2,22.97,1.21,1,1
2025-05-16 03:00:00,6.98,-2.31,5.0,6.52,22.97,0.0,0,-1
2025-05-16 03:30:00,9.58,14.77,6.77,7.79,22.51,0.469,1,-1
2025-05-16 04:00:00,15.52,27.4,6.24,3.6,22.51,0.0,0,-1
2025-05-16 04:30:00,10.39,0.13,2.3,5.06,22.51,0.0,0,-1
2025-05-16 05:00:00,6.1,-2.48,2.44,7.89,22.51,0.0,0,1
2025-05-16 05:30:00,9.54,16.43,4.42,6.88,22.51,0.0,0,1
2025-05-16 06:00:00,2.07,-12.88,3.77,6.0,22.51,0.0,0,1
2025-05-16 06:30:00,8.25,20.6,3.39,9.57,22.08,0.427,1,-1
2025-05-16 07:00:00,7.44,5.83,3.69,9.24,22.08,0.0,0,1
2025-05-16 07:30:00,4.35,-1.85,6.82,4.5,22.08,0.0,0,1
2025-05-16 08:00:00,2.4,-1.49,7.58,10.91,22.08,0.0,0,1
2025-05-16 08:30:00,-3.84,-16.32,4.43,7.46,22.08,0.0,0,-1
2025-05-16 09:00:00,-2.76,-0.61,7.44,9.67,22.08,0.0,0,1
2025-05-16 09:30:00,-1.85,-0.03,3.93,8.16,22.08,0.0,0,-1
2025-05-16 10:00:00,-4.92,-11.06,4.86,11.98,22.08,0.0,0,-1
2025-05-16 10:30:00,-2.39,2.67,3.36,9.77,22.08,0.0,0,1
2025-05-16 11:00:00,2.72,12.94,5.84,9.36,22.08,0.0,0,-1
2025-05-16 11:30:00,3.37,4.67,7.87,10.01,22.08,0.0,0,1
2025-05-16 12:00:00,7.43,15.56,5.62,4.29,22.08,0.0,0,1
2025-05-16 12:30:00,2.3,-7.96,4.15,4.84,22.08,0.0,0,1
2025-05-16 13:00:00,8.51,20.94,5.89,9.43,22.08,0.0,0,1
2025-05-16 13:30:00,7.2,4.56,2.74,7.45,22.08,0.0,0,1
2025-05-16 14:00:00,14.97,30.51,7.33,9.79,22.08,0.0,0,-1
2025-05-16 14:30:00,23.72,41.23,5.02,3.93,22.08,0.0,0,1
2025-05-16 15:00:00,15.03,-2.36,4.7,7.83,22.08,0.0,0,-1
2025-05-16 15:30:00,9.71,-0.92,5.52,6.41,22.08,0.0,0,1
2025-05-16 16:00:00,7.16,2.06,5.75,7.11,22.08,0.0,0,1
2025-05-16 16:30:00,8.56,11.37,2.43,8.44,22.08,0.0,0,1
2025-05-16 17:00:00,14.37,25.99,6.1,7.52,22.08,0.0,0,-1
2025-05-16 17:30:00,7.47,-6.34,3.45,7.86,22.08,0.0,0,-1
2025-05-16 18:00:00,8.98,12.0,6.28,7.38,22.08,0.0,0,-1
2025-05-16 18:30:00,7.62,4.9,6.94,6.68,22.08,0.0,0,-1
2025-05-16 19:00:00,10.44,16.1,6.82,9.95,22.08,0.0,0,1
2025-05-16 19:30:00,16.28,27.96,5.32,3.11,22.08,0.0,0,1
2025-05-16 20:00:00,11.36,1.52,5.12,0.0,22.08,0.0,0,0
2025-05-16 20:30:00,0.18,-22.19,2.86,0.0,22.08,0.0,0,0
2025-05-16 21:00:00,6.05,17.81,6.65,0.0,22.08,0.0,0,0
2025-05-16 21:30:00,1.08,-8.86,3.63,0.0,22.08,0.0,0,0
2025-05-16 22:00:00,1.67,2.83,4.98,0.0,22.08,0.0,0,0
2025-05-16 22:30:00,6.28,15.51,3.71,0.0,22.08,0.0,0,0
2025-05-16 23:00:00,6.61,7.26,2.8,0.0,22.08,0.0,0,0
2025-05-16 23:30:00,5.82,4.25,5.78,0.0,22.08,0.0,0,0
2025-05-17 00:00:00,1.78,-6.31,2.33,0.0,22.08,0.0,0,0
2025-05-17 00:30:00,-11.15,-37.01,6.49,0.0,22.08,0.0,0,0
2025-05-17 01:00:00,-2.64,14.38,3.91,0.0,22.08,0.0,0,0
2025-05-17 01:30:00,-2.36,-1.79,2.0,0.0,22.08,0.0,0,0
2025-05-17 02:00:00,7.68,27.77,5.07,0.0,22.08,0.0,0,0
2025-05-17 02:30:00,7.87,8.25,2.28,0.0,22.08,0.0,0,0
2025-05-17 03:00:00,3.76,-4.46,3.66,0.0,22.08,0.0,0,0
2025-05-17 03:30:00,9.92,22.24,6.24,0.0,22.08,0.0,0,0
2025-05-17 04:00:00,13.16,19.64,2.38,0.0,22.08,0.0,0,0
2025-05-17 04:30:00,10.03,3.75,7.04,0.0,22.08,0.0,0,0
2025-05-17 05:00:00,13.33,19.93,2.02,0.0,22.08,0.0,0,0
2025-05-17 05:30:00,7.27,-4.85,3.48,0.0,22.08,0.0,0,0
2025-05-17 06:00:00,7.79,8.84,6.45,0.0,22.08,0.0,0,0
2025-05-17 06:30:00,9.35,12.47,3.9,0.0,22.08,0.0,0,0
2025-05-17 07:00:00,11.03,14.38,2.61,0.0,22.08,0.0,0,0
2025-05-17 07:30:00,11.85,13.48,4.16,0.0,22.08,0.0,0,0
2025-05-17 08:00:00,7.44,-1.37,3.62,0.0,22.08,0.0,0,0
2025-05-17 08:30:00,12.78,23.46,7.06,0.0,22.08,0.0,0,0
2025-05-17 09:00:00,9.19,2.01,3.88,0.0,22.08,0.0,0,0
2025-05-17 09:30:00,5.53,-1.8,6.73,0.0,22.08,0.0,0,0
2025-05-17 10:00:00,3.36,-0.96,7.35,0.0,22.08,0.0,0,0
2025-05-17 10:30:00,13.48,33.7,4.6,0.0,22.08,0.0,0,0
2025-05-17 11:00:00,7.76,-3.67,7.46,0.0,22.08,0.0,0,0
2025-05-17 11:30:00,13.05,23.64,4.26,0.0,22.08,0.0,0,0
2025-05-17 12:00:00,5.62,-9.25,7.78,0.0,22.08,0.0,0,0
2025-05-17 12:30:00,7.03,9.85,2.54,0.0,22.08,0.0,0,0
2025-05-17 13:00:00,8.21,10.58,6.12,0.0,22.08,0.0,0,0
2025-05-17 13:30:00,15.24,29.28,4.96,0.0,22.08,0.0,0,0
2025-05-17 14:00:00,8.33,-5.49,4.33,0.0,22.08,0.0,0,0
2025-05-17 14:30:00,2.83,-8.16,5.8,0.0,22.08,0.0,0,0
2025-05-17 15:00:00,3.38,4.48,6.22,0.0,22.08,0.0,0,0
2025-05-17 15:30:00,11.25,27.0,2.03,0.0,22.08,0.0,0,0
2025-05-17 16:00:00,4.08,-10.26,3.0,0.0,22.08,0.0,0,0
2025-05-17 16:30:00,-8.13,-32.55,6.28,0.0,22.08,0.0,0,0
2025-05-17 17:00:00,-3.12,6.89,6.0,0.0,22.08,0.0,0,0
2025-05-17 17:30:00,5.27,22.04,7.8,0.0,22.08,0.0,0,0
2025-05-17 18:00:00,0.63,-8.64,6.57,0.0,22.08,0.0,0,0
2025-05-17 18:30:00,7.23,20.42,7.7,0.0,22.08,0.0,0,0
2025-05-17 19:00:00,1.71,-9.32,6.22,0.0,22.08,0.0,0,0
2025-05-17 19:30:00,1.67,1.59,3.79,0.0,22.08,0.0,0,0
2025-05-17 20:00:00,5.75,13.92,2.63,0.0,22.08,0.0,0,0
2025-05-17 20:30:00,0.13,-11.12,6.69,0.0,22.08,0.0,0,0
2025-05-17 21:00:00,2.95,8.59,5.86,0.0,22.08,0.0,0,0
2025-05-17 21:30:00,8.8,20.51,2.29,0.0,22.08,0.0,0,0
2025-05-17 22:00:00,9.63,11.27,4.16,0.0,22.08,0.0,0,0
2025-05-17 22:30:00,5.39,-3.07,7.74,0.0,22.08,0.0,0,0
2025-05-17 23:00:00,12.86,27.78,5.0,0.0,22.08,0.0,0,0
2025-05-17 23:30:00,13.4,14.47,4.6,0.0,22.08,0.0,0,0
2025-05-18 00:00:00,1.21,-23.16,4.75,0.0,22.08,0.0,0,0
2025-05-18 00:30:00,6.21,16.22,3.25,0.0,22.08,0.0,0,0
2025-05-18 01:00:00,2.69,-4.36,4.21,0.0,22.08,0.0,0,0
2025-05-18 01:30:00,4.18,7.17,4.22,0.0,22.08,0.0,0,0
2025-05-18 02:00:00,8.6,17.43,2.31,0.0,22.08,0.0,0,0
2025-05-18 02:30:00,5.19,-1.64,6.61,0.0,22.08,0.0,0,0
2025-05-18 03:00:00,-3.27,-20.18,4.5,0.0,22.08,0.0,0,0
2025-05-18 03:30:00,7.66,29.52,6.93,0.0,22.08,0.0,0,0
2025-05-18 04:00:00,13.3,24.57,7.1,0.0,22.08,0.0,0,0
2025-05-18 04:30:00,9.52,1.96,3.27,0.0,22.08,0.0,0,0
2025-05-18 05:00:00,12.59,18.75,5.94,0.0,22.08,0.0,0,0
2025-05-18 05:30:00,8.16,-0.71,4.83,0.0,22.08,0.0,0,0
2025-05-18 06:00:00,8.35,8.74,7.28,0.0,22.08,0.0,0,0
2025-05-18 06:30:00,5.94,1.13,3.29,0.0,22.08,0.0,0,0
2025-05-18 07:00:00,4.34,1.13,6.07,0.0,22.08,0.0,0,0
2025-05-18 07:30:00,6.57,11.04,5.65,0.0,22.08,0.0,0,0
2025-05-18 08:00:00,-0.4,-14.35,3.77,0.0,22.08,0.0,0,0
2025-05-18 08:30:00,-0.59,-0.95,2.82,0.0,22.08,0.0,0,0
2025-05-18 09:00:00,3.15,10.63,5.91,0.0,22.08,0.0,0,0
2025-05-18 09:30:00,13.44,34.0,6.43,0.0,22.08,0.0,0,0
2025-05-18 10:00:00,4.42,-13.62,3.89,0.0,22.08,0.0,0,0
2025-05-18 10:30:00,7.5,13.68,5.87,0.0,22.08,0.0,0,0
2025-05-18 11:00:00,9.61,13.82,4.37,0.0,22.08,0.0,0,0
2025-05-18 11:30:00,-0.88,-21.87,6.28,0.0,22.08,0.0,0,0
2025-05-18 12:00:00,2.53,9.35,3.2,5.27,22.08,0.0,0,-1
2025-05-18 12:30:00,8.53,20.55,7.34,6.11,22.08,0.0,0,-1
2025-05-18 13:00:00,9.87,12.55,3.72,4.63,22.08,0.0,0,-1
2025-05-18 13:30:00,7.57,2.95,4.21,11.18,22.08,0.0,0,1
2025-05-18 14:00:00,7.49,7.35,2.35,8.25,22.08,0.0,0,-1
2025-05-18 14:30:00,6.73,5.22,2.67,6.61,22.08,0.0,0,-1
2025-05-18 15:00:00,-2.26,-20.25,5.1,7.16,22.08,0.0,0,1
2025-05-18 15:30:00,0.66,6.51,3.61,11.53,22.08,0.0,0,-1
2025-05-18 16:00:00,0.94,1.51,7.01,4.38,22.08,0.0,0,1
2025-05-18 16:30:00,-2.2,-8.48,2.09,8.28,22.08,0.0,0,1
2025-05-18 17:00:00,12.38,41.55,4.27,7.55,22.08,0.0,0,1
2025-05-18 17:30:00,15.86,22.81,4.02,8.5,22.08,0.0,0,1
2025-05-18 18:00:00,5.53,-15.14,2.12,3.16,22.08,0.0,0,1
2025-05-18 18:30:00,6.33,7.95,2.75,10.85,22.08,0.0,0,-1
2025-05-18 19:00:00,13.01,26.35,4.48,11.39,22.08,0.0,0,-1
2025-05-18 19:30:00,2.84,-17.49,4.96,8.09,22.08,0.0,0,1
2025-05-18 20:00:00,3.76,5.58,4.43,9.27,22.08,0.0,0,1
2025-05-18 20:30:00,4.85,7.05,5.19,11.3,22.08,0.0,0,-1
2025-05-18 21:00:00,-1.28,-13.55,5.57,9.37,22.08,0.0,0,-1
2025-05-18 21:30:00,1.73,7.75,2.06,4.37,22.08,0.0,0,1
2025-05-18 22:00:00,8.33,21.53,4.78,8.19,22.08,0.0,0,-1
2025-05-18 22:30:00,15.69,30.4,7.78,8.46,22.08,0.0,0,-1
2025-05-18 23:00:00,10.92,1.37,5.11,6.82,22.08,0.0,0,1
2025-05-18 23:30:00,21.81,43.59,6.07,9.63,22.08,0.0,0,-1
2025-05-19 00:00:00,5.54,-27.0,3.87,11.41,22.08,0.0,0,-1
2025-05-19 00:30:00,7.69,11.99,6.64,11.33,22.08,0.0,0,-1
2025-05-19 01:00:00,0.28,-14.55,6.64,7.06,22.08,0.0,0,-1
2025-05-19 01:30:00,2.34,6.48,5.13,4.02,22.08,0.0,0,1
2025-05-19 02:00:00,1.57,0.03,7.86,11.86,22.08,0.0,0,-1
2025-05-19 02:30:00,4.5,10.36,2.75,10.55,22.08,0.0,0,1
2025-05-19 03:00:00,3.07,0.2,2.1,4.12,22.08,0.0,0,-1
2025-05-19 03:30:00,0.12,-5.77,6.62,11.29,22.08,0.0,0,1
2025-05-19 04:00:00,-1.44,-4.56,6.84,10.83,22.08,0.0,0,1
2025-05-19 04:30:00,9.61,31.71,2.72,7.67,22.08,0.0,0,-1
2025-05-19 05:00:00,9.82,10.25,3.59,8.32,22.08,0.0,0,1
2025-05-19 05:30:00,-1.26,-23.43,2.11,6.59,22.08,0.0,0,1
2025-05-19 06:00:00,3.17,12.02,3.76,3.49,22.08,0.0,0,1
2025-05-19 06:30:00,3.35,3.72,6.64,6.02,22.08,0.0,0,1
2025-05-19 07:00:00,3.96,5.18,5.11,10.23,22.08,0.0,0,1
2025-05-19 07:30:00,8.1,16.39,4.09,3.04,22.08,0.0,0,-1
2025-05-19 08:00:00,12.73,21.98,4.23,0.23,22.08,0.0,0,0
2025-05-19 08:30:00,4.86,-10.87,2.01,0.83,22.08,0.0,0,0
2025-05-19 09:00:00,4.36,3.35,3.8,1.73,22.08,0.0,0,0
2025-05-19 09:30:00,2.13,-2.31,5.88,1.85,22.08,0.0,0,0
2025-05-19 10:00:00,7.02,16.8,7.85,0.93,22.08,0.0,0,0
2025-05-19 10:30:00,5.88,3.6,7.08,0.96,22.08,0.0,0,0
2025-05-19 11:00:00,4.78,2.58,2.14,1.84,22.08,0.0,0,0
2025-05-19 11:30:00,4.3,3.34,7.39,1.17,22.08,0.0,0,0
2025-05-19 12:00:00,4.57,5.11,6.7,0.07,22.08,0.0,0,0
2025-05-19 12:30:00,13.8,32.25,6.68,1.83,22.08,0.0,0,0
2025-05-19 13:00:00,22.73,40.61,4.75,0.5,22.08,0.0,0,0
2025-05-19 13:30:00,18.5,10.04,4.39,1.16,22.08,0.0,0,0
2025-05-19 14:00:00,13.11,2.32,3.82,0.33,22.08,0.0,0,0
2025-05-19 14:30:00,1.56,-21.54,2.39,0.07,22.08,0.0,0,0
2025-05-19 15:00:00,-1.64,-8.04,3.37,0.62,22.08,0.0,0,0
2025-05-19 15:30:00,-0.57,1.58,3.48,1.56,22.08,0.0,0,0
2025-05-19 16:00:00,-2.32,-5.82,4.9,0.56,22.08,0.0,0,0
2025-05-19 16:30:00,-2.43,-2.66,6.48,0.44,22.08,0.0,0,0
2025-05-19 17:00:00,7.87,28.47,4.84,0.43,22.08,0.0,0,0
2025-05-19 17:30:00,6.17,2.78,2.35,1.03,22.08,0.0,0,0
2025-05-19 18:00:00,7.29,9.52,7.75,1.95,22.08,0.0,0,0
2025-05-19 18:30:00,4.04,-2.46,7.66,0.92,22.08,0.0,0,0
2025-05-19 19:00:00,10.82,24.37,6.71,1.11,22.08,0.0,0,0
2025-05-19 19:30:00,8.8,4.76,7.95,1.72,22.08,0.0,0,0
2025-05-19 20:00:00,5.02,-2.55,5.27,1.07,22.08,0.0,0,0
2025-05-19 20:30:00,-1.97,-15.93,7.78,0.37,22.08,0.0,0,0
2025-05-19 21:00:00,-0.8,1.54,2.45,0.6,22.08,0.0,0,0
2025-05-19 21:30:00,-1.89,-4.09,4.19,0.62,22.08,0.0,0,0
2025-05-19 22:00:00,8.28,28.62,3.35,0.79,22.08,0.0,0,0
2025-05-19 22:30:00,15.8,30.83,3.17,0.85,22.08,0.0,0,0
2025-05-19 23:00:00,5.3,-15.68,2.84,1.6,22.08,0.0,0,0
2025-05-19 23:30:00,-0.16,-11.1,5.73,0.7,22.08,0.0,0,0
2025-05-20 00:00:00,0.74,2.54,6.69,0.94,22.08,0.0,0,0
2025-05-20 00:30:00,-1.76,-6.77,5.47,1.25,22.08,0.0,0,0
2025-05-20 01:00:00,0.87,6.14,2.88,0.76,22.08,0.0,0,0
2025-05-20 01:30:00,1.24,1.97,6.87,1.67,22.08,0.0,0,0
2025-05-20 02:00:00,4.17,10.02,5.82,1.17,22.08,0.0,0,0
2025-05-20 02:30:00,9.3,19.57,4.33,0.59,22.08,0.0,0,0
2025-05-20 03:00:00,2.89,-9.92,6.04,1.43,22.08,0.0,0,0
2025-05-20 03:30:00,8.09,18.49,3.56,1.06,22.08,0.0,0,0
2025-05-20 04:00:00,3.11,-6.86,4.07,6.97,22.08,0.0,0,1
2025-05-20 04:30:00,15.32,39.73,7.5,6.61,22.08,0.0,0,1
2025-05-20 05:00:00,19.56,28.06,3.74,8.04,22.08,0.0,0,-1
2025-05-20 05:30:00,14.08,3.12,4.82,4.4,22.08,0.0,0,-1
2025-05-20 06:00:00,7.02,-7.11,7.34,4.64,22.08,0.0,0,1
2025-05-20 06:30:00,0.99,-11.08,6.25,10.76,22.08,0.0,0,-1
2025-05-20 07:00:00,5.82,15.48,2.37,11.52,22.08,0.0,0,-1
2025-05-20 07:30:00,4.69,2.43,2.88,6.36,22.08,0.0,0,-1
2025-05-20 08:00:00,8.44,15.95,2.05,5.44,22.08,0.0,0,-1
2025-05-20 08:30:00,18.58,38.85,5.79,8.8,22.08,0.0,0,-1
2025-05-20 09:00:00,10.09,-6.87,4.69,6.68,22.08,0.0,0,-1
2025-05-20 09:30:00,1.51,-15.65,2.81,3.23,22.08,0.0,0,1
2025-05-20 10:00:00,4.56,10.64,7.75,4.41,22.08,0.0,0,1
2025-05-20 10:30:00,10.49,22.35,5.18,9.44,22.08,0.0,0,-1
2025-05-20 11:00:00,3.44,-10.66,3.45,8.93,22.08,0.0,0,-1
2025-05-20 11:30:00,4.13,5.52,5.0,3.24,22.08,0.0,0,1
2025-05-20 12:00:00,11.63,26.63,6.08,5.0,22.08,0.0,0,-1
2025-05-20 12:30:00,0.41,-22.04,2.46,5.08,22.08,0.0,0,1
2025-05-20 13:00:00,2.67,7.18,3.65,9.05,22.08,0.0,0,-1
2025-05-20 13:30:00,1.36,-1.26,6.84,3.18,22.08,0.0,0,1
2025-05-20 14:00:00,3.11,6.62,4.76,3.94,22.08,0.0,0,1
2025-05-20 14:30:00,7.38,15.93,5.28,10.2,22.08,0.0,0,-1
2025-05-20 15:00:00,7.56,7.91,4.6,4.61,22.08,0.0,0,-1
2025-05-20 15:30:00,0.74,-12.89,2.26,8.87,22.08,0.0,0,-1
2025-05-20 16:00:00,-1.01,-4.52,2.99,5.14,22.08,0.0,0,-1
2025-05-20 16:30:00,8.02,26.07,4.67,3.89,22.08,0.0,0,1
2025-05-20 17:00:00,8.07,8.19,3.26,5.19,22.08,0.0,0,-1
2025-05-20 17:30:00,10.35,14.9,2.3,9.5,22.08,0.0,0,1
2025-05-20 18:00:00,10.51,10.82,7.06,10.7,22.08,0.0,0,-1
2025-05-20 18:30:00,13.68,20.02,7.89,10.47,22.08,0.0,0,1
2025-05-20 19:00:00,9.39,0.82,6.76,6.57,22.08,0.0,0,-1
2025-05-20 19:30:00,4.8,-4.39,7.12,9.01,22.08,0.0,0,-1
2025-05-20 20:00:00,8.17,14.91,3.45,4.84,22.08,0.0,0,1
2025-05-20 20:30:00,13.67,24.67,7.76,5.64,22.08,0.0,0,-1
2025-05-20 21:00:00,5.6,-10.53,3.18,11.07,22.08,0.0,0,-1
2025-05-20 21:30:00,3.42,-0.93,7.71,3.12,22.08,0.0,0,-1
2025-05-20 22:00:00,4.12,5.52,7.97,3.77,22.08,0.0,0,-1
2025-05-20 22:30:00,12.94,30.57,6.27,4.87,22.08,0.0,0,-1
2025-05-20 23:00:00,14.07,16.33,7.89,3.24,22.08,0.0,0,1
2025-05-20 23:30:00,4.57,-14.44,5.42,4.63,22.08,0.0,0,-1
2025-05-21 00:00:00,3.76,2.16,3.56,0.84,22.08,0.0,0,0
2025-05-21 00:30:00,2.82,0.93,4.62,1.79,22.08,0.0,0,0
2025-05-21 01:00:00,-2.13,-12.04,5.56,1.63,22.08,0.0,0,0
2025-05-21 01:30:00,-1.13,0.87,2.44,0.68,22.08,0.0,0,0
2025-05-21 02:00:00,-0.29,1.38,5.73,0.52,22.08,0.0,0,0
2025-05-21 02:30:00,0.62,2.46,7.89,0.76,22.08,0.0,0,0
2025-05-21 03:00:00,-0.57,-2.97,3.14,1.18,22.08,0.0,0,0
2025-05-21 03:30:00,9.23,28.83,6.76,0.54,22.08,0.0,0,0
2025-05-21 04:00:00,6.82,1.99,7.45,1.25,22.08,0.0,0,0
2025-05-21 04:30:00,7.35,8.41,7.66,0.82,22.08,0.0,0,0
2025-05-21 05:00:00,7.19,6.88,7.76,1.1,22.08,0.0,0,0
2025-05-21 05:30:00,3.98,-2.45,5.13,0.87,22.08,0.0,0,0
2025-05-21 06:00:00,5.67,9.06,7.86,0.59,22.08,0.0,0,0
2025-05-21 06:30:00,6.29,7.52,6.54,1.9,22.08,0.0,0,0
2025-05-21 07:00:00,5.58,4.17,2.97,1.53,22.08,0.0,0,0
2025-05-21 07:30:00,1.05,-8.03,4.86,0.28,22.08,0.0,0,0
2025-05-21 08:00:00,1.77,3.22,6.31,1.74,22.08,0.0,0,0
2025-05-21 08:30:00,6.14,14.89,3.48,0.97,22.08,0.0,0,0
2025-05-21 09:00:00,5.14,3.15,5.84,1.79,22.08,0.0,0,0
2025-05-21 09:30:00,6.24,8.43,6.0,1.6,22.08,0.0,0,0
2025-05-21 10:00:00,5.99,5.48,2.98,0.85,25.0,0.0,0,0
2025-05-21 10:30:00,7.87,11.65,5.39,0.04,25.0,0.0,0,0
2025-05-21 11:00:00,10.25,15.01,6.63,0.54,25.0,0.0,0,0
2025-05-21 11:30:00,7.63,2.38,4.99,1.08,25.0,0.0,0,0
2025-05-21 12:00:00,1.22,-11.6,2.07,1.27,25.0,0.0,0,0
2025-05-21 12:30:00,-4.6,-16.23,2.05,0.52,25.0,0.0,0,0
2025-05-21 13:00:00,3.41,19.41,4.14,0.28,25.0,0.0,0,0
2025-05-21 13:30:00,8.64,19.11,7.56,1.67,25.0,0.0,0,0
2025-05-21 14:00:00,10.13,13.11,3.37,1.97,25.0,0.0,0,0
2025-05-21 14:30:00,12.75,17.97,5.81,1.05,25.0,0.0,0,0
2025-05-21 15:00:00,8.8,0.91,3.33,0.34,25.0,0.0,0,0
2025-05-21 15:30:00,4.05,-5.44,3.93,0.54,25.0,0.0,0,0
2025-05-21 16:00:00,0.16,-7.62,7.09,0.04,25.0,0.0,0,0
2025-05-21 16:30:00,-3.21,-9.97,6.37,1.83,25.0,0.0,0,0
2025-05-21 17:00:00,4.78,20.75,2.57,0.24,25.0,0.0,0,0
2025-05-21 17:30:00,2.24,-2.82,4.57,1.15,25.0,0.0,0,0
2025-05-21 18:00:00,7.49,18.0,2.18,0.55,25.0,0.0,0,0
2025-05-21 18:30:00,5.69,2.08,4.89,1.11,25.0,0.0,0,0
2025-05-21 19:00:00,2.4,-4.17,5.97,1.3,25.0,0.0,0,0
2025-05-21 19:30:00,-2.97,-13.7,2.71,1.66,25.0,0.0,0,0
2025-05-21 20:00:00,-3.67,-5.09,3.73,0.0,25.0,0.0,0,0
2025-05-21 20:30:00,6.1,25.66,4.39,0.0,25.0,0.0,0,0
2025-05-21 21:00:00,1.15,-8.75,7.52,0.0,25.0,0.0,0,0
2025-05-21 21:30:00,14.01,39.71,7.96,0.0,25.0,0.0,0,0
2025-05-21 22:00:00,5.89,-10.34,2.27,0.0,25.0,0.0,0,0
2025-05-21 22:30:00,9.87,17.82,6.57,0.0,25.0,0.0,0,0
2025-05-21 23:00:00,7.26,2.05,4.23,0.0,25.0,0.0,0,0
2025-05-21 23:30:00,4.69,-0.45,4.35,0.0,25.0,0.0,0,0
2025-05-22 00:00:00,-1.06,-12.55,6.53,0.0,25.0,0.0,0,0
2025-05-22 00:30:00,1.31,6.03,7.51,0.0,25.0,0.0,0,0
2025-05-22 01:00:00,-2.35,-9.67,7.71,0.0,25.0,0.0,0,0
2025-05-22 01:30:00,-8.15,-19.76,5.46,0.0,25.0,0.0,0,0
2025-05-22 02:00:00,-3.46,5.94,4.14,0.0,25.0,0.0,0,0
2025-05-22 02:30:00,-3.24,-2.81,6.73,0.0,25.0,0.0,0,0
2025-05-22 03:00:00,7.43,28.77,3.51,0.0,25.0,0.0,0,0
2025-05-22 03:30:00,11.75,20.38,5.38,0.0,25.0,0.0,0,0
2025-05-22 04:00:00,17.7,29.61,4.15,0.0,25.0,0.0,0,0
2025-05-22 04:30:00,10.38,-4.27,5.94,0.0,25.0,0.0,0,0
2025-05-22 05:00:00,8.75,5.48,3.44,0.0,25.0,0.0,0,0
2025-05-22 05:30:00,-6.22,-36.16,3.15,0.0,25.0,0.0,0,0
2025-05-22 06:00:00,-3.05,3.28,7.51,0.0,25.0,0.0,0,0
2025-05-22 06:30:00,-0.67,4.09,2.61,0.0,25.0,0.0,0,0
2025-05-22 07:00:00,2.0,7.35,5.04,0.0,25.0,0.0,0,0
2025-05-22 07:30:00,2.23,2.69,3.33,0.0,25.0,0.0,0,0
2025-05-22 08:00:00,2.56,3.23,2.23,0.0,25.0,0.0,0,0
2025-05-22 08:30:00,-11.12,-38.48,2.22,0.0,25.0,0.0,0,0
2025-05-22 09:00:00,-5.11,6.89,3.05,0.0,25.0,0.0,0,0
2025-05-22 09:30:00,1.41,14.45,7.2,0.0,25.0,0.0,0,0
2025-05-22 10:00:00,8.86,23.77,3.69,0.0,25.0,0.0,0,0
2025-05-22 10:30:00,10.32,13.23,7.7,0.0,25.0,0.0,0,0
2025-05-22 11:00:00,8.06,3.53,5.49,0.0,25.0,0.0,0,0
2025-05-22 11:30:00,12.43,21.19,4.62,0.0,25.0,0.0,0,0
2025-05-22 12:00:00,-1.67,-29.88,5.48,0.0,25.0,0.0,0,0
2025-05-22 12:30:00,-1.99,-2.62,5.1,0.0,25.0,0.0,0,0
2025-05-22 13:00:00,-2.97,-4.93,6.55,0.0,25.0,0.0,0,0
2025-05-22 13:30:00,-0.92,3.18,3.69,0.0,25.0,0.0,0,0
2025-05-22 14:00:00,-10.23,-28.86,4.12,0.0,25.0,0.0,0,0
2025-05-22 14:30:00,2.23,27.16,7.36,0.0,25.0,0.0,0,0
2025-05-22 15:00:00,2.8,3.93,7.68,0.0,25.0,0.0,0,0
2025-05-22 15:30:00,5.91,12.14,7.36,0.0,25.0,0.0,0,0
2025-05-22 16:00:00,6.56,7.86,4.52,0.02,25.0,0.0,0,0
2025-05-22 16:30:00,12.91,25.62,6.68,0.27,25.0,0.0,0,0
2025-05-22 17:00:00,0.92,-23.07,4.86,1.8,25.0,0.0,0,0
2025-05-22 17:30:00,2.84,6.67,4.99,1.75,25.0,0.0,0,0
2025-05-22 18:00:00,8.7,20.42,3.23,1.19,25.0,0.0,0,0
2025-05-22 18:30:00,7.16,4.08,5.55,1.2,25.0,0.0,0,0
2025-05-22 19:00:00,1.05,-11.15,3.12,1.33,25.0,0.0,0,0
2025-05-22 19:30:00,-0.99,-5.07,3.99,0.35,25.0,0.0,0,0
2025-05-22 20:00:00,-0.25,1.24,7.13,1.83,25.0,0.0,0,0
2025-05-22 20:30:00,-2.69,-7.57,3.24,0.84,25.0,0.0,0,0
2025-05-22 21:00:00,-1.75,0.13,2.43,0.77,25.0,0.0,0,0
2025-05-22 21:30:00,7.18,25.04,2.41,1.04,25.0,0.0,0,0
2025-05-22 22:00:00,4.35,-1.32,7.64,0.09,25.0,0.0,0,0
2025-05-22 22:30:00,2.14,-2.27,5.04,0.33,25.0,0.0,0,0
2025-05-22 23:00:00,5.21,11.35,4.46,1.48,25.0,0.0,0,0
2025-05-22 23:30:00,4.89,4.24,6.87,0.17,25.0,0.0,0,0
2025-05-23 00:00:00,-1.05,-12.92,7.01,1.21,25.0,0.0,0,0
2025-05-23 00:30:00,0.33,3.08,3.99,0.49,25.0,0.0,0,0
2025-05-23 01:00:00,1.78,4.68,6.16,0.78,25.0,0.0,0,0
2025-05-23 01:30:00,8.27,21.26,6.63,0.58,25.0,0.0,0,0
2025-05-23 02:00:00,2.63,-8.65,5.93,0.71,25.0,0.0,0,0
2025-05-23 02:30:00,7.63,17.64,2.91,1.44,25.0,0.0,0,0
2025-05-23 03:00:00,7.02,5.79,7.26,0.59,25.0,0.0,0,0
2025-05-23 03:30:00,0.88,-11.38,5.23,1.13,25.0,0.0,0,0
2025-05-23 04:00:00,-4.72,-15.94,3.69,0.95,25.0,0.0,0,0
2025-05-23 04:30:00,8.04,33.57,4.55,1.33,25.0,0.0,0,0
2025-05-23 05:00:00,5.3,-0.17,2.23,1.87,25.0,0.0,0,0
2025-05-23 05:30:00,9.14,16.81,2.77,1.47,25.0,0.0,0,0
2025-05-23 06:00:00,-0.25,-19.03,6.59,0.43,25.0,0.0,0,0
2025-05-23 06:30:00,13.69,41.57,2.0,0.06,25.0,0.0,0,0
2025-05-23 07:00:00,15.09,17.9,4.5,0.52,25.0,0.0,0,0
2025-05-23 07:30:00,10.5,1.3,5.14,1.19,25.0,0.0,0,0
2025-05-23 08:00:00,6.24,-2.26,2.33,0.1,25.0,0.0,0,0
2025-05-23 08:30:00,10.45,18.86,7.84,0.99,25.0,0.0,0,0
2025-05-23 09:00:00,11.47,13.51,3.36,1.19,25.0,0.0,0,0
2025-05-23 09:30:00,9.83,6.56,3.83,0.67,25.0,0.0,0,0
2025-05-23 10:00:00,7.89,3.99,3.82,1.54,25.0,0.0,0,0
2025-05-23 10:30:00,9.19,11.8,3.38,0.21,25.0,0.0,0,0
2025-05-23 11:00:00,-1.91,-24.12,2.01,0.15,25.0,0.0,0,0
2025-05-23 11:30:00,-1.01,0.81,6.38,1.46,25.0,0.0,0,0
2025-05-23 12:00:00,-6.3,-16.9,7.8,1.41,25.0,0.0,0,0
2025-05-23 12:30:00,-0.06,12.41,3.35,1.2,25.0,0.0,0,0
2025-05-23 13:00:00,-1.43,-4.16,5.98,0.92,25.0,0.0,0,0
2025-05-23 13:30:00,-6.66,-17.12,6.45,0.15,25.0,0.0,0,0
2025-05-23 14:00:00,-6.05,-4.82,7.09,0.16,25.0,0.0,0,0
2025-05-23 14:30:00,-1.77,6.78,4.54,0.0,25.0,0.0,0,0
2025-05-23 15:00:00,-0.93,0.74,3.82,1.94,25.0,0.0,0,0
2025-05-23 15:30:00,-5.17,-13.65,3.95,0.01,25.0,0.0,0,0
2025-05-23 16:00:00,-9.88,-19.3,6.28,0.21,25.0,0.0,0,0
2025-05-23 16:30:00,-3.92,8.01,6.9,0.63,25.0,0.0,0,0
2025-05-23 17:00:00,-4.49,-5.62,3.09,1.61,25.0,0.0,0,0
2025-05-23 17:30:00,-2.87,0.35,4.23,1.92,25.0,0.0,0,0
2025-05-23 18:00:00,-0.24,5.02,7.41,1.58,25.0,0.0,0,0
2025-05-23 18:30:00,4.27,13.29,6.84,1.38,25.0,0.0,0,0
2025-05-23 19:00:00,9.72,20.61,7.91,1.04,25.0,0.0,0,0
2025-05-23 19:30:00,9.39,8.72,6.53,0.17,25.0,0.0,0,0
2025-05-23 20:00:00,6.11,-0.45,4.36,1.92,25.0,0.0,0,0
2025-05-23 20:30:00,6.04,5.92,5.54,1.52,25.0,0.0,0,0
2025-05-23 21:00:00,4.32,0.88,5.97,1.28,25.0,0.0,0,0
2025-05-23 21:30:00,-4.51,-22.17,2.47,1.52,25.0,0.0,0,0
2025-05-23 22:00:00,4.21,21.65,5.27,1.45,25.0,0.0,0,0
2025-05-23 22:30:00,9.41,19.81,6.26,1.27,25.0,0.0,0,0
2025-05-23 23:00:00,17.22,32.83,3.0,1.96,25.0,0.0,0,0
2025-05-23 23:30:00,25.11,40.89,6.68,1.81,25.0,0.0,0,0
2025-05-24 00:00:00,12.69,-12.14,5.5,1.29,25.0,0.0,0,0
2025-05-24 00:30:00,9.36,2.68,7.71,1.39,25.0,0.0,0,0
2025-05-24 01:00:00,19.55,39.93,2.25,0.1,25.0,0.0,0,0
2025-05-24 01:30:00,14.03,2.98,3.59,1.34,25.0,0.0,0,0
2025-05-24 02:00:00,12.44,9.27,5.61,0.09,25.0,0.0,0,0
2025-05-24 02:30:00,1.95,-19.04,3.78,1.18,25.0,0.0,0,0
2025-05-24 03:00:00,4.15,8.54,6.29,2.0,25.0,0.0,0,0
2025-05-24 03:30:00,14.61,35.53,6.55,1.11,25.0,0.0,0,0
2025-05-24 04:00:00,17.04,21.91,2.62,0.95,25.0,0.0,0,0
2025-05-24 04:30:00,10.01,-4.07,5.08,0.63,25.0,0.0,0,0
2025-05-24 05:00:00,6.37,-0.89,5.05,0.24,25.0,0.0,0,0
2025-05-24 05:30:00,0.0,-12.75,4.22,1.46,25.0,0.0,0,0
2025-05-24 06:00:00,-1.72,-5.17,7.6,0.39,25.0,0.0,0,0
2025-05-24 06:30:00,-8.38,-21.69,6.97,0.23,25.0,0.0,0,0
2025-05-24 07:00:00,-3.95,4.91,6.18,0.84,25.0,0.0,0,0
2025-05-24 07:30:00,7.01,28.94,6.29,1.59,25.0,0.0,0,0
2025-05-24 08:00:00,8.04,10.1,4.77,0.0,25.0,0.0,0,0
2025-05-24 08:30:00,14.7,28.02,7.53,0.0,25.0,0.0,0,0
2025-05-24 09:00:00,17.22,22.27,6.17,0.0,25.0,0.0,0,0
2025-05-24 09:30:00,10.87,-1.83,6.37,0.0,25.0,0.0,0,0
2025-05-24 10:00:00,5.84,-4.22,7.17,0.0,25.0,0.0,0,0
2025-05-24 10:30:00,1.5,-7.17,3.64,0.0,25.0,0.0,0,0
2025-05-24 11:00:00,-5.3,-18.91,6.84,0.0,25.0,0.0,0,0
2025-05-24 11:30:00,-2.32,3.66,3.17,0.0,25.0,0.0,0,0
2025-05-24 12:00:00,-14.71,-39.49,4.07,0.0,25.0,0.0,0,0
2025-05-24 12:30:00,-5.51,12.88,4.01,0.0,25.0,0.0,0,0
2025-05-24 13:00:00,-0.69,8.95,7.87,0.0,25.0,0.0,0,0
2025-05-24 13:30:00,4.28,14.21,7.14,0.0,25.0,0.0,0,0
2025-05-24 14:00:00,10.2,22.06,6.21,0.0,25.0,0.0,0,0
2025-05-24 14:30:00,9.92,9.34,6.36,0.0,25.0,0.0,0,0
2025-05-24 15:00:00,16.56,29.85,5.37,0.0,25.0,0.0,0,0
2025-05-24 15:30:00,16.71,17.01,7.68,0.0,25.0,0.0,0,0
2025-05-24 16:00:00,9.01,-6.38,4.98,0.0,25.0,0.0,0,0
2025-05-24 16:30:00,6.25,0.72,4.28,0.0,25.0,0.0,0,0
2025-05-24 17:00:00,-6.15,-30.94,2.98,0.0,25.0,0.0,0,0
2025-05-24 17:30:00,-6.37,-6.82,6.72,0.0,25.0,0.0,0,0
2025-05-24 18:00:00,-4.02,0.69,6.41,0.0,25.0,0.0,0,0
2025-05-24 18:30:00,1.49,12.5,4.31,0.0,25.0,0.0,0,0
2025-05-24 19:00:00,-2.04,-9.1,2.15,0.0,25.0,0.0,0,0
2025-05-24 19:30:00,-5.25,-11.66,7.03,0.0,25.0,0.0,0,0
2025-05-24 20:00:00,-12.25,-26.24,2.07,0.0,25.0,0.0,0,0
2025-05-24 20:30:00,-9.07,-2.72,6.22,0.0,25.0,0.0,0,0
2025-05-24 21:00:00,6.31,37.08,7.82,0.0,25.0,0.0,0,0
2025-05-24 21:30:00,7.11,8.69,4.63,0.0,25.0,0.0,0,0
2025-05-24 22:00:00,10.57,17.5,3.41,0.0,25.0,0.0,0,0
2025-05-24 22:30:00,4.62,-7.27,6.23,0.0,25.0,0.0,0,0
2025-05-24 23:00:00,-2.48,-16.7,6.9,0.0,25.0,0.0,0,0
2025-05-24 23:30:00,-6.0,-13.04,5.28,0.0,25.0,0.0,0,0
2025-05-25 00:00:00,-1.89,6.35,7.8,0.0,25.0,0.0,0,0
2025-05-25 00:30:00,-10.46,-27.6,2.31,0.0,25.0,0.0,0,0
2025-05-25 01:00:00,-10.33,-10.07,5.03,0.0,25.0,0.0,0,0
2025-05-25 01:30:00,-7.71,-2.48,6.31,0.0,25.0,0.0,0,0
2025-05-25 02:00:00,-9.36,-12.64,7.18,0.0,25.0,0.0,0,0
2025-05-25 02:30:00,-15.83,-28.78,3.08,0.0,25.0,0.0,0,0
2025-05-25 03:00:00,-6.84,11.14,6.8,0.0,25.0,0.0,0,0
2025-05-25 03:30:00,-2.56,6.0,5.32,0.0,25.0,0.0,0,0
2025-05-25 04:00:00,3.65,16.06,4.38,3.49,25.0,0.0,0,1
2025-05-25 04:30:00,-2.19,-13.87,2.79,7.1,25.0,0.0,0,-1
2025-05-25 05:00:00,4.74,18.59,7.19,7.7,25.0,0.0,0,-1
2025-05-25 05:30:00,11.79,25.88,2.94,8.8,25.0,0.0,0,1
2025-05-25 06:00:00,10.45,7.79,3.86,8.85,25.0,0.0,0,1
2025-05-25 06:30:00,5.17,-5.41,3.74,6.28,25.0,0.0,0,1
2025-05-25 07:00:00,6.58,9.4,7.23,8.05,25.0,0.0,0,1
2025-05-25 07:30:00,3.11,-3.83,6.04,7.33,25.0,0.0,0,1
2025-05-25 08:00:00,0.21,-5.58,6.78,10.96,25.0,0.0,0,-1
2025-05-25 08:30:00,4.72,13.75,3.5,7.77,25.0,0.0,0,1
2025-05-25 09:00:00,4.37,3.66,5.75,6.97,25.0,0.0,0,1
2025-05-25 09:30:00,10.75,23.51,5.43,6.64,25.0,0.0,0,-1
2025-05-25 10:00:00,7.29,0.36,7.0,8.15,25.0,0.0,0,-1
2025-05-25 10:30:00,5.63,2.32,7.44,10.24,25.0,0.0,0,1
2025-05-25 11:00:00,1.61,-6.42,2.07,7.85,25.0,0.0,0,1
2025-05-25 11:30:00,-2.51,-10.76,6.04,8.95,25.0,0.0,0,1
2025-05-25 12:00:00,3.17,14.53,2.31,9.64,23.57,1.434,1,-1
2025-05-25 12:30:00,14.81,38.08,5.29,7.68,23.57,0.0,0,1
2025-05-25 13:00:00,9.2,-2.01,3.73,6.84,23.57,0.0,0,-1
2025-05-25 13:30:00,4.01,-6.37,3.84,10.89,23.57,0.0,0,-1
2025-05-25 14:00:00,0.32,-7.06,4.12,6.76,23.57,0.0,0,-1
2025-05-25 14:30:00,-1.28,-4.47,5.73,7.16,23.57,0.0,0,-1
2025-05-25 15:00:00,8.73,28.75,4.0,11.91,23.57,0.0,0,1
2025-05-25 15:30:00,4.36,-4.38,6.4,3.0,23.57,0.0,0,-1
2025-05-25 16:00:00,1.46,-4.35,4.43,4.67,25.0,0.0,0,-1
2025-05-25 16:30:00,-4.43,-16.2,2.41,6.46,25.0,0.0,0,1
2025-05-25 17:00:00,0.75,11.11,6.7,11.39,25.0,0.0,0,-1
2025-05-25 17:30:00,1.4,2.71,3.71,3.63,25.0,0.0,0,1
2025-05-25 18:00:00,-3.22,-12.46,4.6,3.09,25.0,0.0,0,-1
2025-05-25 18:30:00,-4.57,-7.28,6.11,3.47,25.0,0.0,0,1
2025-05-25 19:00:00,5.95,26.99,3.99,3.8,23.52,1.484,1,-1
2025-05-25 19:30:00,4.91,2.83,2.34,3.34,23.52,0.0,0,-1
2025-05-25 20:00:00,5.2,5.77,4.24,7.32,23.52,0.0,0,1
2025-05-25 20:30:00,6.55,9.25,7.67,8.23,23.52,0.0,0,-1
2025-05-25 21:00:00,13.29,26.77,5.85,5.45,23.52,0.0,0,-1
2025-05-25 21:30:00,5.64,-9.65,6.03,6.58,23.52,0.0,0,1
2025-05-25 22:00:00,3.71,-0.15,5.79,3.83,23.52,0.0,0,-1
2025-05-25 22:30:00,2.69,0.66,3.19,6.03,23.52,0.0,0,-1
2025-05-25 23:00:00,-5.31,-21.31,4.51,7.7,23.52,0.0,0,1
2025-05-25 23:30:00,-5.95,-7.24,6.51,9.59,23.52,0.0,0,1
2025-05-26 00:00:00,2.14,18.31,2.61,0.22,23.52,0.0,0,0
2025-05-26 00:30:00,6.45,15.07,3.67,0.71,23.52,0.0,0,0
2025-05-26 01:00:00,10.2,17.71,3.66,0.57,23.52,0.0,0,0
2025-05-26 01:30:00,5.39,-4.24,4.59,0.59,23.52,0.0,0,0
2025-05-26 02:00:00,3.89,0.9,7.88,0.47,23.52,0.0,0,0
2025-05-26 02:30:00,-5.55,-24.42,2.41,0.08,23.52,0.0,0,0
2025-05-26 03:00:00,2.67,19.09,5.11,0.04,23.52,0.0,0,0
2025-05-26 03:30:00,8.29,19.53,3.08,1.98,23.52,0.0,0,0
2025-05-26 04:00:00,13.55,24.08,7.82,0.86,23.52,0.0,0,0
2025-05-26 04:30:00,17.95,26.74,2.68,0.77,23.52,0.0,0,0
2025-05-26 05:00:00,15.55,10.75,4.42,1.36,23.52,0.0,0,0
2025-05-26 05:30:00,20.29,29.78,6.43,0.44,23.52,0.0,0,0
2025-05-26 06:00:00,14.6,3.22,6.23,1.9,23.52,0.0,0,0
2025-05-26 06:30:00,2.41,-21.97,4.54,1.57,23.52,0.0,0,0
2025-05-26 07:00:00,7.27,16.99,4.08,0.18,23.52,0.0,0,0
2025-05-26 07:30:00,-2.71,-22.67,4.39,0.84,23.52,0.0,0,0
2025-05-26 08:00:00,0.24,6.14,3.59,1.76,23.52,0.0,0,0
2025-05-26 08:30:00,6.01,17.56,3.23,1.89,23.52,0.0,0,0
2025-05-26 09:00:00,7.26,9.76,4.9,0.93,23.52,0.0,0,0
2025-05-26 09:30:00,17.44,37.78,3.61,1.23,23.52,0.0,0,0
2025-05-26 10:00:00,3.04,-25.76,3.72,0.33,23.52,0.0,0,0
2025-05-26 10:30:00,3.59,4.7,5.94,1.98,23.52,0.0,0,0
2025-05-26 11:00:00,5.08,8.07,7.81,0.46,23.52,0.0,0,0
2025-05-26 11:30:00,-1.46,-14.54,5.62,1.89,23.52,0.0,0,0
2025-05-26 12:00:00,-5.92,-14.84,2.46,1.3,23.52,0.0,0,0
2025-05-26 12:30:00,-7.35,-10.22,2.45,1.22,23.52,0.0,0,0
2025-05-26 13:00:00,-7.83,-8.79,7.71,1.03,23.52,0.0,0,0
2025-05-26 13:30:00,-4.5,2.16,3.78,0.46,23.52,0.0,0,0
2025-05-26 14:00:00,-5.16,-6.49,2.55,0.35,23.52,0.0,0,0
2025-05-26 14:30:00,0.01,10.36,5.59,0.44,23.52,0.0,0,0
2025-05-26 15:00:00,5.17,15.48,5.74,0.37,23.52,0.0,0,0
2025-05-26 15:30:00,8.32,14.62,5.89,1.56,23.52,0.0,0,0
2025-05-26 16:00:00,4.7,-2.55,3.6,0.7,23.52,0.0,0,0
2025-05-26 16:30:00,5.25,6.36,2.09,0.12,23.52,0.0,0,0
2025-05-26 17:00:00,11.27,23.32,7.79,1.94,23.52,0.0,0,0
2025-05-26 17:30:00,10.91,10.19,3.51,1.77,23.52,0.0,0,0
2025-05-26 18:00:00,18.59,33.94,6.06,1.86,23.52,0.0,0,0
2025-05-26 18:30:00,19.38,20.97,6.24,1.99,23.52,0.0,0,0
2025-05-26 19:00:00,23.4,31.44,5.66,0.35,23.52,0.0,0,0
2025-05-26 19:30:00,4.43,-33.51,3.88,0.79,23.52,0.0,0,0
2025-05-26 20:00:00,4.65,5.08,3.63,7.42,23.52,0.0,0,1
2025-05-26 20:30:00,3.34,0.73,5.59,11.97,23.52,0.0,0,1
2025-05-26 21:00:00,4.0,5.32,7.2,11.08,23.52,0.0,0,1
2025-05-26 21:30:00,1.2,-4.39,7.68,7.17,23.52,0.0,0,-1
2025-05-26 22:00:00,3.66,8.58,2.64,8.61,22.98,0.536,1,1
2025-05-26 22:30:00,-5.62,-24.2,2.93,9.73,22.98,0.0,0,-1
2025-05-26 23:00:00,0.82,13.72,7.67,3.31,21.93,1.053,1,1
2025-05-26 23:30:00,-1.17,-5.16,6.42,11.05,21.93,0.0,0,-1
2025-05-27 00:00:00,-0.85,-0.21,7.3,10.74,21.93,0.0,0,-1
2025-05-27 00:30:00,2.7,9.79,3.22,7.12,21.93,0.0,0,1
2025-05-27 01:00:00,4.03,6.71,5.53,6.52,21.93,0.0,0,-1
2025-05-27 01:30:00,10.03,22.02,6.21,5.46,21.93,0.0,0,-1
2025-05-27 02:00:00,3.86,-8.46,6.08,7.29,21.93,0.0,0,1
2025-05-27 02:30:00,3.66,3.24,4.45,3.4,21.93,0.0,0,1
2025-05-27 03:00:00,7.58,15.42,2.09,10.67,21.93,0.0,0,1
2025-05-27 03:30:00,8.69,10.92,5.5,3.32,21.93,0.0,0,1
2025-05-27 04:00:00,9.09,9.9,3.52,5.96,21.93,0.0,0,-1
2025-05-27 04:30:00,13.17,21.32,4.7,11.38,21.08,0.849,1,-1
2025-05-27 05:00:00,9.33,1.65,7.75,9.62,21.08,0.0,0,-1
2025-05-27 05:30:00,4.6,-4.86,4.39,5.53,21.08,0.0,0,-1
2025-05-27 06:00:00,8.29,15.68,7.04,5.27,21.08,0.0,0,-1
2025-05-27 06:30:00,5.83,0.89,3.13,3.05,21.08,0.0,0,-1
2025-05-27 07:00:00,11.51,22.87,6.03,9.26,21.08,0.0,0,1
2025-05-27 07:30:00,12.14,13.41,7.86,3.44,21.08,0.0,0,-1
2025-05-27 08:00:00,5.85,-6.74,2.61,7.79,21.08,0.0,0,-1
2025-05-27 08:30:00,6.27,7.13,2.05,11.66,21.08,0.0,0,-1
2025-05-27 09:00:00,1.2,-8.94,4.6,3.99,21.08,0.0,0,1
2025-05-27 09:30:00,6.39,16.76,2.56,11.05,21.08,0.0,0,1
2025-05-27 10:00:00,-0.56,-14.47,6.49,11.92,21.08,0.0,0,1
2025-05-27 10:30:00,8.23,25.82,7.49,3.55,21.08,0.0,0,1
2025-05-27 11:00:00,8.63,9.42,4.6,10.95,21.08,0.0,0,-1
2025-05-27 11:30:00,6.11,1.08,3.55,7.64,21.08,0.0,0,-1
2025-05-27 12:00:00,9.43,16.06,4.61,11.16,21.08,0.0,0,-1
2025-05-27 12:30:00,10.95,14.01,6.34,8.14,21.08,0.0,0,1
2025-05-27 13:00:00,14.64,22.01,2.05,8.96,21.08,0.0,0,-1
2025-05-27 13:30:00,18.21,25.35,5.54,7.89,21.08,0.0,0,-1
2025-05-27 14:00:00,15.8,10.96,5.68,10.78,21.08,0.0,0,-1
2025-05-27 14:30:00,8.11,-7.25,5.83,9.61,21.08,0.0,0,1
2025-05-27 15:00:00,3.85,-4.67,3.45,7.69,25.0,0.0,0,1
2025-05-27 15:30:00,4.3,5.21,6.28,10.81,25.0,0.0,0,1
2025-05-27 16:00:00,9.13,18.77,2.55,0.31,25.0,0.0,0,0
2025-05-27 16:30:00,4.87,-3.65,3.2,0.32,25.0,0.0,0,0
2025-05-27 17:00:00,3.8,1.67,7.26,0.67,25.0,0.0,0,0
2025-05-27 17:30:00,13.92,34.16,6.43,0.48,25.0,0.0,0,0
2025-05-27 18:00:00,9.45,0.52,2.08,1.86,25.0,0.0,0,0
2025-05-27 18:30:00,4.29,-6.03,3.49,0.21,25.0,0.0,0,0
2025-05-27 19:00:00,7.84,14.94,3.29,1.4,25.0,0.0,0,0
2025-05-27 19:30:00,6.15,2.78,3.62,0.38,25.0,0.0,0,0
2025-05-27 20:00:00,-1.68,-17.36,3.49,1.76,25.0,0.0,0,0
2025-05-27 20:30:00,4.87,17.99,2.38,1.92,25.0,0.0,0,0
2025-05-27 21:00:00,1.1,-6.45,4.75,0.93,25.0,0.0,0,0
2025-05-27 21:30:00,3.08,7.05,6.4,1.76,25.0,0.0,0,0
2025-05-27 22:00:00,3.59,4.62,5.64,0.01,25.0,0.0,0,0
2025-05-27 22:30:00,5.56,9.49,6.04,1.64,25.0,0.0,0,0
2025-05-27 23:00:00,-6.42,-30.38,2.49,0.46,25.0,0.0,0,0
2025-05-27 23:30:00,-3.39,2.68,7.71,1.82,25.0,0.0,0,0
2025-05-28 00:00:00,5.71,23.9,7.03,0.0,25.0,0.0,0,0
2025-05-28 00:30:00,12.41,25.81,6.83,1.11,25.0,0.0,0,0
2025-05-28 01:00:00,5.63,-7.93,6.94,1.51,25.0,0.0,0,0
2025-05-28 01:30:00,10.89,21.41,7.6,0.52,25.0,0.0,0,0
2025-05-28 02:00:00,5.21,-6.16,5.27,0.39,25.0,0.0,0,0
2025-05-28 02:30:00,2.67,-2.42,3.2,0.17,25.0,0.0,0,0
2025-05-28 03:00:00,2.07,0.87,5.7,0.65,25.0,0.0,0,0
2025-05-28 03:30:00,4.07,8.09,6.46,1.12,25.0,0.0,0,0
2025-05-28 04:00:00,9.87,21.45,6.43,0.23,25.0,0.0,0,0
2025-05-28 04:30:00,9.61,9.1,5.13,0.75,25.0,0.0,0,0
2025-05-28 05:00:00,6.58,0.52,2.41,0.02,25.0,0.0,0,0
2025-05-28 05:30:00,10.63,18.74,4.23,1.64,25.0,0.0,0,0
2025-05-28 06:00:00,5.58,-4.52,7.52,0.26,25.0,0.0,0,0
2025-05-28 06:30:00,5.17,4.35,5.51,0.57,25.0,0.0,0,0
2025-05-28 07:00:00,10.17,20.17,5.23,0.04,25.0,0.0,0,0
2025-05-28 07:30:00,10.63,11.55,3.61,0.86,25.0,0.0,0,0
2025-05-28 08:00:00,6.16,-2.78,4.21,1.68,25.0,0.0,0,0
2025-05-28 08:30:00,-1.0,-15.32,7.37,0.78,25.0,0.0,0,0
2025-05-28 09:00:00,2.89,10.66,6.0,0.36,25.0,0.0,0,0
2025-05-28 09:30:00,-3.73,-16.96,6.72,1.51,25.0,0.0,0,0
2025-05-28 10:00:00,-1.97,1.54,4.73,1.58,25.0,0.0,0,0
2025-05-28 10:30:00,6.51,23.47,5.78,0.35,25.0,0.0,0,0
2025-05-28 11:00:00,8.49,12.44,3.49,1.54,25.0,0.0,0,0
2025-05-28 11:30:00,-2.38,-24.12,6.23,1.89,25.0,0.0,0,0
2025-05-28 12:00:00,0.93,7.57,4.57,1.54,25.0,0.0,0,0
2025-05-28 12:30:00,0.58,-0.13,4.66,1.42,25.0,0.0,0,0
2025-05-28 13:00:00,-4.02,-13.21,5.9,0.95,25.0,0.0,0,0
2025-05-28 13:30:00,1.54,12.64,7.62,0.12,25.0,0.0,0,0
2025-05-28 14:00:00,-0.64,-4.99,2.38,0.15,25.0,0.0,0,0
2025-05-28 14:30:00,-0.54,-0.33,6.95,1.7,25.0,0.0,0,0
2025-05-28 15:00:00,1.51,5.61,3.75,1.98,25.0,0.0,0,0
2025-05-28 15:30:00,-0.57,-4.72,4.66,1.35,25.0,0.0,0,0
2025-05-28 16:00:00,0.81,3.57,2.13,0.89,25.0,0.0,0,0
2025-05-28 16:30:00,-1.16,-5.09,3.81,1.3,25.0,0.0,0,0
2025-05-28 17:00:00,-1.79,-3.06,5.02,1.19,25.0,0.0,0,0
2025-05-28 17:30:00,4.55,17.23,2.34,0.77,25.0,0.0,0,0
2025-05-28 18:00:00,10.16,21.37,4.95,0.13,25.0,0.0,0,0
2025-05-28 18:30:00,0.75,-18.07,7.56,1.64,25.0,0.0,0,0
2025-05-28 19:00:00,5.11,13.84,2.63,0.74,25.0,0.0,0,0
2025-05-28 19:30:00,12.6,27.57,6.59,1.64,25.0,0.0,0,0
2025-05-28 20:00:00,17.67,27.82,4.46,0.51,25.0,0.0,0,0
2025-05-28 20:30:00,16.36,13.74,5.93,0.0,25.0,0.0,0,0
2025-05-28 21:00:00,6.81,-12.3,3.56,0.32,25.0,0.0,0,0
2025-05-28 21:30:00,8.67,12.41,2.96,0.94,25.0,0.0,0,0
2025-05-28 22:00:00,2.42,-10.08,2.96,1.89,25.0,0.0,0,0
2025-05-28 22:30:00,0.71,-2.72,2.42,0.2,25.0,0.0,0,0
2025-05-28 23:00:00,3.43,8.86,3.11,1.71,25.0,0.0,0,0
2025-05-28 23:30:00,0.26,-6.09,5.99,1.05,25.0,0.0,0,0
2025-05-29 00:00:00,-3.13,-9.91,7.29,1.65,25.0,0.0,0,0
2025-05-29 00:30:00,2.54,13.87,6.88,0.6,25.0,0.0,0,0
2025-05-29 01:00:00,13.06,34.12,6.11,1.68,25.0,0.0,0,0
2025-05-29 01:30:00,15.81,21.31,2.66,1.55,25.0,0.0,0,0
2025-05-29 02:00:00,15.32,14.34,3.74,0.46,25.0,0.0,0,0
2025-05-29 02:30:00,16.4,18.55,3.86,0.26,25.0,0.0,0,0
2025-05-29 03:00:00,15.29,13.07,3.5,1.74,25.0,0.0,0,0
2025-05-29 03:30:00,14.14,11.84,5.09,1.93,25.0,0.0,0,0
2025-05-29 04:00:00,15.66,18.69,5.21,0.06,25.0,0.0,0,0
2025-05-29 04:30:00,4.98,-16.38,4.14,1.46,25.0,0.0,0,0
2025-05-29 05:00:00,5.69,7.12,4.12,1.82,25.0,0.0,0,0
2025-05-29 05:30:00,5.71,5.76,6.97,1.71,25.0,0.0,0,0
2025-05-29 06:00:00,6.45,7.92,6.74,1.93,25.0,0.0,0,0
2025-05-29 06:30:00,3.27,-3.07,3.85,1.52,25.0,0.0,0,0
2025-05-29 07:00:00,7.28,15.29,7.48,0.88,25.0,0.0,0,0
2025-05-29 07:30:00,3.34,-4.55,7.72,0.62,25.0,0.0,0,0
2025-05-29 08:00:00,0.87,-4.05,3.96,11.05,25.0,0.0,0,-1
2025-05-29 08:30:00,-1.31,-5.68,4.13,5.07,25.0,0.0,0,-1
2025-05-29 09:00:00,5.12,17.99,5.03,4.92,25.0,0.0,0,-1
2025-05-29 09:30:00,5.91,7.47,7.65,3.28,25.0,0.0,0,-1
2025-05-29 10:00:00,4.05,0.35,7.26,8.87,25.0,0.0,0,1
2025-05-29 10:30:00,1.71,-2.99,2.62,6.32,25.0,0.0,0,-1
2025-05-29 11:00:00,2.61,4.41,4.36,10.78,25.0,0.0,0,1
2025-05-29 11:30:00,11.62,29.65,5.32,7.26,25.0,0.0,0,-1
2025-05-29 12:00:00,3.24,-13.53,5.02,11.71,25.0,0.0,0,1
2025-05-29 12:30:00,6.59,13.3,3.16,4.67,25.0,0.0,0,-1
2025-05-29 13:00:00,9.14,14.23,7.15,10.82,23.69,1.307,1,-1
2025-05-29 13:30:00,3.7,-7.18,6.06,9.99,23.69,0.0,0,1
2025-05-29 14:00:00,12.14,29.03,7.03,9.94,23.69,0.0,0,1
2025-05-29 14:30:00,13.18,15.24,7.15,10.6,23.69,0.0,0,-1
2025-05-29 15:00:00,8.41,-1.13,6.49,9.85,23.69,0.0,0,-1
2025-05-29 15:30:00,-2.15,-23.26,4.64,8.64,23.69,0.0,0,-1
2025-05-29 16:00:00,1.6,9.1,5.66,4.18,23.69,0.0,0,1
2025-05-29 16:30:00,1.83,2.29,2.96,3.29,23.69,0.0,0,-1
2025-05-29 17:00:00,-1.92,-9.42,6.04,11.29,23.69,0.0,0,1
2025-05-29 17:30:00,-5.47,-12.58,3.08,8.55,23.69,0.0,0,-1
2025-05-29 18:00:00,2.75,19.19,6.16,10.17,23.69,0.0,0,-1
2025-05-29 18:30:00,-6.82,-25.96,3.38,7.33,23.69,0.0,0,-1
2025-05-29 19:00:00,-2.07,7.42,2.71,4.06,23.69,0.0,0,-1
2025-05-29 19:30:00,-1.32,0.18,2.99,4.13,23.69,0.0,0,1
2025-05-29 20:00:00,2.27,9.47,2.01,9.17,23.69,0.0,0,1
2025-05-29 20:30:00,2.15,1.9,6.31,6.87,23.69,0.0,0,-1
2025-05-29 21:00:00,5.03,10.79,6.39,4.8,23.69,0.0,0,-1
2025-05-29 21:30:00,1.34,-6.05,5.09,7.42,23.69,0.0,0,-1
2025-05-29 22:00:00,1.63,2.23,2.97,3.58,23.69,0.0,0,1
2025-05-29 22:30:00,4.37,9.84,2.5,8.24,23.69,0.0,0,-1
2025-05-29 23:00:00,4.37,4.38,2.11,5.42,23.69,0.0,0,1
2025-05-29 23:30:00,5.81,8.7,2.99,10.18,23.69,0.0,0,1
2025-05-30 00:00:00,1.68,-6.57,7.35,5.79,23.69,0.0,0,1
2025-05-30 00:30:00,-0.68,-5.41,3.45,7.1,23.69,0.0,0,1
2025-05-30 01:00:00,-1.95,-4.47,4.13,3.1,23.69,0.0,0,-1
2025-05-30 01:30:00,-1.8,-1.52,2.63,3.65,23.69,0.0,0,-1
2025-05-30 02:00:00,6.7,23.71,3.33,6.53,23.69,0.0,0,1
2025-05-30 02:30:00,4.4,-0.2,5.12,7.32,23.69,0.0,0,-1
2025-05-30 03:00:00,-0.9,-11.51,5.65,8.4,23.69,0.0,0,-1
2025-05-30 03:30:00,3.27,11.6,3.47,5.62,22.35,1.344,1,-1
2025-05-30 04:00:00,9.69,22.55,2.35,1.51,22.35,0.0,0,0
2025-05-30 04:30:00,1.6,-14.57,4.35,1.91,22.35,0.0,0,0
2025-05-30 05:00:00,12.07,33.0,3.41,1.82,22.35,0.0,0,0
2025-05-30 05:30:00,11.23,9.54,3.32,1.45,22.35,0.0,0,0
2025-05-30 06:00:00,15.24,23.27,7.76,1.5,22.35,0.0,0,0
2025-05-30 06:30:00,19.4,27.7,5.7,0.29,22.35,0.0,0,0
2025-05-30 07:00:00,19.57,19.93,5.34,0.21,22.35,0.0,0,0
2025-05-30 07:30:00,13.99,2.84,4.49,1.14,22.35,0.0,0,0
2025-05-30 08:00:00,16.94,22.84,4.57,0.04,22.35,0.0,0,0
2025-05-30 08:30:00,14.32,9.06,5.25,0.96,22.35,0.0,0,0
2025-05-30 09:00:00,17.06,22.54,6.18,0.42,22.35,0.0,0,0
2025-05-30 09:30:00,19.44,24.21,6.21,0.69,22.35,0.0,0,0
2025-05-30 10:00:00,8.52,-13.33,3.03,1.55,22.35,0.0,0,0
2025-05-30 10:30:00,11.32,16.92,5.0,1.88,22.35,0.0,0,0
2025-05-30 11:00:00,8.13,1.74,4.47,0.14,22.35,0.0,0,0
2025-05-30 11:30:00,8.52,9.3,7.22,1.07,22.35,0.0,0,0
2025-05-30 12:00:00,8.24,7.69,5.79,1.77,22.35,0.0,0,0
2025-05-30 12:30:00,7.66,6.5,5.2,0.17,22.35,0.0,0,0
2025-05-30 13:00:00,13.62,25.55,2.69,1.65,22.35,0.0,0,0
2025-05-30 13:30:00,4.13,-14.86,5.63,0.72,22.35,0.0,0,0
2025-05-30 14:00:00,-4.96,-23.13,2.7,0.64,22.35,0.0,0,0
2025-05-30 14:30:00,-11.63,-24.98,4.02,1.95,22.35,0.0,0,0
2025-05-30 15:00:00,-1.46,18.89,2.86,0.4,22.35,0.0,0,0
2025-05-30 15:30:00,-2.79,-5.45,6.15,1.39,22.35,0.0,0,0
2025-05-30 16:00:00,-0.12,5.22,3.24,1.64,22.35,0.0,0,0
2025-05-30 16:30:00,0.8,2.63,4.35,0.08,22.35,0.0,0,0
2025-05-30 17:00:00,-1.44,-5.92,7.37,1.34,22.35,0.0,0,0
2025-05-30 17:30:00,4.37,16.0,3.23,1.9,22.35,0.0,0,0
2025-05-30 18:00:00,3.96,3.13,5.05,0.25,22.35,0.0,0,0
2025-05-30 18:30:00,2.96,0.95,4.52,1.79,22.35,0.0,0,0
2025-05-30 19:00:00,3.84,5.6,2.11,1.19,22.35,0.0,0,0
2025-05-30 19:30:00,8.41,17.57,6.76,1.23,22.35,0.0,0,0
2025-05-30 20:00:00,1.62,-11.97,2.41,1.23,22.35,0.0,0,0
2025-05-30 20:30:00,7.06,17.94,4.85,0.6,22.35,0.0,0,0
2025-05-30 21:00:00,13.74,27.11,5.36,1.87,22.35,0.0,0,0
2025-05-30 21:30:00,3.96,-15.62,5.77,1.89,22.35,0.0,0,0
2025-05-30 22:00:00,6.07,10.31,6.13,1.25,22.35,0.0,0,0
2025-05-30 22:30:00,3.7,-1.05,3.52,1.57,22.35,0.0,0,0
2025-05-30 23:00:00,6.65,12.55,2.06,1.22,22.35,0.0,0,0
2025-05-30 23:30:00,0.46,-11.91,6.34,0.97,22.35,0.0,0,0
2025-05-31 00:00:00,10.19,29.65,5.21,0.0,22.35,0.0,0,0
2025-05-31 00:30:00,1.09,-17.1,7.02,0.0,22.35,0.0,0,0
2025-05-31 01:00:00,1.82,3.26,6.93,0.0,22.35,0.0,0,0
2025-05-31 01:30:00,5.74,13.57,7.06,0.0,22.35,0.0,0,0
2025-05-31 02:00:00,2.03,-5.38,4.91,0.0,22.35,0.0,0,0
2025-05-31 02:30:00,-1.53,-8.65,4.0,0.0,22.35,0.0,0,0
2025-05-31 03:00:00,2.34,10.08,6.75,0.0,22.35,0.0,0,0
2025-05-31 03:30:00,3.52,5.87,4.71,0.0,22.35,0.0,0,0
2025-05-31 04:00:00,3.41,3.19,3.1,0.0,22.35,0.0,0,0
2025-05-31 04:30:00,8.94,20.01,7.13,0.0,22.35,0.0,0,0
2025-05-31 05:00:00,6.42,1.38,7.3,0.0,22.35,0.0,0,0
2025-05-31 05:30:00,7.48,9.59,4.8,0.0,22.35,0.0,0,0
2025-05-31 06:00:00,3.27,-5.14,2.45,0.0,22.35,0.0,0,0
2025-05-31 06:30:00,-0.62,-8.41,4.33,0.0,22.35,0.0,0,0
2025-05-31 07:00:00,0.43,2.55,6.82,0.0,22.35,0.0,0,0
2025-05-31 07:30:00,0.27,-0.07,7.41,0.0,22.35,0.0,0,0
2025-05-31 08:00:00,-0.99,-3.51,3.22,0.0,22.35,0.0,0,0
2025-05-31 08:30:00,5.97,19.88,2.4,0.0,22.35,0.0,0,0
2025-05-31 09:00:00,5.13,3.45,7.26,0.0,22.35,0.0,0,0
2025-05-31 09:30:00,1.55,-5.61,4.34,0.0,22.35,0.0,0,0
2025-05-31 10:00:00,2.92,5.67,5.25,0.0,22.35,0.0,0,0
2025-05-31 10:30:00,5.07,9.37,7.81,0.0,22.35,0.0,0,0
2025-05-31 11:00:00,-1.75,-15.4,2.4,0.0,22.35,0.0,0,0
2025-05-31 11:30:00,-0.7,1.41,5.89,0.0,22.35,0.0,0,0
2025-05-31 12:00:00,-1.34,-2.64,2.44,0.0,22.35,0.0,0,0
2025-05-31 12:30:00,-0.34,1.67,4.25,0.0,22.35,0.0,0,0
2025-05-31 13:00:00,5.68,17.71,6.82,0.0,22.35,0.0,0,0
2025-05-31 13:30:00,6.0,6.65,4.6,0.0,22.35,0.0,0,0
2025-05-31 14:00:00,12.8,26.4,7.98,0.0,22.35,0.0,0,0
2025-05-31 14:30:00,10.26,5.18,5.35,0.0,22.35,0.0,0,0
2025-05-31 15:00:00,17.03,30.57,3.93,0.0,22.35,0.0,0,0
2025-05-31 15:30:00,10.16,-3.59,3.32,0.0,22.35,0.0,0,0
2025-05-31 16:00:00,4.29,-7.44,4.1,0.0,22.35,0.0,0,0
2025-05-31 16:30:00,7.01,12.44,4.24,0.0,22.35,0.0,0,0
2025-05-31 17:00:00,12.3,22.87,2.41,0.0,22.35,0.0,0,0
2025-05-31 17:30:00,2.71,-16.46,4.22,0.0,25.0,0.0,0,0
2025-05-31 18:00:00,2.42,1.83,4.79,0.0,25.0,0.0,0,0
2025-05-31 18:30:00,0.67,-2.83,6.34,0.0,25.0,0.0,0,0
2025-05-31 19:00:00,3.14,8.08,5.94,0.0,25.0,0.0,0,0
2025-05-31 19:30:00,4.23,6.4,6.25,0.0,25.0,0.0,0,0
2025-05-31 20:00:00,10.23,22.23,2.05,10.36,25.0,0.0,0,1
2025-05-31 20:30:00,7.38,1.68,3.31,7.07,25.0,0.0,0,-1
2025-05-31 21:00:00,13.78,26.59,5.97,8.79,25.0,0.0,0,-1
2025-05-31 21:30:00,9.25,0.18,4.9,7.74,25.0,0.0,0,-1
2025-05-31 22:00:00,11.48,15.93,2.03,9.58,25.0,0.0,0,-1
2025-05-31 22:30:00,11.07,10.26,6.83,3.73,25.0,0.0,0,-1
2025-05-31 23:00:00,18.24,32.59,6.64,3.54,25.0,0.0,0,-1
2025-05-31 23:30:00,6.54,-16.86,5.29,5.22,25.0,0.0,0,-1
2025-06-01 00:00:00,-0.66,-15.06,2.4,4.44,25.0,0.0,0,-1
2025-06-01 00:30:00,10.92,34.07,6.6,10.85,25.0,0.0,0,-1
2025-06-01 01:00:00,5.45,-5.5,5.5,4.97,25.0,0.0,0,-1
2025-06-01 01:30:00,2.51,-3.36,6.69,11.78,25.0,0.0,0,1
2025-06-01 02:00:00,-0.53,-6.63,6.51,6.03,25.0,0.0,0,-1
2025-06-01 02:30:00,7.66,24.04,6.82,4.64,25.0,0.0,0,1
2025-06-01 03:00:00,0.54,-13.69,5.11,10.11,25.0,0.0,0,-1
2025-06-01 03:30:00,1.42,3.18,2.84,8.93,25.0,0.0,0,1
2025-06-01 04:00:00,1.63,2.04,6.03,7.48,25.0,0.0,0,1
2025-06-01 04:30:00,8.18,21.27,5.72,8.0,25.0,0.0,0,-1
2025-06-01 05:00:00,4.78,-2.0,6.45,9.47,25.0,0.0,0,1
2025-06-01 05:30:00,6.27,9.25,3.02,5.06,25.0,0.0,0,1
2025-06-01 06:00:00,-0.62,-14.4,3.17,11.97,25.0,0.0,0,1
2025-06-01 06:30:00,13.4,41.45,7.34,11.77,25.0,0.0,0,-1
2025-06-01 07:00:00,9.91,2.91,6.5,8.85,25.0,0.0,0,1
2025-06-01 07:30:00,9.13,7.58,7.45,4.8,25.0,0.0,0,1
2025-06-01 08:00:00,16.54,31.37,6.55,9.12,25.0,0.0,0,-1
2025-06-01 08:30:00,9.96,-3.22,5.58,3.65,25.0,0.0,0,1
2025-06-01 09:00:00,16.95,30.94,5.92,3.28,23.88,1.123,1,1
2025-06-01 09:30:00,11.69,1.16,7.33,5.32,23.88,0.0,0,1
2025-06-01 10:00:00,12.97,15.55,5.47,7.16,23.88,0.0,0,-1
2025-06-01 10:30:00,7.72,-2.8,5.79,10.81,23.88,0.0,0,1
2025-06-01 11:00:00,-0.66,-17.4,2.94,9.54,23.88,0.0,0,-1
2025-06-01 11:30:00,3.25,11.06,4.84,9.68,23.88,0.0,0,1
2025-06-01 12:00:00,7.47,15.9,6.3,6.83,23.88,0.0,0,1
2025-06-01 12:30:00,-0.39,-16.11,3.63,6.11,23.88,0.0,0,1
2025-06-01 13:00:00,-0.73,-1.39,3.21,6.34,23.88,0.0,0,1
2025-06-01 13:30:00,6.81,21.89,3.88,11.89,23.39,0.484,1,-1
2025-06-01 14:00:00,8.69,12.45,3.45,3.36,23.39,0.0,0,1
2025-06-01 14:30:00,4.92,-2.64,3.29,10.8,23.39,0.0,0,-1
2025-06-01 15:00:00,1.81,-4.41,4.55,8.21,23.39,0.0,0,1
2025-06-01 15:30:00,13.43,36.67,7.45,6.95,23.39,0.0,0,-1
